"MS.SubClass","MS.Zoning","Lot.Frontage","Lot.Area","Street","Alley","Lot.Shape","Land.Contour","Utilities","Lot.Config","Land.Slope","Neighborhood","Condition.1","Condition.2","Bldg.Type","House.Style","Overall.Qual","Overall.Cond","Year.Built","Year.Remod.Add","Roof.Style","Roof.Matl","Exterior.1st","Exterior.2nd","Mas.Vnr.Type","Mas.Vnr.Area","Exter.Qual","Exter.Cond","Foundation","Bsmt.Qual","Bsmt.Cond","Bsmt.Exposure","BsmtFin.Type.1","BsmtFin.SF.1","BsmtFin.Type.2","BsmtFin.SF.2","Bsmt.Unf.SF","Total.Bsmt.SF","Heating","Heating.QC","Central.Air","Electrical","X1st.Flr.SF","X2nd.Flr.SF","Low.Qual.Fin.SF","Gr.Liv.Area","Bsmt.Full.Bath","Bsmt.Half.Bath","Full.Bath","Half.Bath","Bedroom.AbvGr","Kitchen.AbvGr","Kitchen.Qual","TotRms.AbvGrd","Functional","Fireplaces","Fireplace.Qu","Garage.Type","Garage.Finish","Garage.Cars","Garage.Qual","Garage.Cond","Paved.Drive","Wood.Deck.SF","Open.Porch.SF","Enclosed.Porch","X3Ssn.Porch","Screen.Porch","Pool.Area","Pool.QC","Fence","Misc.Feature","Misc.Val","Mo.Sold","Yr.Sold","SalePrice","Porch.SF","Tot.Bath","House.Age"
"20","RL",141,31770,"Pave","No alley","Other","Lvl","AllPub","Other","Gtl","NAmes","Norm","Norm","1Fam","1Story",6,5,1960,1960,"Other","CompShg","BrkFace","Plywood","Other",112,"TA","TA","CBlock","TA","Other","Other","BLQ",639,"Unf",0,441,1080,"GasA","Other","Y","SBrkr",1656,0,0,1656,1,0,1,0,3,1,"TA",7,"Typ",2,"Gd","Attchd","Fin","2","TA","TA","Other",210,62,0,0,0,0,"No","No fence","None",0,5,2010,215000,62,2,50
"20","Other",80,11622,"Pave","No alley","Reg","Lvl","AllPub","Inside","Gtl","NAmes","Other","Norm","1Fam","1Story",5,6,1961,1961,"Gable","CompShg","VinylSd","VinylSd","None",0,"TA","TA","CBlock","TA","TA","No","Rec",468,"Other",144,270,882,"GasA","TA","Y","SBrkr",896,0,0,896,0,0,1,0,2,1,"TA",5,"Typ",0,"No fireplace","Attchd","Unf","Other","TA","TA","Y",140,0,0,0,120,0,"No","Other","None",0,6,2010,105000,120,1,49
"20","RL",81,14267,"Pave","No alley","Other","Lvl","AllPub","Other","Gtl","NAmes","Norm","Norm","1Fam","1Story",6,6,1958,1958,"Other","CompShg","Wd Sdng","Wd Sdng","Other",108,"TA","TA","CBlock","TA","TA","No","ALQ",923,"Unf",0,406,1329,"GasA","TA","Y","SBrkr",1329,0,0,1329,0,0,1,1,3,1,"Other",6,"Typ",0,"No fireplace","Attchd","Unf","Other","TA","TA","Y",393,36,0,0,0,0,"No","No fence","Other",12500,6,2010,172000,36,1.5,52
"20","RL",93,11160,"Pave","No alley","Reg","Lvl","AllPub","Other","Gtl","NAmes","Norm","Norm","1Fam","1Story",7,5,1968,1968,"Other","CompShg","BrkFace","BrkFace","None",0,"Other","TA","CBlock","TA","TA","No","ALQ",1065,"Unf",0,1045,2110,"GasA","Ex","Y","SBrkr",2110,0,0,2110,1,0,2,1,3,1,"Other",8,"Typ",2,"TA","Attchd","Fin","2","TA","TA","Y",0,0,0,0,0,0,"No","No fence","None",0,4,2010,244000,0,3.5,42
"60","RL",74,13830,"Pave","No alley","Other","Lvl","AllPub","Inside","Gtl","Gilbert","Norm","Norm","1Fam","Other",5,5,1997,1998,"Gable","CompShg","VinylSd","VinylSd","None",0,"TA","TA","PConc","Gd","TA","No","GLQ",791,"Unf",0,137,928,"GasA","Other","Y","SBrkr",928,701,0,1629,0,0,2,1,3,1,"TA",6,"Typ",1,"TA","Attchd","Fin","2","TA","TA","Y",212,34,0,0,0,0,"No","Other","None",0,3,2010,189900,34,2.5,12
"60","RL",78,9978,"Pave","No alley","Other","Lvl","AllPub","Inside","Gtl","Gilbert","Norm","Norm","1Fam","Other",6,6,1998,1998,"Gable","CompShg","VinylSd","VinylSd","Other",20,"TA","TA","PConc","TA","TA","No","GLQ",602,"Unf",0,324,926,"GasA","Ex","Y","SBrkr",926,678,0,1604,0,0,2,1,3,1,"Other",7,"Typ",1,"Gd","Attchd","Fin","2","TA","TA","Y",360,36,0,0,0,0,"No","No fence","None",0,6,2010,195500,36,2.5,12
"120","RL",41,4920,"Pave","No alley","Reg","Lvl","AllPub","Inside","Gtl","StoneBr","Norm","Norm","Other","1Story",8,5,2001,2001,"Gable","CompShg","CemntBd","CmentBd","None",0,"Other","TA","PConc","Gd","TA","Other","GLQ",616,"Unf",0,722,1338,"GasA","Ex","Y","SBrkr",1338,0,0,1338,1,0,2,0,2,1,"Other",6,"Typ",0,"No fireplace","Attchd","Fin","2","TA","TA","Y",0,0,170,0,0,0,"No","No fence","None",0,4,2010,213500,170,3,9
"120","RL",43,5005,"Pave","No alley","Other","Other","AllPub","Inside","Gtl","StoneBr","Norm","Norm","Other","1Story",8,5,1992,1992,"Gable","CompShg","HdBoard","HdBoard","None",0,"Other","TA","PConc","Gd","TA","No","ALQ",263,"Unf",0,1017,1280,"GasA","Ex","Y","SBrkr",1280,0,0,1280,0,0,2,0,2,1,"Other",5,"Typ",0,"No fireplace","Attchd","RFn","2","TA","TA","Y",0,82,0,0,144,0,"No","No fence","None",0,1,2010,191500,226,2,18
"120","RL",39,5389,"Pave","No alley","Other","Lvl","AllPub","Inside","Gtl","StoneBr","Norm","Norm","Other","1Story",8,5,1995,1996,"Gable","CompShg","CemntBd","CmentBd","None",0,"Other","TA","PConc","Gd","TA","No","GLQ",1180,"Unf",0,415,1595,"GasA","Ex","Y","SBrkr",1616,0,0,1616,1,0,2,0,2,1,"Other",5,"Typ",1,"TA","Attchd","RFn","2","TA","TA","Y",237,152,0,0,0,0,"No","No fence","None",0,3,2010,236500,152,3,14
"60","RL",60,7500,"Pave","No alley","Reg","Lvl","AllPub","Inside","Gtl","Gilbert","Norm","Norm","1Fam","Other",7,5,1999,1999,"Gable","CompShg","VinylSd","VinylSd","None",0,"TA","TA","PConc","TA","TA","No","Unf",0,"Unf",0,994,994,"GasA","Other","Y","SBrkr",1028,776,0,1804,0,0,2,1,3,1,"Other",7,"Typ",1,"TA","Attchd","Fin","2","TA","TA","Y",140,60,0,0,0,0,"No","No fence","None",0,6,2010,189000,60,2.5,11
"60","RL",75,10000,"Pave","No alley","Other","Lvl","AllPub","Other","Gtl","Gilbert","Norm","Norm","1Fam","Other",6,5,1993,1994,"Gable","CompShg","HdBoard","HdBoard","None",0,"TA","TA","PConc","Gd","TA","No","Unf",0,"Unf",0,763,763,"GasA","Other","Y","SBrkr",763,892,0,1655,0,0,2,1,3,1,"TA",7,"Typ",1,"TA","Attchd","Fin","2","TA","TA","Y",157,84,0,0,0,0,"No","No fence","None",0,4,2010,175900,84,2.5,16
"20","RL",0,7980,"Pave","No alley","Other","Lvl","AllPub","Inside","Gtl","Gilbert","Norm","Norm","1Fam","1Story",6,7,1992,2007,"Gable","CompShg","HdBoard","HdBoard","None",0,"TA","Other","PConc","Gd","TA","No","ALQ",935,"Unf",0,233,1168,"GasA","Ex","Y","SBrkr",1187,0,0,1187,1,0,2,0,3,1,"TA",6,"Typ",0,"No fireplace","Attchd","Fin","2","TA","TA","Y",483,21,0,0,0,0,"No","Other","Other",500,3,2010,185000,21,3,3
"60","RL",63,8402,"Pave","No alley","Other","Lvl","AllPub","Inside","Gtl","Gilbert","Norm","Norm","1Fam","Other",6,5,1998,1998,"Gable","CompShg","VinylSd","VinylSd","None",0,"TA","TA","PConc","Gd","TA","No","Unf",0,"Unf",0,789,789,"GasA","Other","Y","SBrkr",789,676,0,1465,0,0,2,1,3,1,"TA",7,"Typ",1,"Gd","Attchd","Fin","2","TA","TA","Y",0,75,0,0,0,0,"No","No fence","None",0,5,2010,180400,75,2.5,12
"20","RL",85,10176,"Pave","No alley","Reg","Lvl","AllPub","Inside","Gtl","Gilbert","Norm","Norm","1Fam","1Story",7,5,1990,1990,"Gable","CompShg","HdBoard","HdBoard","None",0,"TA","TA","PConc","Gd","TA","Other","GLQ",637,"Unf",0,663,1300,"GasA","Other","Y","SBrkr",1341,0,0,1341,1,0,1,1,2,1,"Other",5,"Typ",1,"Other","Attchd","Unf","2","TA","TA","Y",192,0,0,0,0,0,"No","No fence","None",0,2,2010,171500,0,2.5,20
"120","RL",0,6820,"Pave","No alley","Other","Lvl","AllPub","Other","Gtl","StoneBr","Norm","Norm","Other","1Story",8,5,1985,1985,"Gable","CompShg","HdBoard","HdBoard","None",0,"Other","TA","PConc","Gd","TA","Other","GLQ",368,"Other",1120,0,1488,"GasA","TA","Y","SBrkr",1502,0,0,1502,1,0,1,1,1,1,"Other",4,"Typ",0,"No fireplace","Attchd","RFn","2","TA","TA","Y",0,54,0,0,140,0,"No","No fence","None",0,6,2010,212000,194,2.5,25
"60","RL",47,53504,"Pave","No alley","Other","Other","AllPub","Other","Other","StoneBr","Norm","Norm","1Fam","Other",8,5,2003,2003,"Other","CompShg","CemntBd","Wd Shng","Other",603,"Other","TA","PConc","Gd","TA","Other","ALQ",1416,"Unf",0,234,1650,"GasA","Ex","Y","SBrkr",1690,1589,0,3279,1,0,3,1,4,1,"Other",12,"Other",1,"Gd","Other","Fin","Other","TA","TA","Y",503,36,0,0,210,0,"No","No fence","None",0,6,2010,538000,246,4.5,7
"50","RL",152,12134,"Pave","No alley","Other","Other","AllPub","Inside","Other","Gilbert","Norm","Norm","1Fam","Other",8,7,1988,2005,"Gable","CompShg","Wd Sdng","Wd Sdng","None",0,"Other","TA","Other","Gd","TA","Other","GLQ",427,"Unf",0,132,559,"GasA","Other","Y","SBrkr",1080,672,0,1752,0,0,2,0,4,1,"TA",8,"Typ",0,"No fireplace","Other","RFn","2","TA","TA","Y",325,12,0,0,0,0,"No","No fence","None",0,6,2010,164000,12,2,5
"20","RL",140,19138,"Pave","No alley","Reg","Lvl","AllPub","Other","Gtl","Gilbert","Norm","Norm","1Fam","1Story",4,5,1951,1951,"Gable","CompShg","VinylSd","VinylSd","None",0,"TA","TA","CBlock","TA","TA","No","Other",120,"Unf",0,744,864,"GasA","Ex","Y","SBrkr",864,0,0,864,0,0,1,0,2,1,"TA",4,"Typ",0,"No fireplace","Other","Unf","2","TA","TA","Y",0,0,0,0,0,0,"No","No fence","None",0,6,2010,141000,0,1,59
"20","RL",85,13175,"Pave","No alley","Reg","Lvl","AllPub","Inside","Gtl","NWAmes","Norm","Norm","1Fam","1Story",6,6,1978,1988,"Gable","CompShg","Plywood","Plywood","Other",119,"TA","TA","CBlock","Gd","TA","No","ALQ",790,"Other",163,589,1542,"GasA","TA","Y","SBrkr",2073,0,0,2073,1,0,2,0,3,1,"TA",7,"Other",2,"TA","Attchd","Unf","2","TA","TA","Y",349,0,0,0,0,0,"No","Other","None",0,2,2010,210000,0,3,22
"20","RL",105,11751,"Pave","No alley","Other","Lvl","AllPub","Inside","Gtl","NWAmes","Norm","Norm","1Fam","1Story",6,6,1977,1977,"Other","CompShg","Plywood","Plywood","Other",480,"TA","TA","CBlock","Gd","TA","No","BLQ",705,"Unf",0,1139,1844,"GasA","Ex","Y","SBrkr",1844,0,0,1844,0,0,2,0,3,1,"TA",7,"Typ",1,"TA","Attchd","RFn","2","TA","TA","Y",0,122,0,0,0,0,"No","Other","None",0,1,2010,190000,122,2,33
"20","RL",0,11241,"Pave","No alley","Other","Lvl","AllPub","Other","Gtl","NAmes","Norm","Norm","1Fam","1Story",6,7,1970,1970,"Gable","CompShg","Wd Sdng","Wd Sdng","Other",180,"TA","TA","CBlock","TA","TA","No","ALQ",578,"Unf",0,426,1004,"GasA","Ex","Y","SBrkr",1004,0,0,1004,1,0,1,0,2,1,"TA",5,"Typ",1,"TA","Attchd","Fin","2","TA","TA","Y",0,0,0,0,0,0,"No","No fence","Other",700,3,2010,149000,0,2,40
"20","RL",0,12537,"Pave","No alley","Other","Lvl","AllPub","Other","Gtl","NAmes","Norm","Norm","1Fam","1Story",5,6,1971,2008,"Gable","CompShg","VinylSd","VinylSd","None",0,"TA","TA","CBlock","TA","TA","No","GLQ",734,"Unf",0,344,1078,"GasA","Ex","Y","SBrkr",1078,0,0,1078,1,0,1,1,3,1,"TA",6,"Typ",1,"Other","Attchd","Fin","2","TA","TA","Y",0,0,0,0,0,0,"No","No fence","None",0,4,2010,149900,0,2.5,2
"20","RL",65,8450,"Pave","No alley","Reg","Lvl","AllPub","Inside","Gtl","NAmes","Norm","Norm","1Fam","1Story",5,6,1968,1968,"Gable","CompShg","VinylSd","VinylSd","None",0,"TA","TA","CBlock","TA","TA","No","BLQ",775,"Unf",0,281,1056,"GasA","Ex","Y","SBrkr",1056,0,0,1056,1,0,1,0,3,1,"TA",6,"Typ",1,"Other","Attchd","Unf","Other","TA","TA","Y",0,85,184,0,0,0,"No","No fence","None",0,7,2010,142000,269,2,42
"20","RL",70,8400,"Pave","No alley","Reg","Lvl","AllPub","Other","Gtl","NAmes","Norm","Norm","1Fam","1Story",4,5,1970,1970,"Gable","CompShg","Plywood","Plywood","None",0,"TA","TA","CBlock","TA","TA","No","ALQ",804,"Other",78,0,882,"GasA","TA","Y","SBrkr",882,0,0,882,1,0,1,0,2,1,"TA",4,"Typ",0,"No fireplace","Attchd","Fin","2","TA","TA","Y",240,0,0,0,0,0,"No","Other","None",0,4,2010,126000,0,2,40
"20","RL",70,10500,"Pave","No alley","Reg","Lvl","AllPub","Other","Gtl","NAmes","Norm","Norm","1Fam","1Story",4,5,1971,1971,"Gable","CompShg","HdBoard","HdBoard","None",0,"TA","TA","CBlock","TA","TA","No","ALQ",432,"Unf",0,432,864,"GasA","TA","Y","SBrkr",864,0,0,864,0,0,1,0,3,1,"TA",5,"Typ",1,"Other","Other","Other","Other","Other","Other","Y",0,0,0,0,0,0,"No","No fence","None",0,4,2010,115000,0,1,39
"120","Other",26,5858,"Pave","No alley","Other","Lvl","AllPub","Other","Gtl","NAmes","Norm","Norm","Other","1Story",7,5,1999,1999,"Gable","CompShg","MetalSd","MetalSd","None",0,"Other","TA","PConc","Gd","TA","No","GLQ",1051,"Other",0,354,1405,"GasA","Ex","Y","SBrkr",1337,0,0,1337,1,0,2,0,2,1,"Other",5,"Typ",1,"Other","Attchd","Fin","2","TA","TA","Y",203,68,0,0,0,0,"No","No fence","None",0,6,2010,184000,68,3,11
"160","Other",21,1680,"Pave","No alley","Reg","Lvl","AllPub","Inside","Gtl","BrDale","Norm","Norm","Other","Other",6,5,1971,1971,"Gable","CompShg","HdBoard","HdBoard","Other",504,"TA","TA","CBlock","TA","TA","No","Rec",156,"Unf",0,327,483,"GasA","TA","Y","SBrkr",483,504,0,987,0,0,1,1,2,1,"TA",5,"Typ",0,"No fireplace","Other","Unf","Other","TA","TA","Y",275,0,0,0,0,0,"No","No fence","None",0,2,2010,96000,0,1.5,39
"160","Other",21,1680,"Pave","No alley","Reg","Lvl","AllPub","Inside","Gtl","BrDale","Norm","Norm","Other","Other",5,5,1971,1971,"Gable","CompShg","HdBoard","HdBoard","Other",492,"TA","TA","CBlock","TA","TA","No","Rec",300,"Unf",0,225,525,"GasA","TA","Y","SBrkr",525,567,0,1092,0,0,1,1,3,1,"TA",6,"Typ",0,"No fireplace","Other","Unf","Other","TA","TA","Y",0,0,0,0,0,0,"No","No fence","None",0,3,2010,105500,0,1.5,39
"120","RL",53,4043,"Pave","No alley","Reg","Lvl","AllPub","Inside","Gtl","NPkVill","Norm","Norm","Other","1Story",6,5,1977,1977,"Gable","CompShg","Plywood","Plywood","None",0,"TA","TA","CBlock","Gd","TA","No","ALQ",360,"Unf",0,709,1069,"GasA","TA","Y","SBrkr",1069,0,0,1069,0,0,2,0,2,1,"TA",4,"Typ",1,"Other","Attchd","RFn","2","TA","TA","Y",0,55,0,0,165,0,"No","No fence","None",0,7,2010,127500,220,2,33
"160","RL",24,2280,"Pave","No alley","Reg","Lvl","AllPub","Other","Gtl","NPkVill","Norm","Norm","Other","Other",6,6,1975,1975,"Gable","CompShg","Plywood","Brk Cmn","None",0,"TA","TA","CBlock","TA","TA","No","ALQ",514,"Unf",0,341,855,"GasA","TA","Y","SBrkr",855,601,0,1456,0,0,2,1,3,1,"Other",6,"Typ",1,"TA","Attchd","Unf","2","TA","TA","Y",173,0,0,0,0,0,"No","No fence","None",0,6,2010,149900,0,2.5,35
"120","RL",24,2280,"Pave","No alley","Reg","Lvl","AllPub","Other","Gtl","NPkVill","Norm","Norm","Other","1Story",7,6,1975,1975,"Gable","CompShg","Plywood","Brk Cmn","None",0,"TA","TA","CBlock","Gd","TA","No","Unf",0,"Unf",0,836,836,"GasA","Ex","Y","SBrkr",836,0,0,836,0,0,1,0,2,1,"TA",4,"Typ",0,"No fireplace","Attchd","Unf","Other","TA","TA","Y",0,30,0,0,0,0,"No","No fence","None",0,6,2010,120000,30,1,35
"160","RL",24,2280,"Pave","No alley","Reg","Lvl","AllPub","Inside","Gtl","NPkVill","Norm","Norm","Other","Other",6,5,1978,1978,"Gable","CompShg","Plywood","Brk Cmn","None",0,"TA","TA","CBlock","Gd","TA","No","ALQ",311,"Unf",0,544,855,"GasA","Other","Y","SBrkr",855,601,0,1456,0,0,2,1,3,1,"TA",7,"Typ",1,"TA","Attchd","Unf","2","TA","TA","Y",26,0,0,0,0,0,"No","No fence","None",0,7,2010,146000,0,2.5,32
"20","RL",98,11478,"Pave","No alley","Reg","Lvl","AllPub","Inside","Gtl","NridgHt","Norm","Norm","1Fam","1Story",8,5,2007,2008,"Gable","CompShg","VinylSd","VinylSd","Other",200,"Other","TA","PConc","Other","TA","No","GLQ",1218,"Unf",0,486,1704,"GasA","Ex","Y","SBrkr",1704,0,0,1704,1,0,2,0,3,1,"Other",7,"Typ",1,"Gd","Attchd","RFn","Other","TA","TA","Y",0,50,0,0,0,0,"No","No fence","None",0,5,2010,306000,50,3,2
"20","RL",90,11520,"Pave","No alley","Reg","Lvl","AllPub","Inside","Gtl","NridgHt","Other","Norm","1Fam","1Story",9,5,2005,2005,"Other","CompShg","VinylSd","VinylSd","Other",615,"Other","TA","PConc","Other","TA","No","GLQ",110,"Unf",0,1588,1698,"GasA","Ex","Y","SBrkr",1698,0,0,1698,0,0,2,0,3,1,"Other",7,"Typ",1,"Gd","Attchd","Fin","Other","TA","TA","Y",192,74,0,0,0,0,"No","No fence","None",0,6,2010,275000,74,2,5
"20","RL",79,14122,"Pave","No alley","Other","Lvl","AllPub","Inside","Gtl","NridgHt","Norm","Norm","1Fam","1Story",8,5,2005,2006,"Other","CompShg","CemntBd","CmentBd","Other",240,"Other","TA","PConc","Other","TA","No","GLQ",28,"Unf",0,1794,1822,"GasA","Ex","Y","SBrkr",1822,0,0,1822,0,0,2,0,3,1,"Other",8,"Typ",1,"Gd","Attchd","RFn","Other","TA","TA","Y",0,119,0,0,0,0,"No","No fence","None",0,2,2010,259000,119,2,4
"20","RL",70,10171,"Pave","No alley","Other","Lvl","AllPub","Inside","Gtl","NridgHt","Norm","Norm","1Fam","1Story",7,5,2004,2004,"Gable","CompShg","VinylSd","VinylSd","Other",168,"Other","TA","PConc","Gd","TA","No","GLQ",2,"Unf",0,1515,1517,"GasA","Ex","Y","SBrkr",1535,0,0,1535,0,0,2,0,3,1,"Other",7,"Typ",0,"No fireplace","Attchd","RFn","2","TA","TA","Y",0,0,0,0,0,0,"No","No fence","None",0,3,2010,214000,0,2,6
"20","RL",110,14300,"Pave","No alley","Reg","Other","AllPub","Inside","Other","NridgHt","Norm","Norm","1Fam","1Story",9,5,2003,2004,"Other","CompShg","VinylSd","VinylSd","Other",1095,"Other","TA","PConc","Other","TA","Other","GLQ",1373,"Unf",0,1473,2846,"GasA","Ex","Y","SBrkr",2696,0,0,2696,1,0,2,1,3,1,"Other",10,"Typ",2,"Gd","Attchd","Fin","Other","TA","TA","Y",220,150,0,0,0,0,"No","No fence","None",0,6,2010,500000,150,3.5,6
"60","RL",105,13650,"Pave","No alley","Reg","Lvl","AllPub","Other","Gtl","NridgHt","Norm","Norm","1Fam","Other",8,5,2002,2002,"Gable","CompShg","VinylSd","VinylSd","Other",232,"Other","TA","PConc","Gd","TA","Other","GLQ",578,"Unf",0,1093,1671,"GasA","Ex","Y","SBrkr",1687,563,0,2250,1,0,2,1,3,1,"Other",7,"Typ",1,"Other","Attchd","Fin","Other","TA","TA","Y",238,130,0,0,0,0,"No","No fence","None",0,6,2010,320000,130,3.5,8
"120","RL",61,7658,"Pave","No alley","Reg","Lvl","AllPub","Inside","Gtl","NridgHt","Norm","Norm","Other","1Story",9,5,2005,2005,"Other","CompShg","MetalSd","MetalSd","Other",412,"Other","TA","PConc","Other","TA","No","GLQ",456,"Unf",0,1296,1752,"GasA","Ex","Y","SBrkr",1752,0,0,1752,1,0,2,0,2,1,"Other",6,"Typ",1,"Gd","Attchd","RFn","2","TA","TA","Y",196,82,0,0,0,0,"No","No fence","None",0,2,2010,319900,82,3,5
"120","RL",41,7132,"Pave","No alley","Other","Lvl","AllPub","Inside","Gtl","NridgHt","Norm","Norm","Other","1Story",8,5,2006,2006,"Gable","CompShg","VinylSd","VinylSd","Other",178,"Other","TA","PConc","Gd","TA","Other","GLQ",24,"Unf",0,1346,1370,"GasA","Ex","Y","SBrkr",1370,0,0,1370,0,0,2,0,2,1,"Other",6,"Typ",1,"Gd","Attchd","RFn","2","TA","TA","Y",120,49,0,0,0,0,"No","No fence","None",0,4,2010,205000,49,2,4
"160","RL",36,2628,"Pave","No alley","Reg","Lvl","AllPub","Inside","Gtl","NridgHt","Norm","Norm","Other","Other",7,5,2003,2003,"Gable","CompShg","VinylSd","Wd Shng","Other",106,"Other","TA","PConc","Gd","TA","No","Unf",0,"Unf",0,764,764,"GasA","Ex","Y","SBrkr",764,862,0,1626,0,0,2,1,2,1,"Other",6,"Typ",0,"No fireplace","Other","RFn","2","TA","TA","Y",0,27,0,0,0,0,"No","No fence","None",0,6,2010,175500,27,2.5,7
"20","RL",100,18494,"Pave","No alley","Other","Lvl","AllPub","Other","Gtl","Gilbert","Norm","Norm","1Fam","1Story",6,5,2005,2005,"Gable","CompShg","VinylSd","VinylSd","None",0,"Other","TA","PConc","Gd","TA","No","Unf",0,"Unf",0,1324,1324,"GasA","Ex","Y","SBrkr",1324,0,0,1324,0,0,2,0,3,1,"Other",6,"Typ",0,"No fireplace","Attchd","Fin","2","TA","TA","Y",36,23,0,0,0,0,"No","No fence","None",0,1,2010,199500,23,2,5
"120","RL",43,3203,"Pave","No alley","Reg","Lvl","AllPub","Inside","Gtl","Other","Norm","Norm","Other","1Story",7,5,2006,2006,"Gable","CompShg","VinylSd","VinylSd","Other",14,"Other","TA","PConc","Gd","TA","Other","GLQ",16,"Unf",0,1129,1145,"GasA","Ex","Y","SBrkr",1145,0,0,1145,0,0,2,0,2,1,"Other",6,"Typ",0,"No fireplace","Attchd","Fin","2","TA","TA","Y",100,116,0,0,0,0,"No","No fence","None",0,1,2010,160000,116,2,4
"120","RL",43,3182,"Pave","No alley","Reg","Lvl","AllPub","Inside","Gtl","Other","Norm","Norm","Other","1Story",8,5,2004,2005,"Gable","CompShg","VinylSd","VinylSd","Other",16,"Other","TA","PConc","Gd","TA","No","GLQ",24,"Unf",0,1232,1256,"GasA","Ex","Y","SBrkr",1269,0,0,1269,0,0,2,0,2,1,"Other",6,"Typ",1,"TA","Attchd","Fin","2","TA","TA","Y",146,20,0,0,144,0,"No","No fence","None",0,4,2010,192000,164,2,5
"80","RL",67,13300,"Pave","No alley","Other","Lvl","AllPub","Inside","Gtl","Gilbert","Norm","Norm","1Fam","Other",7,5,2004,2004,"Gable","CompShg","VinylSd","VinylSd","None",0,"Other","TA","PConc","Gd","TA","No","GLQ",326,"Unf",0,58,384,"GasA","Ex","Y","SBrkr",744,630,0,1374,1,0,2,1,3,1,"Other",7,"Typ",1,"Gd","Other","Fin","2","TA","TA","Y",100,0,0,0,0,0,"No","No fence","None",0,6,2010,184500,0,3.5,6
"60","RL",0,7851,"Pave","No alley","Reg","Lvl","AllPub","Inside","Gtl","Gilbert","Norm","Norm","1Fam","Other",6,5,2002,2002,"Gable","CompShg","VinylSd","VinylSd","None",0,"Other","TA","PConc","Gd","TA","No","GLQ",625,"Unf",0,235,860,"GasA","Ex","Y","SBrkr",860,1100,0,1960,1,0,2,1,4,1,"Other",8,"Typ",2,"TA","Other","Fin","2","TA","TA","Y",288,48,0,0,0,0,"No","No fence","None",0,5,2010,216500,48,3.5,8
"60","RL",63,8577,"Pave","No alley","Other","Lvl","AllPub","Inside","Gtl","Gilbert","Norm","Norm","1Fam","Other",7,5,2004,2004,"Gable","CompShg","VinylSd","VinylSd","None",0,"Other","TA","PConc","Gd","TA","No","Unf",0,"Unf",0,847,847,"GasA","Ex","Y","SBrkr",847,886,0,1733,0,0,2,1,3,1,"Other",7,"Typ",1,"Gd","Other","Fin","2","TA","TA","Y",144,48,0,0,0,0,"No","No fence","None",0,4,2010,185088,48,2.5,6
"80","RL",0,7750,"Pave","No alley","Other","Lvl","AllPub","Inside","Gtl","Gilbert","Norm","Norm","1Fam","Other",7,5,2000,2000,"Gable","CompShg","VinylSd","VinylSd","None",0,"TA","TA","PConc","Gd","TA","No","GLQ",250,"Unf",0,134,384,"GasA","Ex","Y","SBrkr",774,656,0,1430,0,0,2,1,3,1,"TA",7,"Typ",1,"TA","Other","Fin","2","TA","TA","Y",180,0,0,0,0,0,"No","No fence","None",0,4,2010,180000,0,2.5,10
"60","RL",0,9505,"Pave","No alley","Other","Lvl","AllPub","Other","Gtl","Gilbert","Norm","Norm","1Fam","Other",7,5,2001,2001,"Gable","CompShg","VinylSd","VinylSd","Other",180,"Other","TA","PConc","Gd","TA","No","Unf",0,"Unf",0,884,884,"GasA","Ex","Y","SBrkr",884,1151,0,2035,0,0,2,1,3,1,"Other",8,"Typ",1,"Gd","Other","Fin","2","TA","TA","Y",144,48,0,0,0,0,"No","No fence","None",0,5,2010,222500,48,2.5,9
"60","RL",108,14774,"Pave","No alley","Other","Lvl","AllPub","Other","Gtl","NoRidge","Norm","Norm","1Fam","Other",9,5,1999,1999,"Gable","CompShg","VinylSd","VinylSd","Other",165,"Other","TA","PConc","Gd","TA","No","Unf",0,"Unf",0,1393,1393,"GasA","Ex","Y","SBrkr",1422,1177,0,2599,0,0,2,1,4,1,"Other",10,"Typ",1,"TA","Other","Fin","Other","TA","TA","Y",668,30,0,0,0,0,"No","No fence","None",0,5,2010,333168,30,2.5,11
"60","RL",60,17433,"Pave","No alley","Other","Lvl","AllPub","Other","Gtl","NoRidge","Norm","Norm","1Fam","Other",8,5,1998,1998,"Other","CompShg","VinylSd","VinylSd","Other",114,"Other","TA","PConc","Other","TA","No","Unf",0,"Unf",0,1629,1629,"GasA","Ex","Y","SBrkr",1645,830,0,2475,0,0,2,1,4,1,"Other",7,"Typ",1,"TA","Attchd","Fin","Other","TA","TA","Y",23,172,0,0,256,0,"No","No fence","None",0,1,2010,355000,428,2.5,12
"20","RL",59,10593,"Pave","No alley","Other","Lvl","AllPub","Inside","Gtl","NoRidge","Norm","Norm","1Fam","1Story",7,5,1996,1996,"Other","CompShg","VinylSd","VinylSd","Other",338,"Other","TA","PConc","Gd","TA","No","GLQ",919,"Unf",0,801,1720,"GasA","Ex","Y","SBrkr",1720,0,0,1720,1,0,2,0,3,1,"Other",7,"Typ",1,"TA","Attchd","Fin","2","TA","TA","Y",240,56,154,0,0,0,"No","No fence","None",0,3,2010,260400,210,3,14
"60","RL",98,12256,"Pave","No alley","Other","Lvl","AllPub","Other","Gtl","NoRidge","Norm","Norm","1Fam","Other",8,5,1994,1995,"Gable","CompShg","HdBoard","HdBoard","Other",362,"Other","TA","PConc","Other","TA","Other","GLQ",1032,"Unf",0,431,1463,"GasA","Ex","Y","SBrkr",1500,1122,0,2622,1,0,2,1,3,1,"Other",9,"Typ",2,"TA","Attchd","RFn","2","TA","TA","Y",186,32,0,0,0,0,"No","No fence","None",0,4,2010,325000,32,3.5,15
"60","RL",92,11764,"Pave","No alley","Other","Lvl","AllPub","Other","Gtl","NoRidge","Norm","Norm","1Fam","Other",8,7,1999,2007,"Gable","CompShg","VinylSd","VinylSd","Other",348,"Other","TA","PConc","Gd","TA","No","GLQ",524,"Unf",0,628,1152,"GasA","Ex","Y","SBrkr",1164,1106,0,2270,0,0,2,1,4,1,"Other",9,"Typ",1,"Gd","Attchd","Fin","Other","TA","TA","Y",132,57,0,0,0,0,"No","No fence","None",0,4,2010,290000,57,2.5,3
"60","RL",58,16770,"Pave","No alley","Other","Lvl","AllPub","Other","Gtl","NoRidge","Norm","Norm","1Fam","Other",7,5,1998,1998,"Gable","CompShg","VinylSd","VinylSd","Other",30,"Other","TA","PConc","Gd","TA","No","Unf",0,"Unf",0,1195,1195,"GasA","Other","Y","SBrkr",1195,644,0,1839,0,0,2,1,4,1,"TA",7,"Typ",0,"No fireplace","Attchd","Fin","2","TA","TA","Y",0,81,0,0,0,0,"No","No fence","None",0,6,2010,221000,81,2.5,12
"50","RL",56,14720,"Pave","No alley","Other","Lvl","AllPub","Other","Gtl","NoRidge","Norm","Norm","1Fam","Other",8,5,1995,1996,"Other","CompShg","VinylSd","VinylSd","Other",579,"Other","TA","PConc","Gd","TA","Other","GLQ",816,"Unf",0,1217,2033,"GasA","Ex","Y","SBrkr",2053,1185,0,3238,1,0,2,1,4,1,"Other",9,"Typ",1,"Other","Attchd","Fin","Other","TA","TA","Y",283,86,0,0,0,0,"No","No fence","None",0,3,2010,410000,86,3.5,14
"20","RL",73,8987,"Pave","No alley","Reg","Lvl","AllPub","Inside","Gtl","Somerst","Norm","Norm","1Fam","1Story",8,5,2005,2006,"Gable","CompShg","VinylSd","VinylSd","Other",226,"Other","TA","PConc","Gd","TA","Other","Unf",0,"Unf",0,1595,1595,"GasA","Ex","Y","SBrkr",1595,0,0,1595,0,0,2,0,2,1,"Other",6,"Typ",1,"Gd","Attchd","RFn","Other","TA","TA","Y",144,0,0,0,0,0,"No","No fence","None",0,5,2010,221500,0,2,4
"60","RL",76,10142,"Pave","No alley","Other","Lvl","AllPub","Inside","Gtl","SawyerW","Norm","Norm","1Fam","Other",7,5,2004,2004,"Gable","CompShg","VinylSd","VinylSd","None",0,"Other","TA","PConc","Gd","TA","No","GLQ",656,"Unf",0,300,956,"GasA","Ex","Y","SBrkr",956,1128,0,2084,1,0,2,1,4,1,"Other",8,"Typ",0,"No fireplace","Other","RFn","2","TA","TA","Y",0,45,0,0,0,0,"No","No fence","None",0,1,2010,233000,45,3.5,6
"60","RL",70,11920,"Pave","No alley","Reg","Lvl","AllPub","Inside","Gtl","SawyerW","Norm","Norm","1Fam","Other",7,5,2004,2004,"Gable","CompShg","VinylSd","VinylSd","Other",122,"Other","TA","PConc","Gd","TA","Other","Unf",0,"Unf",0,831,831,"GasA","Ex","Y","SBrkr",831,828,0,1659,0,0,2,1,3,1,"Other",8,"Typ",0,"No fireplace","Attchd","RFn","2","TA","TA","Y",144,68,0,0,0,0,"No","No fence","None",0,4,2010,181000,68,2.5,6
"60","RL",0,8880,"Pave","No alley","Other","Lvl","AllPub","Inside","Gtl","SawyerW","Norm","Norm","1Fam","Other",7,5,1994,2002,"Gable","CompShg","VinylSd","VinylSd","None",0,"Other","TA","PConc","Gd","TA","No","GLQ",695,"Unf",0,253,948,"GasA","Ex","Y","SBrkr",1222,888,0,2110,1,0,2,1,3,1,"Other",8,"Typ",2,"Other","Attchd","RFn","2","TA","TA","Y",0,130,0,0,0,0,"No","No fence","None",0,5,2010,205000,130,3.5,8
"120","RL",50,8012,"Pave","No alley","Reg","Lvl","AllPub","Inside","Gtl","SawyerW","Norm","Norm","Other","1Story",6,5,1980,1980,"Gable","CompShg","Plywood","Plywood","None",0,"TA","TA","CBlock","Gd","TA","No","BLQ",543,"Other",119,261,923,"GasA","TA","Y","SBrkr",923,0,0,923,0,0,2,0,2,1,"TA",5,"Typ",1,"TA","Attchd","RFn","Other","TA","TA","Y",80,0,0,0,0,0,"No","No fence","None",0,5,2010,143000,0,2,30
"60","RL",70,11218,"Pave","No alley","Reg","Lvl","AllPub","Inside","Gtl","SawyerW","Norm","Norm","1Fam","Other",6,5,1992,1992,"Gable","CompShg","Wd Sdng","Wd Sdng","None",0,"Other","TA","PConc","Gd","TA","No","Unf",0,"Unf",0,1055,1055,"GasA","Ex","Y","SBrkr",1055,790,0,1845,0,0,2,1,3,1,"Other",8,"Typ",1,"TA","Attchd","RFn","2","TA","TA","Y",635,104,0,0,0,0,"No","Other","Other",400,5,2010,189000,104,2.5,18
"120","RL",55,7892,"Pave","No alley","Reg","Lvl","AllPub","Inside","Gtl","SawyerW","Norm","Norm","Other","1Story",6,5,1979,1979,"Gable","CompShg","Plywood","Plywood","None",0,"TA","TA","CBlock","Gd","TA","No","Unf",0,"Unf",0,918,918,"GasA","TA","Y","SBrkr",918,0,0,918,0,0,2,0,2,1,"TA",5,"Typ",1,"TA","Attchd","Unf","Other","TA","TA","Y",28,0,0,0,0,0,"No","No fence","None",0,4,2010,99500,0,2,31
"120","RL",50,7175,"Pave","No alley","Reg","Lvl","AllPub","Inside","Gtl","SawyerW","Norm","Norm","Other","1Story",6,5,1984,1984,"Gable","CompShg","Plywood","Plywood","None",0,"TA","TA","CBlock","Gd","TA","No","ALQ",623,"Other",121,0,744,"GasA","TA","Y","SBrkr",752,0,0,752,1,0,1,0,2,1,"TA",4,"Typ",0,"No fireplace","Attchd","Unf","Other","TA","TA","Y",353,0,0,0,90,0,"No","Other","None",0,2,2010,125000,90,2,26
"60","RL",0,9453,"Pave","No alley","Other","Lvl","AllPub","Other","Gtl","SawyerW","Other","Norm","1Fam","Other",7,7,1993,2003,"Gable","CompShg","HdBoard","HdBoard","None",0,"Other","TA","PConc","Gd","TA","No","BLQ",402,"Unf",0,594,996,"GasA","Ex","Y","SBrkr",1014,730,0,1744,0,0,2,1,3,1,"Other",7,"Typ",0,"No fireplace","Attchd","RFn","2","TA","TA","Y",370,70,0,238,0,0,"No","No fence","None",0,2,2010,194500,308,2.5,7
"20","RL",81,9672,"Pave","No alley","Reg","Lvl","AllPub","Other","Gtl","SawyerW","Norm","Norm","1Fam","1Story",6,5,1984,1985,"Other","CompShg","HdBoard","Plywood","None",0,"TA","TA","PConc","Gd","TA","No","GLQ",338,"Unf",0,702,1040,"GasA","TA","Y","SBrkr",1097,0,0,1097,0,0,2,0,3,1,"TA",6,"Typ",0,"No fireplace","Attchd","Unf","2","TA","TA","Y",0,0,0,0,0,0,"No","Other","None",0,5,2010,152000,0,2,25
"60","RL",70,8400,"Pave","No alley","Reg","Lvl","AllPub","Inside","Gtl","SawyerW","Norm","Norm","1Fam","Other",6,6,1980,1981,"Gable","CompShg","HdBoard","HdBoard","Other",130,"TA","TA","CBlock","Gd","TA","No","Unf",0,"Unf",0,650,650,"GasA","TA","Y","SBrkr",888,676,0,1564,0,0,2,1,3,1,"TA",7,"Typ",1,"TA","Attchd","Unf","2","TA","TA","Y",0,50,0,0,204,0,"No","Other","None",0,4,2010,171000,254,2.5,29
"30","Other",70,9800,"Pave","No alley","Reg","Lvl","AllPub","Other","Gtl","SawyerW","Other","Norm","1Fam","1Story",5,5,1920,1950,"Gable","CompShg","Wd Sdng","Wd Sdng","None",0,"TA","Other","Other","TA","TA","No","Unf",0,"Unf",0,816,816,"GasA","TA","Other","Other",1012,0,0,1012,0,0,1,0,2,1,"TA",5,"Typ",0,"No fireplace","Other","Unf","Other","TA","TA","Y",121,0,80,0,0,0,"No","No fence","None",0,4,2010,67500,80,1,60
"90","Other",68,8930,"Pave","No alley","Reg","Lvl","AllPub","Inside","Gtl","Sawyer","Other","Norm","Other","Other",6,5,1978,1978,"Gable","CompShg","VinylSd","VinylSd","None",0,"TA","TA","Other","Other","Other","Other","Other",0,"Other",0,0,0,"GasA","TA","Y","SBrkr",1318,584,0,1902,0,0,2,0,4,2,"TA",8,"Typ",0,"No fireplace","Attchd","Unf","2","TA","TA","Y",0,0,0,0,0,0,"No","No fence","None",0,4,2010,112000,0,2,32
"85","RL",88,11782,"Pave","No alley","Other","Lvl","AllPub","Inside","Gtl","Sawyer","Norm","Norm","1Fam","Other",5,7,1961,1995,"Gable","CompShg","HdBoard","HdBoard","None",0,"TA","TA","CBlock","TA","TA","Other","ALQ",899,"Unf",0,210,1109,"GasA","TA","Y","SBrkr",1155,0,0,1155,1,0,1,0,3,1,"Other",6,"Other",0,"No fireplace","Other","Unf","2","TA","TA","Y",192,0,0,0,0,0,"No","Other","Other",400,6,2010,148000,0,2,15
"20","RL",65,8450,"Pave","No alley","Reg","Lvl","AllPub","Inside","Gtl","Sawyer","Other","Norm","1Fam","1Story",5,8,1965,2009,"Gable","CompShg","MetalSd","MetalSd","None",0,"TA","Other","CBlock","TA","TA","No","GLQ",553,"Other",117,224,894,"GasA","Ex","Y","SBrkr",894,0,0,894,1,0,1,0,3,1,"TA",5,"Typ",1,"Gd","Other","Unf","Other","TA","TA","Y",416,144,0,0,0,0,"No","Other","None",0,4,2010,138500,144,2,1
"20","RL",0,9819,"Pave","No alley","Other","Lvl","AllPub","Inside","Gtl","Sawyer","Norm","Norm","1Fam","1Story",5,5,1967,1967,"Gable","CompShg","MetalSd","MetalSd","Other",31,"TA","Other","CBlock","TA","TA","No","BLQ",450,"Unf",0,432,882,"GasA","TA","Y","SBrkr",900,0,0,900,0,0,1,0,3,1,"TA",5,"Typ",0,"No fireplace","Other","Unf","Other","TA","TA","Y",0,0,0,0,0,0,"No","Other","None",0,2,2010,122000,0,1,43
"20","RL",75,7500,"Pave","No alley","Reg","Lvl","AllPub","Other","Gtl","Sawyer","Other","Norm","1Fam","1Story",5,5,1963,1963,"Gable","CompShg","HdBoard","HdBoard","None",0,"TA","TA","CBlock","TA","TA","No","ALQ",824,"Unf",0,216,1040,"GasA","Other","Y","SBrkr",1040,0,0,1040,1,0,1,1,3,1,"TA",5,"Typ",0,"No fireplace","Attchd","Fin","Other","TA","TA","Y",0,0,220,0,0,0,"No","Other","None",0,6,2010,133000,220,2.5,47
"20","RL",0,6897,"Pave","No alley","Other","Lvl","AllPub","Other","Gtl","Sawyer","Norm","Norm","1Fam","1Story",5,8,1962,2010,"Gable","CompShg","HdBoard","HdBoard","None",0,"TA","Other","CBlock","TA","TA","No","ALQ",659,"Unf",0,381,1040,"GasA","Ex","Y","SBrkr",1040,0,0,1040,1,0,1,1,3,1,"TA",6,"Typ",0,"No fireplace","Other","Unf","Other","TA","TA","Y",0,104,0,0,0,0,"No","No fence","None",0,4,2010,127000,104,2.5,0
"60","RL",107,10186,"Pave","No alley","Other","Lvl","AllPub","Inside","Gtl","NoRidge","Norm","Norm","1Fam","Other",7,5,1992,1992,"Gable","CompShg","HdBoard","HdBoard","None",0,"Other","TA","PConc","Gd","TA","No","GLQ",674,"Unf",0,76,750,"GasA","Ex","Y","SBrkr",1061,862,0,1923,1,0,2,1,3,1,"Other",8,"Typ",1,"TA","Attchd","RFn","2","TA","TA","Y",240,39,0,0,0,0,"No","No fence","None",0,6,2010,190000,39,3.5,18
"60","RL",85,13143,"Pave","No alley","Other","Lvl","AllPub","Inside","Gtl","NoRidge","Norm","Norm","1Fam","Other",8,5,1993,1993,"Gable","CompShg","HdBoard","ImStucc","Other",504,"Other","TA","PConc","Gd","TA","No","Other",250,"Other",981,0,1231,"GasA","Ex","Y","SBrkr",1251,1098,0,2349,1,0,2,1,4,1,"Other",9,"Typ",1,"TA","Attchd","RFn","Other","TA","TA","Y",32,130,0,0,0,0,"No","No fence","None",0,6,2010,362500,130,3.5,17
"60","RL",88,11134,"Pave","No alley","Reg","Lvl","AllPub","Inside","Gtl","NoRidge","Norm","Norm","1Fam","Other",8,5,1992,1993,"Gable","CompShg","HdBoard","HdBoard","Other",180,"Other","TA","PConc","Gd","TA","No","GLQ",1129,"Unf",0,261,1390,"GasA","Ex","Y","SBrkr",1402,823,0,2225,1,0,2,1,4,1,"Other",7,"Typ",1,"TA","Attchd","RFn","Other","TA","TA","Y",198,30,0,0,0,0,"No","No fence","None",0,6,2010,285000,30,3.5,17
"120","RL",30,4420,"Pave","No alley","Other","Lvl","AllPub","Other","Gtl","Other","Norm","Norm","Other","1Story",8,5,1980,1980,"Gable","CompShg","Wd Sdng","Wd Sdng","None",0,"Other","TA","CBlock","Gd","TA","Other","GLQ",728,"Unf",0,0,728,"GasA","TA","Y","SBrkr",788,0,0,788,1,0,1,0,1,1,"Other",3,"Typ",1,"TA","Other","Fin","2","TA","TA","Y",133,42,0,0,0,0,"No","No fence","None",0,6,2010,155000,42,2,30
"120","RL",40,3880,"Pave","No alley","Other","Lvl","AllPub","Inside","Gtl","Other","Norm","Norm","Other","1Story",8,6,1978,1978,"Gable","CompShg","Wd Sdng","Plywood","None",0,"Other","TA","CBlock","Gd","TA","Other","GLQ",1052,"Unf",0,174,1226,"GasA","TA","Y","SBrkr",1226,0,0,1226,1,0,1,0,1,1,"Other",4,"Typ",1,"TA","Attchd","Fin","2","TA","TA","Y",223,78,0,0,0,0,"No","No fence","None",0,1,2010,206000,78,2,32
"60","RL",0,13517,"Pave","No alley","Other","Lvl","AllPub","Other","Gtl","Sawyer","Other","Norm","1Fam","Other",6,8,1976,2005,"Gable","CompShg","HdBoard","Plywood","Other",289,"Other","TA","CBlock","TA","TA","No","GLQ",533,"Unf",0,192,725,"GasA","Ex","Y","SBrkr",725,754,0,1479,0,0,2,1,3,1,"Other",6,"Typ",0,"No fireplace","Attchd","RFn","2","TA","TA","Y",0,44,0,0,0,0,"No","No fence","None",0,3,2010,130500,44,2.5,5
"20","RL",0,10456,"Pave","No alley","Other","Lvl","AllPub","Inside","Gtl","NWAmes","Norm","Norm","1Fam","1Story",6,6,1967,1967,"Other","CompShg","HdBoard","HdBoard","Other",120,"TA","TA","CBlock","TA","TA","No","GLQ",506,"Unf",0,1323,1829,"GasA","Other","Y","SBrkr",1829,0,0,1829,1,0,2,0,4,1,"TA",8,"Typ",0,"No fireplace","Attchd","RFn","2","TA","TA","Y",0,76,0,0,0,0,"No","No fence","None",0,5,2010,218500,76,3,43
"60","RL",80,10791,"Pave","No alley","Reg","Lvl","AllPub","Inside","Gtl","NWAmes","Norm","Norm","1Fam","Other",6,5,1993,1993,"Gable","CompShg","MetalSd","MetalSd","None",0,"TA","TA","PConc","Gd","TA","Other","GLQ",1137,"Unf",0,143,1280,"GasA","Ex","Y","SBrkr",1280,1215,0,2495,1,0,2,1,4,1,"Other",9,"Typ",1,"TA","Attchd","Unf","2","TA","TA","Y",224,32,0,0,0,0,"No","No fence","None",0,3,2010,243500,32,3.5,17
"20","RL",0,10603,"Pave","No alley","Other","Lvl","AllPub","Inside","Gtl","NWAmes","Norm","Norm","1Fam","1Story",6,7,1977,2001,"Gable","CompShg","Plywood","Plywood","Other",28,"TA","TA","PConc","TA","TA","Other","ALQ",1200,"Unf",0,410,1610,"GasA","Other","Y","SBrkr",1610,0,0,1610,1,0,2,0,3,1,"Other",6,"Typ",2,"TA","Attchd","RFn","2","TA","TA","Y",168,68,0,0,0,0,"No","No fence","None",0,2,2010,205000,68,3,9
"50","RL",0,18837,"Pave","No alley","Other","Lvl","AllPub","Inside","Gtl","NWAmes","Norm","Norm","1Fam","Other",6,5,1978,1978,"Gable","CompShg","MetalSd","MetalSd","None",0,"TA","TA","PConc","Gd","TA","Other","ALQ",687,"Other",46,491,1224,"GasA","TA","Y","SBrkr",1287,604,0,1891,0,1,3,0,3,1,"TA",7,"Typ",1,"TA","Attchd","RFn","2","TA","TA","Y",0,69,0,0,0,0,"No","No fence","None",0,4,2010,212500,69,3.5,32
"60","RL",80,10421,"Pave","No alley","Reg","Lvl","AllPub","Inside","Gtl","NWAmes","Norm","Norm","1Fam","Other",7,5,1988,1988,"Gable","CompShg","HdBoard","HdBoard","Other",42,"TA","TA","CBlock","Gd","TA","No","GLQ",394,"Unf",0,586,980,"GasA","TA","Y","SBrkr",980,734,0,1714,0,0,2,1,3,1,"TA",7,"Typ",1,"TA","Attchd","Unf","2","TA","TA","Y",228,66,156,0,0,0,"No","Other","Other",500,3,2010,196500,222,2.5,22
"20","RL",78,9360,"Pave","No alley","Reg","Lvl","AllPub","Inside","Gtl","NWAmes","Norm","Norm","1Fam","1Story",6,7,1972,2006,"Other","CompShg","Plywood","Plywood","None",0,"TA","TA","CBlock","TA","TA","No","ALQ",982,"Unf",0,179,1161,"GasA","TA","Y","SBrkr",1381,0,0,1381,1,0,1,1,3,1,"Other",5,"Typ",1,"TA","Attchd","RFn","2","TA","TA","Y",0,0,0,0,0,0,"No","No fence","None",0,3,2010,197500,0,2.5,4
"60","RL",80,9600,"Pave","No alley","Reg","Lvl","AllPub","Inside","Gtl","NWAmes","Norm","Norm","1Fam","Other",6,6,1971,1971,"Gable","CompShg","MetalSd","MetalSd","None",0,"TA","TA","CBlock","TA","TA","No","ALQ",329,"Unf",0,386,715,"GasA","TA","Y","SBrkr",930,715,0,1645,0,0,1,2,4,1,"TA",7,"Typ",0,"No fireplace","Attchd","RFn","2","TA","TA","Y",0,78,0,0,0,0,"No","Other","None",0,6,2010,171000,78,2,39
"20","RL",80,9600,"Pave","No alley","Reg","Lvl","AllPub","Inside","Gtl","NAmes","Norm","Norm","1Fam","1Story",5,5,1966,1966,"Other","CompShg","VinylSd","VinylSd","Other",172,"TA","TA","CBlock","TA","TA","No","Rec",698,"Unf",0,534,1232,"GasA","TA","Y","SBrkr",1232,0,0,1232,1,0,1,1,3,1,"TA",6,"Typ",0,"No fireplace","Attchd","RFn","2","TA","TA","Y",0,224,0,0,0,0,"No","No fence","None",0,4,2010,142250,224,2.5,44
"20","RL",0,9790,"Pave","No alley","Reg","Lvl","AllPub","Inside","Gtl","NWAmes","Other","Norm","1Fam","1Story",6,5,1963,1963,"Other","CompShg","HdBoard","HdBoard","Other",451,"TA","TA","CBlock","TA","TA","No","ALQ",569,"Other",81,678,1328,"GasA","TA","Y","SBrkr",1328,0,0,1328,1,0,1,1,3,1,"TA",6,"Typ",2,"Gd","Attchd","Unf","2","TA","TA","Y",0,26,0,0,0,0,"No","No fence","None",0,6,2010,143000,26,2.5,47
"20","RL",77,9320,"Pave","No alley","Other","Lvl","AllPub","Inside","Gtl","NAmes","Norm","Norm","1Fam","1Story",4,5,1959,1959,"Gable","CompShg","Plywood","Plywood","None",0,"TA","TA","CBlock","TA","TA","No","ALQ",569,"Unf",0,381,950,"GasA","Other","Y","SBrkr",1225,0,0,1225,1,0,1,1,3,1,"TA",6,"Typ",0,"No fireplace","Other","Other","Other","Other","Other","Y",352,0,0,0,0,0,"No","No fence","Other",400,1,2010,128950,0,2.5,51
"20","RL",90,9900,"Pave","No alley","Reg","Lvl","AllPub","Other","Gtl","NAmes","Norm","Norm","1Fam","1Story",5,5,1966,1966,"Other","CompShg","HdBoard","HdBoard","None",0,"TA","TA","PConc","Gd","TA","No","BLQ",1059,"Unf",0,150,1209,"GasA","Other","Y","SBrkr",1209,0,0,1209,1,0,1,0,3,1,"TA",6,"Typ",0,"No fireplace","Attchd","RFn","2","TA","TA","Y",0,0,120,0,0,0,"No","No fence","None",0,4,2010,159000,120,2,44
"20","RL",88,9680,"Pave","No alley","Reg","Lvl","AllPub","Inside","Gtl","NAmes","Norm","Norm","1Fam","1Story",5,6,1967,1967,"Gable","CompShg","Wd Sdng","Plywood","Other",268,"TA","TA","CBlock","TA","TA","No","BLQ",1010,"Unf",0,500,1510,"GasA","Ex","Y","SBrkr",1510,0,0,1510,1,0,2,0,3,1,"Other",6,"Typ",0,"No fireplace","Attchd","RFn","2","TA","TA","Y",0,40,0,0,204,0,"No","Other","None",0,4,2010,178900,244,3,43
"80","RL",0,14112,"Pave","No alley","Other","Lvl","AllPub","Other","Gtl","NAmes","Norm","Norm","1Fam","Other",5,7,1964,1964,"Other","CompShg","Wd Sdng","HdBoard","Other",86,"TA","TA","PConc","TA","TA","Other","GLQ",1014,"Unf",0,138,1152,"GasA","TA","Y","SBrkr",1152,0,0,1152,1,0,1,0,3,1,"TA",6,"Typ",1,"Gd","Attchd","RFn","2","TA","TA","Y",227,0,0,0,0,0,"No","No fence","None",0,4,2010,180500,0,2,46
"20","RL",68,9717,"Pave","No alley","Reg","Lvl","AllPub","Inside","Gtl","NAmes","Norm","Norm","1Fam","1Story",5,6,1950,1996,"Other","CompShg","MetalSd","MetalSd","None",0,"TA","TA","CBlock","TA","TA","Other","GLQ",49,"Other",1029,0,1078,"GasA","Other","Y","Other",1078,0,0,1078,1,0,1,0,2,1,"Other",5,"Typ",0,"No fireplace","Attchd","Unf","Other","TA","TA","Y",366,0,112,0,0,0,"No","No fence","None",0,4,2010,142125,112,2,14
"50","RL",68,9724,"Pave","No alley","Reg","Lvl","AllPub","Inside","Gtl","NAmes","Norm","Norm","1Fam","Other",5,7,1952,2002,"Gable","CompShg","MetalSd","MetalSd","Other",265,"Other","TA","CBlock","TA","TA","No","Other",670,"Unf",0,470,1140,"GasA","Other","Y","SBrkr",1929,532,0,2461,0,0,2,0,3,1,"TA",7,"Other",2,"Gd","Other","Unf","2","TA","TA","Y",0,0,0,0,0,0,"No","Other","None",0,3,2010,197600,0,2,8
"50","RL",120,17360,"Pave","No alley","Reg","Lvl","AllPub","Other","Gtl","NAmes","Other","Norm","1Fam","Other",6,6,1949,1950,"Gable","CompShg","MetalSd","MetalSd","Other",340,"TA","Other","CBlock","TA","TA","No","Rec",300,"Unf",0,482,782,"GasA","TA","Y","SBrkr",1019,537,0,1556,0,0,2,0,3,1,"TA",6,"Typ",1,"Gd","Attchd","Unf","2","TA","TA","Y",0,0,150,0,0,0,"No","No fence","None",0,1,2010,172500,150,2,60
"20","RL",50,7207,"Pave","No alley","Other","Lvl","AllPub","Inside","Gtl","BrkSide","Norm","Norm","1Fam","1Story",5,7,1958,2008,"Gable","CompShg","Wd Sdng","Plywood","None",0,"TA","Other","CBlock","TA","TA","Other","BLQ",696,"Unf",0,162,858,"GasA","Other","Y","SBrkr",858,0,0,858,1,0,1,0,2,1,"TA",4,"Typ",0,"No fireplace","Other","Other","Other","Other","Other","Y",117,0,0,0,0,0,"No","No fence","None",0,2,2010,116500,0,2,2
"30","RL",55,5350,"Pave","No alley","Other","Lvl","AllPub","Inside","Gtl","BrkSide","Norm","Norm","1Fam","1Story",3,2,1940,1966,"Gable","CompShg","Wd Sdng","Plywood","None",0,"TA","Other","CBlock","TA","TA","No","Unf",0,"Unf",0,728,728,"GasA","Ex","Y","SBrkr",1306,0,0,1306,0,0,1,0,3,1,"Other",6,"Other",0,"No fireplace","Other","Other","Other","Other","Other","Y",263,0,0,0,0,0,"No","Other","Other",450,5,2010,76500,0,1,44
"20","RL",80,9920,"Pave","No alley","Reg","Lvl","AllPub","Inside","Gtl","NAmes","Norm","Norm","1Fam","1Story",5,5,1954,1954,"Gable","CompShg","HdBoard","HdBoard","Other",110,"TA","TA","CBlock","TA","TA","No","Rec",354,"Other",290,412,1056,"GasA","TA","Y","SBrkr",1063,0,0,1063,1,0,1,0,3,1,"TA",6,"Typ",0,"No fireplace","Attchd","RFn","Other","TA","TA","Y",0,0,164,0,0,0,"No","Other","None",0,2,2010,128000,164,2,56
"80","RL",80,9600,"Pave","No alley","Reg","Lvl","AllPub","Inside","Gtl","NAmes","Norm","Norm","1Fam","Other",6,6,1955,1972,"Gable","CompShg","AsbShng","AsbShng","Other",164,"TA","TA","CBlock","TA","TA","Other","BLQ",674,"Other",132,350,1156,"GasA","Ex","Y","SBrkr",1520,0,0,1520,1,0,1,0,3,1,"TA",7,"Typ",2,"Gd","Other","RFn","Other","TA","TA","Y",0,0,189,0,0,0,"No","No fence","None",0,3,2010,153000,189,2,38
"20","RL",78,7800,"Pave","No alley","Reg","Lvl","AllPub","Inside","Gtl","NAmes","Norm","Norm","1Fam","1Story",5,6,1954,1954,"Gable","CompShg","HdBoard","HdBoard","Other",200,"TA","TA","PConc","TA","TA","No","Other",540,"Unf",0,728,1268,"GasA","Other","Y","SBrkr",1268,0,0,1268,0,0,1,0,2,1,"TA",7,"Typ",1,"Gd","Attchd","Fin","Other","TA","TA","Y",0,98,0,0,0,0,"No","No fence","None",0,3,2010,132000,98,1,56
"85","RL",75,11380,"Pave","No alley","Other","Lvl","AllPub","Inside","Gtl","NAmes","Norm","Norm","1Fam","Other",6,8,1966,2008,"Gable","CompShg","HdBoard","HdBoard","Other",216,"TA","TA","CBlock","TA","TA","Other","GLQ",944,"Unf",0,136,1080,"GasA","Other","Y","SBrkr",1128,0,0,1128,1,0,1,0,2,1,"Other",5,"Typ",1,"Gd","Attchd","Unf","Other","TA","TA","Y",238,0,0,0,0,0,"No","No fence","Other",1500,1,2010,178000,0,2,2
"90","RL",80,11600,"Pave","No alley","Reg","Lvl","AllPub","Other","Gtl","NAmes","Other","Norm","Other","Other",5,5,1960,1960,"Gable","CompShg","MetalSd","MetalSd","Other",361,"TA","TA","CBlock","TA","TA","No","Rec",443,"Unf",0,662,1105,"GasA","TA","Y","Other",1105,1169,0,2274,0,0,2,0,5,2,"TA",12,"Typ",0,"No fireplace","Other","Unf","2","TA","TA","Y",0,0,0,0,0,0,"No","No fence","None",0,1,2010,154300,0,2,50
"20","RL",0,19900,"Pave","No alley","Reg","Lvl","AllPub","Inside","Gtl","NAmes","Other","Norm","1Fam","1Story",7,5,1970,1989,"Gable","CompShg","Plywood","Plywood","Other",287,"TA","TA","CBlock","Gd","TA","Other","GLQ",912,"Unf",0,1035,1947,"GasA","TA","Y","SBrkr",2207,0,0,2207,1,0,2,0,3,1,"TA",7,"Other",1,"Gd","Attchd","RFn","2","TA","TA","Y",301,0,0,0,0,0,"No","No fence","None",0,7,2010,180000,0,3,21
"20","RL",137,16492,"Pave","No alley","Other","Lvl","AllPub","Other","Gtl","NAmes","Other","Norm","1Fam","1Story",6,6,1966,2002,"Gable","CompShg","BrkFace","Plywood","None",0,"Other","TA","CBlock","TA","TA","No","ALQ",247,"Other",713,557,1517,"GasA","Ex","Y","SBrkr",1888,0,0,1888,0,0,2,1,2,1,"Other",6,"Other",1,"Gd","Attchd","Fin","2","TA","TA","Y",0,0,0,0,0,0,"No","No fence","None",0,6,2010,190000,0,2.5,8
"90","RL",70,8267,"Pave","No alley","Reg","Lvl","AllPub","Other","Gtl","NAmes","Other","Norm","Other","1Story",5,5,1958,1958,"Gable","CompShg","HdBoard","HdBoard","None",0,"TA","TA","CBlock","TA","TA","No","Unf",0,"Unf",0,1604,1604,"GasA","TA","Y","SBrkr",1604,0,0,1604,0,0,2,0,4,2,"TA",8,"Typ",0,"No fireplace","Attchd","Unf","2","TA","TA","Y",42,0,0,0,0,0,"No","No fence","None",0,3,2010,135000,0,2,52
"20","RL",70,8197,"Pave","No alley","Reg","Lvl","AllPub","Inside","Gtl","NAmes","Norm","Norm","1Fam","1Story",7,5,2003,2009,"Gable","CompShg","VinylSd","VinylSd","Other",506,"Other","TA","PConc","Gd","TA","No","GLQ",1188,"Unf",0,292,1480,"GasA","Ex","Y","SBrkr",1480,0,0,1480,1,0,2,0,3,1,"Other",7,"Typ",0,"No fireplace","Attchd","RFn","2","TA","TA","Y",252,73,0,0,0,0,"No","Other","Other",300,2,2010,214000,73,3,1
"20","RL",0,8050,"Pave","No alley","Other","Lvl","AllPub","Inside","Gtl","NAmes","Norm","Norm","1Fam","1Story",5,5,1959,1959,"Other","CompShg","MetalSd","MetalSd","Other",150,"TA","TA","CBlock","TA","TA","No","BLQ",856,"Other",162,125,1143,"GasA","TA","Y","SBrkr",1143,0,0,1143,1,0,1,0,3,1,"TA",6,"Typ",0,"No fireplace","Attchd","RFn","Other","TA","TA","Y",0,0,0,0,0,0,"No","Other","None",0,5,2010,136000,0,2,51
"20","RL",70,10552,"Pave","No alley","Other","Lvl","AllPub","Inside","Gtl","NAmes","Norm","Norm","1Fam","1Story",5,5,1959,1959,"Other","CompShg","BrkFace","BrkFace","None",0,"TA","TA","CBlock","TA","TA","No","Rec",1018,"Unf",0,380,1398,"GasA","Other","Y","SBrkr",1700,0,0,1700,0,1,1,1,4,1,"Other",6,"Typ",1,"Gd","Attchd","RFn","2","TA","TA","Y",0,38,0,0,0,0,"No","No fence","None",0,4,2010,165500,38,2,51
"20","RL",70,8400,"Pave","No alley","Reg","Lvl","AllPub","Inside","Gtl","NAmes","Norm","Norm","1Fam","1Story",5,6,1957,1957,"Gable","CompShg","MetalSd","MetalSd","None",0,"TA","Other","CBlock","TA","TA","No","Rec",922,"Unf",0,392,1314,"GasA","TA","Y","SBrkr",1314,0,0,1314,1,0,1,0,3,1,"TA",5,"Typ",0,"No fireplace","Attchd","RFn","Other","TA","TA","Y",250,0,0,0,0,0,"No","No fence","None",0,6,2010,145000,0,2,53
"20","RL",73,8760,"Pave","No alley","Reg","Lvl","AllPub","Inside","Gtl","NAmes","Norm","Norm","1Fam","1Story",6,6,1959,1959,"Other","CompShg","MetalSd","MetalSd","Other",220,"TA","TA","CBlock","TA","TA","No","Unf",0,"Unf",0,1194,1194,"GasA","TA","Y","SBrkr",1194,0,0,1194,1,0,1,0,3,1,"TA",6,"Typ",0,"No fireplace","Attchd","RFn","Other","TA","TA","Y",0,0,120,0,0,0,"No","No fence","None",0,4,2010,148000,120,2,51
"20","RL",73,9300,"Pave","No alley","Reg","Lvl","AllPub","Inside","Gtl","NAmes","Other","Norm","1Fam","1Story",5,5,1960,1960,"Gable","CompShg","MetalSd","HdBoard","Other",324,"TA","TA","CBlock","TA","TA","No","Rec",697,"Unf",0,571,1268,"GasA","TA","Y","SBrkr",1264,0,0,1264,1,0,1,0,3,1,"TA",6,"Typ",2,"Gd","Attchd","Unf","2","TA","TA","Y",0,0,0,0,143,0,"No","No fence","None",0,4,2010,167500,143,2,50
"20","RL",87,10725,"Pave","No alley","Other","Lvl","AllPub","Inside","Gtl","NAmes","Norm","Norm","1Fam","1Story",5,5,1959,1959,"Other","CompShg","MetalSd","MetalSd","Other",91,"TA","TA","CBlock","TA","TA","No","Rec",936,"Unf",0,270,1206,"GasA","Other","Y","SBrkr",1206,0,0,1206,0,0,1,0,3,1,"TA",6,"Typ",0,"No fireplace","Attchd","RFn","Other","TA","TA","Y",0,21,0,0,0,0,"No","No fence","None",0,5,2010,108538,21,1,51
"20","RL",80,10032,"Pave","No alley","Reg","Lvl","AllPub","Inside","Gtl","NAmes","Norm","Norm","1Fam","1Story",6,5,1959,1959,"Gable","CompShg","Wd Sdng","Wd Sdng","Other",432,"TA","TA","CBlock","TA","TA","No","Rec",734,"Unf",0,510,1244,"GasA","Ex","Y","SBrkr",1580,0,0,1580,1,0,1,1,3,1,"TA",6,"Typ",2,"Gd","Attchd","Unf","2","TA","TA","Y",0,28,0,0,160,0,"No","Other","None",0,6,2010,159500,188,2.5,51
"50","RL",60,8382,"Pave","No alley","Reg","Lvl","AllPub","Inside","Gtl","NAmes","Norm","Norm","1Fam","Other",4,5,1956,1956,"Gable","CompShg","MetalSd","MetalSd","None",0,"TA","TA","CBlock","TA","TA","No","Unf",0,"Unf",0,832,832,"GasA","TA","Y","Other",832,505,0,1337,0,0,1,0,3,1,"TA",5,"Typ",0,"No fireplace","Attchd","Unf","Other","TA","TA","Y",0,0,0,0,0,0,"No","No fence","None",0,2,2010,108000,0,1,54
"20","RL",60,10950,"Pave","No alley","Reg","Lvl","AllPub","Inside","Gtl","NAmes","Norm","Norm","1Fam","1Story",5,7,1952,1952,"Gable","CompShg","WdShing","Wd Shng","None",0,"TA","TA","CBlock","TA","TA","No","BLQ",339,"Unf",0,525,864,"GasA","TA","Y","SBrkr",1064,0,0,1064,0,1,1,0,2,1,"Other",4,"Typ",0,"No fireplace","Other","Unf","Other","TA","TA","Y",0,0,0,0,0,0,"No","No fence","None",0,5,2010,135000,0,1.5,58
"20","RL",119,10895,"Pave","No alley","Reg","Lvl","AllPub","Other","Gtl","NAmes","Norm","Norm","1Fam","1Story",5,6,1955,1955,"Gable","CompShg","MetalSd","MetalSd","None",0,"TA","Other","CBlock","TA","TA","No","Rec",648,"Unf",0,324,972,"GasA","TA","Y","SBrkr",972,0,0,972,0,0,1,0,3,1,"TA",5,"Typ",0,"No fireplace","Attchd","Unf","Other","TA","TA","Y",0,0,205,0,0,0,"No","Other","None",0,6,2010,122500,205,1,55
"30","RL",65,7898,"Pave","No alley","Reg","Lvl","AllPub","Other","Gtl","NAmes","Norm","Norm","1Fam","1Story",4,7,1920,1994,"Gable","CompShg","MetalSd","MetalSd","None",0,"TA","TA","Other","TA","TA","No","Unf",0,"Unf",0,576,576,"GasA","Other","Y","SBrkr",985,0,0,985,0,1,1,0,2,1,"TA",4,"Typ",0,"No fireplace","Other","Unf","2","TA","TA","Other",0,0,0,0,0,0,"No","No fence","None",0,4,2010,105000,0,1.5,16
"20","RL",60,7200,"Pave","No alley","Reg","Lvl","AllPub","Inside","Gtl","NAmes","Norm","Norm","1Fam","1Story",5,7,1955,2007,"Gable","CompShg","VinylSd","VinylSd","None",0,"TA","TA","Other","Other","Other","Other","Other",0,"Other",0,0,0,"GasA","Ex","Y","SBrkr",827,0,0,827,0,0,1,0,2,1,"TA",5,"Other",1,"Other","Other","Unf","Other","TA","TA","Y",0,0,0,0,0,0,"No","No fence","None",0,4,2010,107500,0,1,3
"20","RL",85,10200,"Pave","No alley","Reg","Lvl","AllPub","Inside","Gtl","NAmes","Norm","Norm","1Fam","1Story",5,7,1954,2003,"Gable","CompShg","Wd Sdng","Wd Sdng","Other",104,"TA","TA","CBlock","TA","TA","No","ALQ",320,"Other",362,404,1086,"GasA","Other","Y","SBrkr",1086,0,0,1086,1,0,1,0,3,1,"TA",6,"Typ",0,"No fireplace","Attchd","Unf","2","TA","TA","Y",0,0,0,0,0,0,"No","Other","None",0,5,2010,144900,0,2,7
"20","RL",74,5868,"Pave","No alley","Reg","Lvl","AllPub","Inside","Gtl","NAmes","Norm","Norm","1Fam","1Story",5,7,1956,2000,"Gable","CompShg","MetalSd","MetalSd","None",0,"TA","TA","CBlock","TA","TA","No","BLQ",248,"Other",240,448,936,"GasA","Ex","Y","SBrkr",936,0,0,936,1,0,1,0,2,1,"TA",4,"Typ",0,"No fireplace","Attchd","Fin","Other","TA","TA","Y",0,0,80,0,160,0,"No","No fence","None",0,5,2010,129000,240,2,10
"90","RL",64,6979,"Pave","No alley","Reg","Lvl","AllPub","Inside","Gtl","OldTown","Norm","Norm","Other","Other",6,5,1980,1980,"Gable","CompShg","Plywood","Plywood","None",0,"TA","TA","CBlock","TA","TA","No","GLQ",1056,"Unf",0,0,1056,"GasA","Other","Y","SBrkr",1056,0,0,1056,2,0,0,0,0,2,"TA",4,"Typ",0,"No fireplace","Other","Unf","2","TA","TA","Y",264,56,0,0,0,0,"No","Other","Other",600,6,2010,144000,56,2,30
"20","RL",0,9830,"Pave","No alley","Other","Lvl","AllPub","Other","Gtl","NAmes","Norm","Norm","1Fam","1Story",5,7,1959,2006,"Gable","CompShg","Wd Sdng","Wd Sdng","None",0,"TA","Other","CBlock","TA","TA","No","ALQ",72,"Other",258,733,1063,"GasA","Ex","Y","SBrkr",1287,0,0,1287,1,0,1,0,3,1,"Other",7,"Typ",1,"Gd","Other","Fin","2","TA","TA","Y",364,17,0,0,182,0,"No","No fence","None",0,3,2010,162000,199,2,4
"80","RL",96,11275,"Pave","No alley","Reg","Lvl","AllPub","Other","Gtl","NAmes","Other","Norm","1Fam","Other",7,7,1967,2007,"Other","Other","Wd Sdng","Wd Sdng","Other",300,"Other","Other","CBlock","Gd","TA","No","Unf",0,"Unf",0,710,710,"GasA","Ex","Y","SBrkr",1898,1080,0,2978,0,0,2,1,5,1,"Other",11,"Typ",1,"Gd","Other","Fin","2","TA","TA","Y",240,0,0,0,0,0,"No","No fence","None",0,6,2010,242000,0,2.5,3
"50","RL",60,8064,"Pave","No alley","Reg","Lvl","AllPub","Inside","Gtl","NAmes","Other","Norm","1Fam","Other",6,8,1948,2004,"Gable","CompShg","WdShing","Wd Shng","None",0,"TA","TA","CBlock","TA","TA","No","ALQ",481,"Other",174,161,816,"GasA","TA","Y","SBrkr",816,408,0,1224,1,0,1,0,3,1,"TA",5,"Typ",0,"No fireplace","Other","Unf","Other","TA","TA","Y",414,0,0,0,0,0,"No","Other","None",0,5,2010,132000,0,2,6
"20","RL",75,7500,"Pave","No alley","Reg","Lvl","AllPub","Inside","Gtl","NAmes","Norm","Norm","1Fam","1Story",5,7,1959,1994,"Other","CompShg","BrkFace","BrkFace","None",0,"TA","TA","CBlock","TA","TA","No","Other",340,"Other",906,0,1246,"GasA","Ex","Y","SBrkr",1246,0,0,1246,1,0,1,1,3,1,"Other",6,"Typ",0,"No fireplace","Attchd","RFn","Other","TA","TA","Y",218,0,0,0,0,0,"No","Other","None",0,5,2010,154000,0,2.5,16
"50","RL",71,8520,"Pave","No alley","Reg","Lvl","AllPub","Other","Gtl","NAmes","Other","Norm","1Fam","Other",5,4,1952,1952,"Gable","CompShg","BrkFace","Wd Sdng","None",0,"TA","Other","CBlock","TA","TA","No","Rec",507,"Unf",0,403,910,"GasA","Other","Y","SBrkr",910,475,0,1385,0,0,2,0,4,1,"TA",6,"Typ",0,"No fireplace","Other","Unf","2","TA","TA","Y",0,0,0,0,0,0,"No","Other","None",0,6,2010,166000,0,2,58
"20","RL",60,7200,"Pave","No alley","Reg","Lvl","AllPub","Other","Gtl","NAmes","Norm","Norm","1Fam","1Story",5,7,1951,2000,"Gable","CompShg","Wd Sdng","Wd Sdng","None",0,"TA","TA","CBlock","TA","TA","Other","BLQ",234,"Other",486,180,900,"GasA","TA","Y","SBrkr",900,0,0,900,0,1,1,0,3,1,"Other",5,"Typ",0,"No fireplace","Other","Unf","2","TA","TA","Y",222,32,0,0,0,0,"No","No fence","None",0,5,2010,134800,32,1.5,10
"20","RL",87,10000,"Pave","No alley","Other","Lvl","AllPub","Other","Gtl","NAmes","Norm","Norm","1Fam","1Story",6,6,1962,1962,"Other","CompShg","Wd Sdng","Wd Sdng","Other",261,"TA","TA","CBlock","TA","TA","No","Unf",0,"Unf",0,1116,1116,"GasA","TA","Y","SBrkr",1116,0,0,1116,0,0,1,1,3,1,"TA",5,"Typ",0,"No fireplace","Attchd","Unf","2","TA","TA","Y",0,0,0,0,385,0,"No","No fence","None",0,2,2010,160000,385,1.5,48
"20","RL",81,7635,"Pave","No alley","Other","Lvl","AllPub","Other","Gtl","NAmes","Norm","Norm","1Fam","1Story",5,6,1960,1960,"Gable","CompShg","BrkFace","Wd Sdng","None",0,"TA","TA","CBlock","TA","TA","No","Rec",588,"Other",350,237,1175,"GasA","Ex","Y","SBrkr",1175,0,0,1175,0,0,1,1,3,1,"TA",6,"Typ",0,"No fireplace","Other","RFn","2","TA","TA","Y",0,0,0,0,0,0,"No","No fence","None",0,6,2010,148000,0,1.5,50
"20","RL",80,9760,"Pave","No alley","Reg","Lvl","AllPub","Inside","Other","NAmes","Norm","Norm","1Fam","1Story",6,7,1963,1984,"Other","CompShg","Wd Sdng","Wd Sdng","Other",218,"TA","TA","CBlock","TA","TA","Other","BLQ",717,"Other",263,415,1395,"GasA","TA","Y","SBrkr",1395,0,0,1395,1,0,1,0,2,1,"TA",7,"Other",1,"TA","Attchd","RFn","2","TA","TA","Y",657,0,113,0,240,0,"No","No fence","None",0,5,2010,192000,353,2,26
"60","RL",70,7700,"Pave","No alley","Reg","Lvl","AllPub","Inside","Gtl","NAmes","Other","Norm","1Fam","Other",6,5,1966,1966,"Gable","CompShg","MetalSd","MetalSd","Other",351,"TA","TA","CBlock","TA","TA","No","Unf",0,"Unf",0,756,756,"GasA","TA","Y","SBrkr",1051,788,0,1839,0,0,1,1,4,1,"TA",7,"Typ",1,"TA","Attchd","Unf","2","TA","TA","Y",0,124,216,0,0,0,"No","No fence","None",0,6,2010,155000,340,1.5,44
"50","Other",55,8800,"Pave","Other","Reg","Lvl","AllPub","Other","Gtl","OldTown","Norm","Norm","1Fam","Other",4,7,1910,2004,"Gable","CompShg","Wd Sdng","Wd Sdng","None",0,"TA","TA","Other","TA","Other","No","Unf",0,"Unf",0,576,576,"GasA","Other","Y","SBrkr",792,348,0,1140,0,0,1,0,3,1,"TA",7,"Other",0,"No fireplace","Other","Other","Other","Other","Other","Other",0,160,0,0,0,0,"No","No fence","None",0,6,2010,96500,160,1,6
"30","Other",56,4485,"Pave","Other","Reg","Lvl","AllPub","Inside","Gtl","OldTown","Other","Norm","1Fam","1Story",5,7,1920,1950,"Gable","CompShg","Wd Sdng","Wd Sdng","None",0,"TA","TA","PConc","TA","TA","No","BLQ",579,"Unf",0,357,936,"GasA","TA","Y","SBrkr",936,0,0,936,1,0,1,0,2,1,"TA",5,"Typ",1,"Gd","Other","Other","Other","Other","Other","Other",51,0,135,0,0,0,"No","Other","None",0,5,2010,109500,135,2,60
"30","Other",56,8960,"Pave","Other","Reg","Lvl","AllPub","Inside","Gtl","OldTown","Other","Norm","1Fam","1Story",5,6,1927,1950,"Gable","CompShg","WdShing","Wd Shng","None",0,"TA","TA","CBlock","TA","TA","No","Unf",0,"Unf",0,1008,1008,"GasA","Other","Y","Other",1028,0,0,1028,0,0,1,0,2,1,"TA",5,"Typ",1,"Gd","Other","Unf","2","TA","TA","Y",0,0,130,0,0,0,"No","No fence","None",0,3,2010,115000,130,1,60
"20","Other",69,5805,"Pave","Other","Reg","Other","AllPub","Inside","Other","OldTown","Norm","Norm","1Fam","1Story",5,7,1957,1957,"Other","CompShg","MetalSd","MetalSd","None",0,"TA","TA","CBlock","TA","TA","Other","BLQ",274,"Other",1073,0,1347,"GasA","Other","Y","SBrkr",1347,0,0,1347,1,1,1,0,3,1,"Other",6,"Typ",0,"No fireplace","Other","Unf","2","TA","TA","Y",0,0,0,0,0,0,"No","No fence","None",0,6,2010,143000,0,2.5,53
"50","Other",60,5790,"Pave","No alley","Reg","Lvl","AllPub","Other","Gtl","OldTown","Norm","Norm","1Fam","Other",3,6,1915,1950,"Other","CompShg","VinylSd","VinylSd","None",0,"Other","Other","CBlock","Other","TA","No","Unf",0,"Unf",0,840,840,"GasA","Other","Other","SBrkr",840,765,0,1605,0,0,2,0,3,2,"TA",8,"Typ",0,"No fireplace","Other","Unf","Other","TA","TA","Y",0,0,202,0,0,0,"No","No fence","None",0,5,2010,107400,202,2,60
"30","Other",47,4608,"Pave","No alley","Reg","Lvl","AllPub","Other","Gtl","OldTown","Other","Norm","1Fam","1Story",4,6,1945,1950,"Gable","CompShg","MetalSd","MetalSd","None",0,"TA","Other","CBlock","TA","TA","No","Unf",0,"Unf",0,747,747,"GasA","TA","Y","SBrkr",747,0,0,747,0,0,1,0,2,1,"TA",4,"Typ",0,"No fireplace","Attchd","Unf","Other","TA","TA","Y",0,0,0,0,0,0,"No","No fence","None",0,6,2010,80000,0,1,60
"50","Other",50,5500,"Pave","No alley","Reg","Lvl","AllPub","Other","Gtl","OldTown","Norm","Norm","1Fam","Other",5,7,1929,2001,"Gable","CompShg","Wd Sdng","Wd Sdng","None",0,"TA","TA","Other","TA","TA","No","Other",234,"Other",692,0,926,"GasA","TA","Y","SBrkr",926,0,390,1316,1,0,1,0,3,1,"TA",6,"Typ",0,"No fireplace","Other","Unf","2","TA","TA","Y",0,0,0,0,0,0,"No","No fence","None",0,4,2010,130000,0,2,9
"45","Other",50,6900,"Pave","No alley","Reg","Lvl","AllPub","Other","Gtl","OldTown","Norm","Norm","1Fam","Other",6,7,1938,2000,"Gable","CompShg","MetalSd","MetalSd","None",0,"TA","TA","PConc","Gd","TA","No","Unf",0,"Unf",0,827,827,"GasA","Other","Y","SBrkr",827,424,0,1251,0,0,1,0,3,1,"Other",6,"Typ",0,"No fireplace","Other","Unf","Other","Other","TA","Other",0,0,0,0,0,0,"No","No fence","None",0,1,2010,119000,0,1,10
"50","Other",69,11851,"Pave","No alley","Reg","Lvl","AllPub","Inside","Gtl","OldTown","Other","Norm","1Fam","Other",5,7,1948,2009,"Gable","CompShg","VinylSd","VinylSd","None",0,"TA","Other","Other","TA","TA","No","BLQ",780,"Unf",0,247,1027,"GasA","Ex","Y","SBrkr",1027,606,0,1633,0,0,1,0,3,1,"Other",7,"Typ",1,"Gd","Other","Unf","Other","TA","TA","Y",0,100,126,0,0,0,"No","No fence","None",0,6,2010,129000,226,1,1
"50","Other",0,8239,"Pave","No alley","Reg","Lvl","AllPub","Inside","Gtl","OldTown","Other","Norm","1Fam","Other",5,6,1920,1962,"Gable","CompShg","MetalSd","MetalSd","None",0,"TA","TA","Other","TA","TA","No","Rec",176,"Unf",0,832,1008,"GasA","TA","Y","SBrkr",1060,185,0,1245,0,0,1,0,3,1,"TA",6,"Typ",0,"No fireplace","Other","Unf","Other","TA","TA","Y",0,0,334,0,0,0,"No","No fence","None",0,3,2010,100000,334,1,48
"30","Other",60,8520,"Pave","No alley","Reg","Lvl","AllPub","Inside","Gtl","OldTown","Norm","Norm","1Fam","1Story",6,8,1928,2003,"Gable","CompShg","VinylSd","VinylSd","None",0,"TA","Other","Other","TA","TA","No","Unf",0,"Unf",0,624,624,"GasA","Other","Y","SBrkr",720,0,0,720,0,0,1,0,2,1,"TA",5,"Typ",0,"No fireplace","Other","Unf","2","TA","TA","Y",106,0,0,0,0,0,"No","No fence","None",0,5,2010,105900,0,1,7
"50","Other",60,10800,"Pave","No alley","Reg","Lvl","AllPub","Inside","Gtl","OldTown","Other","Norm","1Fam","Other",5,6,1915,1950,"Gable","CompShg","MetalSd","MetalSd","None",0,"TA","Other","PConc","Other","TA","No","Other",686,"Unf",0,0,686,"GasA","TA","Y","SBrkr",966,686,0,1652,1,0,2,0,4,1,"TA",7,"Typ",0,"No fireplace","Other","Unf","Other","TA","TA","Y",0,0,196,0,0,0,"No","No fence","Other",1200,6,2010,139000,196,3,60
"70","Other",50,9000,"Pave","Other","Reg","Lvl","AllPub","Inside","Gtl","OldTown","Norm","Norm","1Fam","Other",8,9,1890,2002,"Gable","CompShg","Wd Sdng","Wd Sdng","None",0,"Other","Other","Other","Other","Other","No","Unf",0,"Unf",0,346,346,"GasA","Ex","Y","SBrkr",1157,1111,0,2268,0,0,3,0,3,1,"Other",7,"Typ",0,"No fireplace","Other","Unf","2","TA","TA","Other",0,108,0,0,0,0,"No","No fence","None",0,4,2010,240000,108,3,8
"20","Other",90,7407,"Pave","No alley","Reg","Lvl","AllPub","Inside","Gtl","OldTown","Other","Norm","1Fam","1Story",6,7,1957,1996,"Gable","CompShg","MetalSd","MetalSd","None",0,"TA","TA","CBlock","TA","TA","No","GLQ",600,"Unf",0,312,912,"GasA","TA","Y","Other",1236,0,0,1236,1,0,1,0,2,1,"TA",6,"Typ",0,"No fireplace","Attchd","Unf","2","TA","TA","Y",0,158,158,0,0,0,"No","Other","None",0,4,2010,149700,316,2,14
"70","Other",60,7740,"Pave","No alley","Reg","Lvl","AllPub","Inside","Gtl","OldTown","Norm","Norm","1Fam","Other",4,7,1910,1950,"Gable","CompShg","VinylSd","VinylSd","None",0,"TA","TA","CBlock","Other","TA","No","Unf",0,"Unf",0,622,622,"GasA","Other","Y","SBrkr",741,622,0,1363,0,0,1,0,3,1,"TA",6,"Typ",0,"No fireplace","Other","Unf","2","TA","TA","Y",0,0,0,0,168,0,"No","No fence","None",0,6,2010,125500,168,1,60
"190","Other",60,11340,"Pave","No alley","Reg","Lvl","AllPub","Inside","Gtl","OldTown","Norm","Norm","Other","Other",4,6,1885,1950,"Gable","CompShg","VinylSd","AsbShng","None",0,"TA","TA","PConc","TA","TA","No","Unf",0,"Unf",0,777,777,"GasA","Other","Y","SBrkr",1246,1044,0,2290,0,0,2,0,4,2,"TA",11,"Typ",0,"No fireplace","Other","Unf","2","TA","TA","Other",0,0,114,0,0,0,"No","No fence","None",0,4,2010,122500,114,2,60
"70","Other",60,10560,"Pave","No alley","Reg","Lvl","AllPub","Inside","Gtl","OldTown","Norm","Norm","1Fam","Other",6,7,1922,1994,"Gable","CompShg","Wd Sdng","Wd Sdng","None",0,"TA","TA","CBlock","Other","TA","No","Rec",283,"Unf",0,455,738,"GasA","Ex","Y","SBrkr",868,602,0,1470,0,0,1,1,2,1,"TA",6,"Other",0,"No fireplace","Other","Unf","2","TA","TA","Y",0,0,0,0,0,0,"No","No fence","None",0,6,2010,140750,0,1.5,16
"50","Other",53,5830,"Pave","No alley","Reg","Lvl","AllPub","Other","Gtl","BrkSide","Other","Other","1Fam","Other",5,6,1950,1997,"Gable","CompShg","MetalSd","MetalSd","None",0,"TA","Other","CBlock","TA","TA","No","Rec",788,"Unf",0,200,988,"GasA","Ex","Y","SBrkr",1030,582,0,1612,0,0,1,1,3,1,"TA",7,"Typ",0,"No fireplace","Other","Unf","Other","TA","TA","Y",0,0,0,0,0,0,"No","Other","None",0,3,2010,128500,0,1.5,13
"75","RL",0,7793,"Pave","No alley","Other","Other","AllPub","Other","Gtl","BrkSide","Norm","Norm","1Fam","Other",7,7,1922,2005,"Gable","CompShg","Wd Sdng","Wd Sdng","None",0,"TA","TA","Other","Gd","TA","No","BLQ",474,"Unf",0,634,1108,"GasA","TA","Other","Other",1160,908,0,2068,0,0,1,1,3,1,"Other",8,"Typ",1,"Gd","Other","Unf","Other","TA","TA","Y",0,0,60,0,0,0,"No","No fence","None",0,5,2010,209500,60,1.5,5
"30","Other",50,5000,"Pave","No alley","Reg","Lvl","AllPub","Inside","Gtl","BrkSide","Other","Norm","1Fam","1Story",4,7,1925,1950,"Gable","CompShg","MetalSd","MetalSd","None",0,"TA","TA","Other","TA","TA","No","Rec",188,"Unf",0,577,765,"GasA","TA","Other","Other",765,0,0,765,1,0,1,0,2,1,"Other",4,"Typ",0,"No fireplace","Other","Unf","Other","Other","TA","Other",135,0,41,0,0,0,"No","Other","None",0,4,2010,87000,41,2,60
"50","Other",50,6000,"Pave","No alley","Reg","Lvl","AllPub","Inside","Gtl","BrkSide","Norm","Norm","1Fam","Other",6,6,1940,1950,"Gable","CompShg","MetalSd","MetalSd","None",0,"TA","Other","CBlock","TA","TA","No","Other",264,"Unf",0,308,572,"GasA","Ex","Y","Other",848,348,0,1196,0,1,1,1,3,1,"TA",6,"Typ",2,"Gd","Other","Unf","2","TA","TA","Y",0,0,0,0,0,0,"No","No fence","None",0,3,2010,128000,0,2,60
"50","Other",53,6360,"Pave","No alley","Reg","Lvl","AllPub","Other","Gtl","BrkSide","Other","Norm","1Fam","Other",5,6,1942,1950,"Gable","CompShg","MetalSd","MetalSd","Other",300,"TA","TA","CBlock","TA","TA","No","Rec",360,"Other",159,316,835,"GasA","TA","Y","Other",955,498,0,1453,0,0,1,1,3,1,"Other",7,"Other",2,"Other","Other","Unf","Other","TA","TA","Y",0,0,35,0,148,0,"No","No fence","None",0,3,2010,132000,183,1.5,60
"50","Other",50,6000,"Pave","No alley","Reg","Lvl","AllPub","Inside","Gtl","BrkSide","Norm","Norm","1Fam","Other",6,7,1948,1950,"Gable","CompShg","Wd Sdng","Wd Sdng","None",0,"TA","TA","CBlock","TA","TA","No","Rec",300,"Unf",0,480,780,"GasA","TA","Y","SBrkr",780,636,0,1416,0,0,1,1,3,1,"TA",6,"Typ",0,"No fireplace","Other","Unf","Other","TA","TA","Other",221,0,48,0,0,0,"No","No fence","None",0,3,2010,139900,48,1.5,60
"50","Other",52,6240,"Pave","No alley","Reg","Lvl","AllPub","Inside","Gtl","BrkSide","Norm","Norm","1Fam","Other",5,7,1936,1980,"Gable","CompShg","VinylSd","VinylSd","None",0,"TA","TA","CBlock","TA","Other","No","Rec",276,"Unf",0,252,528,"GasA","Other","Y","SBrkr",548,492,0,1040,0,0,1,0,2,1,"TA",5,"Typ",0,"No fireplace","Other","Fin","2","TA","TA","Other",306,0,32,0,0,0,"No","No fence","None",0,5,2010,123900,32,1,30
"50","Other",52,6240,"Pave","No alley","Reg","Lvl","AllPub","Inside","Gtl","BrkSide","Norm","Norm","1Fam","Other",5,5,1930,1950,"Gable","CompShg","MetalSd","MetalSd","None",0,"TA","TA","Other","TA","TA","No","Other",448,"Unf",0,480,928,"GasA","TA","Y","Other",928,608,0,1536,0,0,2,0,4,1,"TA",7,"Typ",1,"Gd","Other","Unf","2","TA","TA","Y",0,10,0,0,0,0,"No","Other","None",0,3,2010,138400,10,2,60
"30","Other",51,6120,"Pave","No alley","Reg","Lvl","AllPub","Inside","Gtl","OldTown","Other","Norm","1Fam","1Story",6,5,1923,1950,"Gable","CompShg","Wd Sdng","Wd Sdng","None",0,"TA","TA","Other","Other","Other","No","ALQ",960,"Unf",0,164,1124,"GasA","TA","Y","SBrkr",1068,0,0,1068,1,0,1,0,2,1,"TA",5,"Typ",1,"Gd","Other","Unf","Other","TA","TA","Y",0,0,128,0,0,0,"No","No fence","None",0,3,2010,109500,128,2,60
"70","Other",50,10300,"Pave","No alley","Other","Other","AllPub","Inside","Gtl","OldTown","Other","Other","1Fam","Other",7,6,1921,1950,"Gable","CompShg","Stucco","Stucco","None",0,"TA","TA","Other","TA","TA","No","Unf",0,"Unf",0,576,576,"GasA","Other","Y","SBrkr",902,808,0,1710,0,0,2,0,3,1,"TA",9,"Typ",0,"No fireplace","Other","Unf","2","TA","TA","Y",12,11,64,0,0,0,"No","Other","None",0,4,2010,140000,75,2,60
"50","Other",57,8094,"Pave","Other","Reg","Lvl","AllPub","Inside","Gtl","OldTown","Norm","Norm","1Fam","Other",4,5,1915,1950,"Gable","CompShg","MetalSd","MetalSd","None",0,"TA","Other","CBlock","TA","TA","No","Unf",0,"Unf",0,888,888,"GasA","Ex","Y","SBrkr",888,1074,0,1962,0,0,1,1,4,1,"TA",9,"Typ",1,"TA","Other","Unf","2","TA","TA","Y",160,0,364,0,0,0,"No","Other","None",0,6,2010,149500,364,1.5,60
"70","Other",60,12900,"Pave","Other","Reg","Lvl","AllPub","Inside","Gtl","OldTown","Norm","Norm","1Fam","Other",6,8,1912,2009,"Gable","CompShg","Wd Sdng","Wd Sdng","None",0,"Other","Other","PConc","TA","TA","No","Unf",0,"Unf",0,780,780,"GasA","Ex","Y","SBrkr",780,780,0,1560,0,0,1,1,3,1,"Other",7,"Typ",0,"No fireplace","Other","Other","Other","Other","Other","Other",344,0,0,0,168,0,"No","No fence","None",0,5,2010,159900,168,1.5,1
"70","Other",52,3068,"Pave","Other","Reg","Lvl","AllPub","Inside","Gtl","OldTown","Norm","Norm","1Fam","Other",6,8,1920,1993,"Gable","CompShg","VinylSd","VinylSd","None",0,"TA","Other","Other","TA","TA","No","Unf",0,"Unf",0,662,662,"GasA","Ex","Y","SBrkr",662,662,0,1324,0,1,1,0,3,1,"TA",6,"Typ",0,"No fireplace","Other","Unf","Other","TA","TA","Y",0,0,112,0,0,0,"No","Other","None",0,2,2010,122000,112,1.5,17
"90","Other",110,8472,"Other","No alley","Other","Other","AllPub","Other","Other","IDOTRR","Other","Norm","Other","1Story",5,5,1963,1963,"Gable","CompShg","Wd Sdng","Wd Sdng","None",0,"Other","TA","CBlock","Gd","TA","Other","Other",104,"Other",712,0,816,"GasA","TA","Other","SBrkr",816,0,0,816,1,0,1,0,2,1,"TA",5,"Typ",0,"No fireplace","Other","Unf","2","TA","TA","Y",106,0,0,0,0,0,"No","No fence","None",0,5,2010,110000,0,2,47
"190","Other",70,5600,"Pave","No alley","Reg","Lvl","AllPub","Inside","Gtl","IDOTRR","Norm","Norm","Other","Other",4,5,1930,1950,"Other","CompShg","VinylSd","Wd Shng","None",0,"Other","Other","Other","Other","Other","Other","Other",0,"Other",0,0,0,"GasA","Other","Other","SBrkr",372,720,0,1092,0,0,2,0,3,2,"Other",7,"Other",0,"No fireplace","Other","Other","Other","Other","Other","Other",0,0,0,0,0,0,"No","No fence","Other",3500,7,2010,55000,0,2,60
"190","Other",76,7630,"Pave","No alley","Reg","Lvl","AllPub","Inside","Gtl","OldTown","Other","Norm","Other","Other",5,9,1900,1996,"Gable","CompShg","Wd Sdng","Wd Sdng","None",0,"TA","Other","Other","Gd","TA","No","Unf",0,"Unf",0,360,360,"GasA","Other","Y","SBrkr",1032,780,0,1812,0,0,2,0,4,2,"Other",8,"Typ",1,"Other","Other","Unf","2","TA","TA","Other",344,0,40,0,0,0,"No","Other","None",0,5,2010,140000,40,2,14
"70","RL",0,24090,"Pave","No alley","Reg","Lvl","AllPub","Inside","Gtl","ClearCr","Norm","Norm","1Fam","Other",7,7,1940,1950,"Gable","CompShg","MetalSd","MetalSd","None",0,"TA","Other","CBlock","TA","TA","Other","Unf",0,"Unf",0,1032,1032,"GasA","Ex","Y","SBrkr",1207,1196,0,2403,0,0,2,0,4,1,"TA",10,"Typ",2,"TA","Attchd","Unf","Other","TA","TA","Y",56,0,318,0,0,0,"No","No fence","None",0,6,2010,244400,318,2,60
"20","RL",100,15263,"Pave","No alley","Other","Lvl","AllPub","Inside","Gtl","ClearCr","Other","Norm","1Fam","1Story",5,5,1959,1959,"Gable","CompShg","HdBoard","HdBoard","Other",90,"TA","TA","CBlock","Gd","TA","No","Rec",766,"Unf",0,656,1422,"GasA","Other","Y","SBrkr",1675,0,0,1675,0,0,2,0,3,1,"TA",8,"Typ",2,"Gd","Attchd","Unf","Other","TA","TA","Y",0,132,0,0,0,0,"No","No fence","None",0,5,2010,173000,132,2,51
"50","RL",72,10632,"Pave","No alley","Other","Lvl","AllPub","Inside","Gtl","ClearCr","Norm","Norm","1Fam","Other",5,3,1917,1950,"Gable","CompShg","Wd Sdng","Wd Sdng","None",0,"TA","TA","Other","Gd","Other","No","Unf",0,"Unf",0,689,689,"GasA","Other","Other","SBrkr",725,499,0,1224,0,0,1,1,3,1,"Other",6,"Other",0,"No fireplace","Other","Unf","Other","Other","Other","Other",0,0,248,0,0,0,"No","No fence","None",0,1,2010,107500,248,1.5,60
"190","RL",60,9900,"Pave","No alley","Reg","Lvl","AllPub","Inside","Gtl","SWISU","Norm","Norm","Other","Other",5,4,1915,1950,"Gable","CompShg","Wd Sdng","Wd Shng","None",0,"Other","Other","Other","TA","TA","No","Rec",1026,"Unf",0,186,1212,"GasA","TA","Other","SBrkr",1212,180,0,1392,1,0,1,0,3,1,"TA",6,"Typ",0,"No fireplace","Other","Other","Other","Other","Other","Other",0,0,168,0,0,0,"No","No fence","None",0,2,2010,100000,168,2,60
"50","RL",65,6001,"Pave","No alley","Other","Other","AllPub","Inside","Other","SWISU","Norm","Norm","1Fam","Other",6,5,1940,1950,"Gable","CompShg","VinylSd","VinylSd","None",0,"TA","TA","CBlock","Other","TA","No","Other",368,"Unf",0,232,600,"GasA","Ex","Other","SBrkr",600,319,0,919,0,0,1,0,3,1,"TA",5,"Typ",0,"No fireplace","Other","Unf","Other","TA","TA","Y",0,0,45,0,0,0,"No","Other","None",0,3,2010,95000,45,1,60
"190","Other",60,6048,"Pave","No alley","Reg","Lvl","AllPub","Other","Gtl","SWISU","Other","Norm","Other","Other",5,7,1910,1950,"Gable","CompShg","Wd Sdng","Wd Sdng","None",0,"TA","Other","Other","TA","TA","Other","Other",736,"Unf",0,120,856,"GasA","Other","Y","SBrkr",936,744,0,1680,1,0,2,0,2,2,"TA",7,"Typ",1,"Gd","Other","Unf","2","TA","Other","Other",56,144,0,0,0,0,"No","No fence","None",0,6,2010,114900,144,3,60
"50","RL",54,6342,"Pave","No alley","Reg","Lvl","AllPub","Inside","Gtl","Sawyer","Other","Norm","1Fam","Other",5,8,1875,1996,"Gable","CompShg","VinylSd","VinylSd","None",0,"TA","Other","CBlock","TA","TA","No","Unf",0,"Unf",0,780,780,"GasA","Other","Other","SBrkr",780,240,0,1020,0,0,1,0,2,1,"TA",6,"Typ",0,"No fireplace","Other","Other","Other","Other","Other","Other",0,0,176,0,0,0,"No","No fence","None",0,5,2010,94000,176,1,14
"90","RL",72,10773,"Pave","No alley","Reg","Lvl","AllPub","Inside","Gtl","Sawyer","Norm","Norm","Other","1Story",4,3,1967,1967,"Gable","Other","Plywood","Plywood","Other",72,"Other","Other","CBlock","TA","TA","No","ALQ",704,"Unf",0,1128,1832,"GasA","TA","Other","SBrkr",1832,0,0,1832,2,0,2,0,4,2,"TA",8,"Typ",0,"No fireplace","Other","Other","Other","Other","Other","Y",0,58,0,0,0,0,"No","No fence","None",0,5,2010,136000,58,4,43
"90","RL",72,10778,"Pave","No alley","Reg","Lvl","AllPub","Inside","Gtl","Sawyer","Norm","Norm","Other","1Story",4,5,1968,1968,"Other","CompShg","HdBoard","HdBoard","None",0,"TA","TA","CBlock","TA","TA","No","Unf",0,"Unf",0,1768,1768,"GasA","TA","Other","SBrkr",1768,0,0,1768,0,0,2,0,4,2,"TA",8,"Typ",0,"No fireplace","Other","Other","Other","Other","Other","Y",0,0,0,0,0,0,"No","No fence","None",0,4,2010,136500,0,2,42
"190","RL",75,11625,"Pave","No alley","Reg","Lvl","AllPub","Inside","Gtl","Sawyer","Norm","Norm","Other","1Story",5,4,1965,1965,"Other","CompShg","Plywood","HdBoard","None",0,"TA","TA","PConc","TA","TA","Other","BLQ",841,"Unf",0,198,1039,"GasA","Ex","Y","SBrkr",1039,0,0,1039,1,0,1,1,3,1,"TA",6,"Typ",0,"No fireplace","Attchd","Unf","2","TA","TA","Y",0,0,0,0,0,0,"No","No fence","None",0,4,2010,131500,0,2.5,45
"20","RL",0,11341,"Pave","No alley","Other","Lvl","AllPub","Inside","Gtl","Sawyer","Norm","Norm","1Fam","1Story",5,6,1957,1996,"Other","CompShg","Wd Sdng","Wd Sdng","Other",180,"TA","TA","CBlock","Gd","TA","No","ALQ",1302,"Unf",0,90,1392,"GasA","TA","Y","SBrkr",1392,0,0,1392,1,0,1,1,3,1,"TA",5,"Other",1,"Gd","Other","Unf","2","TA","TA","Y",0,0,0,0,95,0,"No","No fence","None",0,5,2010,121500,95,2.5,14
"20","RL",70,8521,"Pave","No alley","Reg","Lvl","AllPub","Other","Gtl","Sawyer","Other","Norm","1Fam","1Story",5,5,1967,1967,"Gable","CompShg","HdBoard","HdBoard","None",0,"TA","TA","CBlock","TA","TA","No","ALQ",842,"Unf",0,70,912,"GasA","TA","Y","SBrkr",912,0,0,912,0,0,1,0,3,1,"TA",5,"Typ",1,"Other","Other","Unf","Other","TA","TA","Y",0,0,0,0,0,0,"No","Other","None",0,5,2010,125000,0,1,43
"20","RL",0,8246,"Pave","No alley","Other","Lvl","AllPub","Inside","Gtl","Sawyer","Norm","Norm","1Fam","1Story",5,8,1968,2001,"Gable","CompShg","Plywood","Plywood","None",0,"TA","Other","CBlock","TA","TA","Other","Rec",188,"Other",668,204,1060,"GasA","Ex","Y","SBrkr",1060,0,0,1060,1,0,1,0,3,1,"Other",6,"Typ",1,"TA","Attchd","Unf","Other","TA","TA","Y",406,90,0,0,0,0,"No","Other","None",0,5,2010,154000,90,2,9
"20","RL",65,7800,"Pave","No alley","Reg","Lvl","AllPub","Inside","Gtl","Sawyer","Norm","Norm","1Fam","1Story",5,7,1966,2008,"Other","CompShg","HdBoard","HdBoard","Other",47,"TA","TA","CBlock","TA","TA","Other","BLQ",240,"Other",474,150,864,"GasA","Ex","Y","SBrkr",892,0,0,892,1,0,1,0,3,1,"Other",5,"Typ",0,"No fireplace","Other","Unf","Other","TA","TA","Y",0,0,0,0,0,0,"No","No fence","None",0,6,2010,137900,0,2,2
"60","RL",80,9364,"Pave","No alley","Reg","Lvl","AllPub","Other","Gtl","Sawyer","Norm","Norm","1Fam","Other",6,7,1969,1969,"Gable","CompShg","HdBoard","HdBoard","Other",143,"TA","TA","CBlock","TA","TA","No","ALQ",371,"Unf",0,292,663,"GasA","TA","Y","SBrkr",663,689,0,1352,0,0,1,1,4,1,"TA",7,"Typ",0,"No fireplace","Attchd","Fin","Other","TA","TA","Y",379,36,0,0,0,0,"No","Other","None",0,3,2010,158000,36,1.5,41
"20","RL",65,7832,"Pave","No alley","Reg","Lvl","AllPub","Inside","Gtl","Sawyer","Norm","Norm","1Fam","1Story",5,5,1968,1968,"Other","CompShg","HdBoard","HdBoard","None",0,"TA","TA","CBlock","TA","TA","No","GLQ",775,"Unf",0,89,864,"GasA","Ex","Y","SBrkr",864,0,0,864,1,0,1,0,2,1,"TA",4,"Typ",0,"No fireplace","Other","Unf","Other","TA","TA","Y",226,0,0,0,0,0,"No","No fence","None",0,5,2010,137250,0,2,42
"90","RL",0,7424,"Pave","No alley","Other","Lvl","AllPub","Inside","Gtl","Sawyer","Norm","Norm","Other","Other",5,5,1978,1978,"Gable","CompShg","Plywood","Plywood","None",0,"TA","TA","CBlock","Gd","TA","Other","GLQ",1319,"Unf",0,0,1319,"GasA","TA","Y","SBrkr",1373,0,0,1373,1,0,1,0,3,1,"TA",5,"Typ",2,"TA","Attchd","Fin","2","TA","TA","Y",0,0,0,0,0,0,"No","No fence","None",0,5,2010,160250,0,2,32
"60","RL",86,11227,"Pave","No alley","Reg","Lvl","AllPub","Inside","Gtl","Sawyer","Norm","Norm","1Fam","Other",5,5,1968,1968,"Gable","CompShg","HdBoard","HdBoard","None",0,"TA","Other","CBlock","TA","Other","No","Rec",267,"Other",453,0,720,"GasA","Ex","Y","SBrkr",720,720,0,1440,0,0,1,1,4,1,"TA",7,"Typ",2,"TA","Attchd","Unf","2","TA","TA","Y",192,38,0,0,0,0,"No","Other","None",0,3,2010,163000,38,1.5,42
"60","RL",80,14000,"Pave","No alley","Reg","Lvl","AllPub","Inside","Other","ClearCr","Norm","Norm","1Fam","Other",7,5,1996,1997,"Gable","CompShg","Wd Sdng","Wd Sdng","None",0,"Other","TA","PConc","Other","TA","Other","GLQ",1201,"Unf",0,105,1306,"GasA","Ex","Y","SBrkr",1306,954,0,2260,1,0,2,1,3,1,"Other",7,"Typ",0,"No fireplace","Attchd","RFn","2","TA","TA","Y",296,44,0,0,0,0,"No","No fence","None",0,4,2010,328000,44,3.5,13
"20","RL",0,20062,"Pave","No alley","Other","Other","AllPub","Inside","Other","ClearCr","Norm","Norm","1Fam","1Story",7,7,1977,2001,"Other","CompShg","Wd Sdng","Wd Sdng","None",0,"Other","Other","CBlock","Gd","TA","Other","ALQ",1092,"Unf",0,328,1420,"GasA","Other","Y","SBrkr",1483,0,0,1483,1,0,1,1,1,1,"TA",4,"Typ",2,"TA","Attchd","RFn","2","TA","TA","Y",496,0,0,0,0,0,"No","No fence","None",0,4,2010,270000,0,2.5,9
"30","RL",94,9259,"Pave","No alley","Reg","Lvl","AllPub","Other","Gtl","Sawyer","Other","Norm","1Fam","1Story",4,4,1927,1950,"Gable","CompShg","Wd Sdng","Wd Sdng","None",0,"TA","TA","Other","Other","TA","No","Unf",0,"Unf",0,660,660,"GasA","TA","Other","SBrkr",756,0,0,756,0,0,1,0,2,1,"TA",4,"Typ",0,"No fireplace","Other","Unf","2","TA","TA","Other",80,0,0,0,0,0,"No","No fence","None",0,6,2010,85000,0,1,60
"20","RL",60,9600,"Pave","No alley","Reg","Lvl","AllPub","Inside","Gtl","Sawyer","Norm","Norm","1Fam","1Story",4,7,1950,1995,"Gable","CompShg","VinylSd","HdBoard","None",0,"TA","TA","CBlock","Gd","TA","No","BLQ",442,"Unf",0,625,1067,"GasA","TA","Y","SBrkr",1067,0,0,1067,0,0,2,0,2,1,"Other",4,"Other",0,"No fireplace","Attchd","Unf","2","TA","TA","Y",290,0,0,0,0,0,"No","No fence","None",0,2,2010,128000,0,2,15
"Other","RL",0,23595,"Pave","No alley","Reg","Other","AllPub","Inside","Other","ClearCr","Norm","Norm","1Fam","1Story",7,6,1979,1979,"Other","Other","Plywood","Plywood","None",0,"Other","TA","PConc","Gd","TA","Other","GLQ",1258,"Unf",0,74,1332,"GasA","TA","Y","SBrkr",1332,192,0,1524,2,0,0,1,0,1,"Other",4,"Typ",1,"TA","Attchd","Fin","2","TA","TA","Y",268,0,0,0,0,0,"No","No fence","None",0,4,2010,260000,0,2.5,31
"60","RL",0,17082,"Pave","No alley","Other","Other","AllPub","Other","Other","ClearCr","Norm","Norm","1Fam","Other",6,5,1978,1992,"Gable","CompShg","VinylSd","VinylSd","Other",288,"TA","TA","PConc","Gd","TA","Other","ALQ",964,"Unf",0,153,1117,"GasA","Ex","Y","SBrkr",1117,864,0,1981,1,0,2,1,4,1,"Other",8,"Typ",1,"TA","Attchd","Fin","2","TA","TA","Y",336,104,0,0,0,0,"No","No fence","None",0,5,2010,230000,104,3.5,18
"50","RL",124,18600,"Pave","No alley","Reg","Lvl","AllPub","Inside","Gtl","Edwards","Norm","Norm","1Fam","Other",3,4,1938,1990,"Gable","CompShg","Wd Sdng","Wd Sdng","None",0,"TA","TA","CBlock","TA","TA","Other","BLQ",288,"Other",684,0,972,"GasA","TA","Y","Other",1052,558,0,1610,0,1,2,0,4,1,"Other",8,"Typ",1,"Gd","Attchd","RFn","Other","TA","TA","Y",0,0,60,0,0,0,"No","No fence","Other",450,6,2010,124000,60,2.5,20
"20","RL",65,11479,"Pave","No alley","Reg","Lvl","AllPub","Inside","Gtl","Edwards","Norm","Norm","1Fam","1Story",6,7,1950,1987,"Gable","CompShg","Wd Sdng","Plywood","None",0,"TA","TA","CBlock","TA","TA","No","GLQ",104,"Other",387,172,663,"GasA","Ex","Y","SBrkr",1074,0,0,1074,1,0,1,0,3,1,"Other",6,"Typ",1,"TA","Attchd","Unf","Other","TA","TA","Y",0,52,52,0,0,0,"No","Other","None",0,6,2010,144500,104,2,23
"20","RL",68,9571,"Pave","No alley","Reg","Lvl","AllPub","Inside","Gtl","Edwards","Norm","Norm","1Fam","1Story",5,6,1956,1956,"Gable","CompShg","Wd Sdng","Wd Sdng","None",0,"TA","TA","CBlock","TA","TA","Other","BLQ",739,"Unf",0,405,1144,"GasA","TA","Y","SBrkr",1144,0,0,1144,1,0,1,0,3,1,"TA",6,"Typ",0,"No fireplace","Attchd","Unf","Other","TA","TA","Y",44,0,0,0,0,0,"No","No fence","None",0,6,2010,129000,0,2,54
"50","RL",50,9350,"Pave","No alley","Reg","Other","AllPub","Inside","Gtl","Edwards","Norm","Norm","1Fam","Other",4,6,1947,1979,"Gable","CompShg","WdShing","Wd Shng","None",0,"TA","TA","CBlock","TA","Other","No","Other",192,"Unf",0,564,756,"GasA","Ex","Y","SBrkr",1169,0,362,1531,0,0,1,0,3,1,"TA",8,"Typ",1,"TA","Other","Unf","Other","Other","TA","Y",0,0,0,0,0,0,"No","Other","None",0,6,2010,127000,0,1,31
"20","RL",75,9525,"Pave","No alley","Reg","Lvl","AllPub","Inside","Gtl","Edwards","Norm","Norm","1Fam","1Story",5,7,1954,1998,"Gable","CompShg","WdShing","Wd Shng","None",0,"TA","TA","CBlock","TA","TA","Other","BLQ",954,"Unf",0,218,1172,"GasA","TA","Y","SBrkr",1172,0,0,1172,1,0,1,0,3,1,"TA",5,"Typ",0,"No fireplace","Attchd","Fin","Other","TA","TA","Y",240,0,0,0,0,0,"No","No fence","None",0,6,2010,128000,0,2,12
"20","RL",83,10420,"Pave","No alley","Reg","Lvl","AllPub","Other","Gtl","Edwards","Norm","Norm","1Fam","1Story",6,5,2009,2009,"Gable","CompShg","VinylSd","VinylSd","None",0,"TA","TA","PConc","Gd","TA","Other","GLQ",36,"Unf",0,1176,1212,"GasA","Ex","Y","SBrkr",1212,0,0,1212,0,0,2,0,3,1,"Other",6,"Typ",0,"No fireplace","Attchd","RFn","2","TA","TA","Y",100,22,0,0,0,0,"No","No fence","None",0,3,2010,186000,22,2,1
"20","RL",0,11200,"Pave","No alley","Other","Lvl","AllPub","Other","Gtl","Edwards","Norm","Norm","1Fam","1Story",5,3,1964,1964,"Gable","CompShg","Wd Sdng","Wd Sdng","None",0,"TA","Other","CBlock","TA","TA","Other","Unf",0,"Unf",0,1250,1250,"GasA","Ex","Y","SBrkr",1298,0,0,1298,0,0,2,0,3,1,"TA",5,"Typ",0,"No fireplace","Other","Unf","2","TA","Other","Other",0,144,0,0,0,0,"No","No fence","None",0,6,2010,114000,144,2,46
"60","RL",77,9206,"Pave","No alley","Reg","Lvl","AllPub","Inside","Gtl","SawyerW","Norm","Norm","1Fam","Other",6,5,1985,1985,"Gable","CompShg","HdBoard","HdBoard","Other",336,"Other","TA","CBlock","Gd","TA","No","Unf",0,"Unf",0,741,741,"GasA","TA","Y","SBrkr",977,755,0,1732,0,0,2,1,3,1,"Other",7,"Typ",1,"TA","Attchd","Fin","2","TA","TA","Y",192,46,0,0,0,0,"No","No fence","None",0,6,2010,178000,46,2.5,25
"20","RL",83,11980,"Pave","No alley","Reg","Other","AllPub","Inside","Other","SawyerW","Norm","Norm","1Fam","1Story",7,5,1987,1987,"Gable","CompShg","Plywood","Plywood","Other",177,"Other","TA","CBlock","Gd","TA","Other","GLQ",1433,"Unf",0,0,1433,"GasA","Ex","Y","SBrkr",1433,0,0,1433,1,0,1,1,1,1,"Other",4,"Typ",2,"TA","Attchd","RFn","2","Other","Other","Y",0,278,0,0,266,0,"No","Other","None",0,6,2010,270000,544,2.5,23
"60","RL",87,12361,"Pave","No alley","Other","Lvl","AllPub","Other","Gtl","SawyerW","Norm","Norm","1Fam","Other",6,7,1993,1993,"Gable","CompShg","VinylSd","VinylSd","Other",85,"Other","Other","PConc","Gd","TA","No","GLQ",860,"Unf",0,86,946,"GasA","Ex","Y","SBrkr",964,838,0,1802,0,1,2,1,3,1,"Other",8,"Typ",1,"Gd","Other","RFn","Other","TA","TA","Y",450,92,0,0,0,0,"No","No fence","None",0,5,2010,218000,92,3,17
"60","RL",80,9938,"Pave","No alley","Reg","Lvl","AllPub","Inside","Gtl","SawyerW","Norm","Norm","1Fam","Other",7,5,1993,1994,"Gable","CompShg","MetalSd","MetalSd","Other",246,"Other","TA","PConc","Gd","TA","No","GLQ",750,"Unf",0,300,1050,"GasA","Ex","Y","SBrkr",1062,887,0,1949,1,0,2,1,3,1,"Other",8,"Typ",1,"TA","Attchd","Fin","2","TA","TA","Y",156,90,0,0,0,0,"No","Other","None",0,6,2010,236000,90,3.5,16
"85","RL",73,9069,"Pave","No alley","Reg","Lvl","AllPub","Inside","Gtl","SawyerW","Norm","Norm","1Fam","Other",6,6,1992,1992,"Gable","CompShg","HdBoard","HdBoard","None",0,"TA","TA","PConc","Gd","TA","Other","GLQ",747,"Unf",0,189,936,"GasA","Ex","Y","SBrkr",996,0,0,996,1,0,1,0,2,1,"Other",5,"Typ",0,"No fireplace","Attchd","Unf","2","TA","TA","Y",120,0,0,0,0,0,"No","No fence","None",0,4,2010,147000,0,2,18
"20","RL",64,10475,"Pave","No alley","Other","Lvl","AllPub","Other","Gtl","CollgCr","Norm","Norm","1Fam","1Story",8,5,2008,2008,"Gable","CompShg","VinylSd","VinylSd","Other",72,"Other","TA","PConc","Gd","TA","Other","Unf",0,"Unf",0,1694,1694,"GasA","Ex","Y","SBrkr",1694,0,0,1694,0,0,2,0,3,1,"Other",7,"Typ",0,"No fireplace","Attchd","RFn","Other","TA","TA","Y",160,33,0,0,0,0,"No","No fence","None",0,2,2010,245350,33,2,2
"20","RL",64,6762,"Pave","No alley","Reg","Lvl","AllPub","Inside","Gtl","CollgCr","Norm","Norm","1Fam","1Story",7,5,2006,2006,"Gable","CompShg","VinylSd","VinylSd","Other",24,"Other","TA","PConc","Gd","TA","Other","GLQ",686,"Unf",0,501,1187,"GasA","Ex","Y","SBrkr",1208,0,0,1208,1,0,2,0,2,1,"Other",6,"Typ",0,"No fireplace","Attchd","RFn","2","TA","TA","Y",105,61,0,0,0,0,"No","No fence","None",0,2,2010,206000,61,3,4
"20","RL",94,10402,"Pave","No alley","Other","Lvl","AllPub","Other","Gtl","CollgCr","Norm","Norm","1Fam","1Story",7,5,2009,2009,"Gable","CompShg","VinylSd","VinylSd","None",0,"TA","TA","PConc","Gd","TA","No","Unf",0,"Unf",0,1226,1226,"GasA","Ex","Y","SBrkr",1226,0,0,1226,0,0,2,0,3,1,"Other",6,"Typ",0,"No fireplace","Attchd","RFn","Other","TA","TA","Y",0,36,0,0,0,0,"No","No fence","None",0,5,2010,198900,36,2,1
"20","RL",64,7360,"Pave","No alley","Reg","Lvl","AllPub","Inside","Gtl","CollgCr","Norm","Norm","1Fam","1Story",7,5,2010,2010,"Gable","CompShg","VinylSd","VinylSd","Other",80,"Other","TA","PConc","Gd","TA","No","GLQ",24,"Unf",0,1198,1222,"GasA","Ex","Y","SBrkr",1222,0,0,1222,0,0,2,0,2,1,"Other",6,"Typ",0,"No fireplace","Attchd","RFn","2","TA","TA","Y",0,54,0,0,0,0,"No","No fence","None",0,3,2010,187000,54,2,0
"60","RL",90,12376,"Pave","No alley","Reg","Lvl","AllPub","Other","Gtl","SawyerW","Norm","Norm","1Fam","Other",7,5,1990,1990,"Other","CompShg","Plywood","Plywood","None",0,"TA","TA","PConc","Gd","TA","Other","GLQ",1470,"Unf",0,203,1673,"GasA","Other","Y","SBrkr",1699,1523,0,3222,1,0,3,0,5,1,"Other",11,"Typ",2,"TA","Attchd","Unf","Other","TA","TA","Y",367,0,0,0,0,0,"No","No fence","None",0,5,2010,320000,0,4,20
"50","RL",82,14235,"Pave","No alley","Other","Lvl","AllPub","Inside","Gtl","SawyerW","Norm","Norm","1Fam","Other",6,8,1900,1993,"Gable","CompShg","Wd Sdng","Plywood","None",0,"TA","TA","PConc","Other","Other","No","Unf",0,"Unf",0,676,676,"GasA","TA","Y","SBrkr",831,614,0,1445,0,0,2,0,3,1,"TA",6,"Typ",0,"No fireplace","Other","Unf","2","TA","TA","Other",0,59,0,0,0,0,"No","No fence","None",0,3,2010,138500,59,2,17
"80","RL",80,8816,"Pave","No alley","Reg","Lvl","AllPub","Inside","Gtl","ClearCr","Norm","Norm","1Fam","Other",6,7,1971,1971,"Gable","CompShg","HdBoard","HdBoard","Other",80,"TA","TA","CBlock","TA","TA","Other","GLQ",504,"Unf",0,506,1010,"GasA","Other","Y","SBrkr",1052,0,0,1052,1,0,1,0,3,1,"TA",6,"Typ",0,"No fireplace","Attchd","Unf","2","TA","TA","Y",0,0,0,0,0,0,"No","Other","None",0,6,2010,155000,0,2,39
"85","RL",82,11105,"Pave","No alley","Reg","Lvl","AllPub","Other","Gtl","CollgCr","Norm","Norm","1Fam","Other",5,5,1996,1996,"Gable","CompShg","VinylSd","VinylSd","None",0,"TA","Other","PConc","Gd","Other","Other","GLQ",870,"Unf",0,0,870,"GasA","Other","Y","SBrkr",965,0,0,965,1,0,1,0,2,1,"TA",4,"Typ",0,"No fireplace","Attchd","Unf","2","Other","TA","Y",71,0,0,0,0,0,"No","Other","None",0,7,2010,159000,0,2,14
"60","RL",0,9337,"Pave","No alley","Other","Lvl","AllPub","Inside","Gtl","CollgCr","Norm","Norm","1Fam","Other",7,5,1997,1998,"Gable","CompShg","VinylSd","VinylSd","None",0,"TA","TA","PConc","Gd","TA","No","ALQ",353,"Unf",0,525,878,"GasA","Ex","Y","SBrkr",892,800,0,1692,0,0,2,1,3,1,"TA",8,"Typ",1,"TA","Attchd","RFn","2","TA","TA","Y",0,39,0,0,0,0,"No","No fence","None",0,4,2010,191000,39,2.5,12
"60","RL",70,8750,"Pave","No alley","Reg","Lvl","AllPub","Inside","Gtl","CollgCr","Norm","Norm","1Fam","Other",6,5,1998,1998,"Gable","CompShg","VinylSd","VinylSd","Other",116,"TA","TA","PConc","Gd","TA","No","GLQ",505,"Unf",0,299,804,"GasA","Ex","Y","SBrkr",804,878,0,1682,0,0,2,1,3,1,"Other",7,"Typ",0,"No fireplace","Attchd","RFn","2","TA","TA","Y",0,77,0,0,0,0,"No","No fence","None",0,6,2010,200500,77,2.5,12
"20","RL",38,15240,"Pave","No alley","Other","Lvl","AllPub","Other","Gtl","CollgCr","Norm","Norm","1Fam","1Story",5,8,1977,2004,"Gable","CompShg","CemntBd","CmentBd","None",0,"Other","Other","CBlock","Gd","TA","No","GLQ",198,"Other",688,140,1026,"GasA","Ex","Y","SBrkr",1026,0,0,1026,1,0,1,1,3,1,"TA",5,"Typ",0,"No fireplace","Attchd","Unf","Other","TA","TA","Y",316,85,0,0,0,0,"No","Other","None",0,6,2010,150000,85,2.5,6
"60","RL",0,10900,"Pave","No alley","Other","Lvl","AllPub","Other","Gtl","CollgCr","Norm","Norm","1Fam","Other",6,7,1977,1977,"Gable","CompShg","HdBoard","HdBoard","Other",153,"TA","TA","CBlock","Gd","TA","No","GLQ",378,"Unf",0,311,689,"GasA","Ex","Y","SBrkr",689,703,0,1392,0,0,1,1,3,1,"TA",6,"Typ",0,"No fireplace","Attchd","Fin","Other","TA","TA","Y",0,36,0,0,0,0,"No","Other","Other",450,3,2010,161750,36,1.5,33
"20","RL",75,10650,"Pave","No alley","Reg","Lvl","AllPub","Other","Gtl","CollgCr","Norm","Norm","1Fam","1Story",5,6,1976,1976,"Gable","CompShg","HdBoard","HdBoard","None",0,"TA","TA","CBlock","TA","Other","Other","Other",182,"Other",712,0,894,"GasA","TA","Y","SBrkr",894,0,0,894,1,0,1,0,3,1,"TA",5,"Typ",0,"No fireplace","Attchd","Unf","Other","TA","TA","Y",365,0,0,0,0,0,"No","Other","None",0,2,2010,128200,0,2,34
"20","RL",68,7480,"Pave","No alley","Reg","Lvl","AllPub","Inside","Gtl","CollgCr","Norm","Norm","1Fam","1Story",5,6,1972,1972,"Gable","CompShg","Wd Sdng","Wd Sdng","None",0,"TA","TA","CBlock","TA","TA","Other","ALQ",480,"Unf",0,396,876,"GasA","TA","Y","SBrkr",876,0,0,876,1,0,1,0,3,1,"TA",5,"Typ",0,"No fireplace","Other","Unf","2","TA","TA","Y",0,0,0,0,0,0,"No","Other","None",0,6,2010,127000,0,2,38
"20","RL",80,10389,"Pave","No alley","Reg","Lvl","AllPub","Inside","Gtl","CollgCr","Norm","Norm","1Fam","1Story",8,5,2003,2003,"Other","CompShg","CemntBd","CmentBd","Other",320,"Other","TA","PConc","Gd","TA","No","GLQ",1682,"Unf",0,296,1978,"GasA","Ex","Y","SBrkr",1978,0,0,1978,1,0,2,1,3,1,"Other",8,"Typ",1,"Gd","Attchd","RFn","Other","TA","TA","Y",188,25,0,0,0,0,"No","No fence","None",0,5,2010,318000,25,3.5,7
"20","RL",0,11423,"Pave","No alley","Reg","Lvl","AllPub","Inside","Gtl","CollgCr","Norm","Norm","1Fam","1Story",8,5,2001,2002,"Gable","CompShg","VinylSd","VinylSd","Other",479,"Other","TA","PConc","Gd","TA","Other","GLQ",1358,"Unf",0,223,1581,"GasA","Ex","Y","SBrkr",1601,0,0,1601,1,0,2,0,3,1,"Other",6,"Typ",1,"TA","Attchd","RFn","2","TA","TA","Y",180,0,0,0,0,0,"No","Other","Other",2000,5,2010,272000,0,3,8
"60","RL",44,9548,"Pave","No alley","Other","Lvl","AllPub","Other","Gtl","CollgCr","Norm","Norm","1Fam","Other",7,6,2003,2003,"Gable","CompShg","VinylSd","VinylSd","Other",223,"Other","TA","PConc","Gd","TA","No","GLQ",483,"Unf",0,458,941,"GasA","Ex","Y","SBrkr",941,888,0,1829,1,0,2,1,3,1,"Other",7,"Typ",1,"TA","Attchd","RFn","2","TA","TA","Y",192,39,0,0,0,0,"No","No fence","None",0,1,2010,237000,39,3.5,7
"60","RL",75,9375,"Pave","No alley","Reg","Lvl","AllPub","Inside","Gtl","CollgCr","Norm","Norm","1Fam","Other",7,5,1997,1997,"Gable","CompShg","VinylSd","VinylSd","None",0,"Other","TA","PConc","Gd","TA","No","Unf",0,"Unf",0,1040,1040,"GasA","Ex","Y","SBrkr",1044,1054,0,2098,0,0,2,1,4,1,"Other",9,"Typ",1,"TA","Attchd","Fin","2","TA","TA","Y",331,38,0,0,0,0,"No","No fence","None",0,4,2010,240000,38,2.5,13
"20","RL",48,12137,"Pave","No alley","Other","Lvl","AllPub","Other","Gtl","CollgCr","Norm","Norm","1Fam","1Story",7,5,1998,1998,"Gable","CompShg","VinylSd","VinylSd","Other",442,"TA","TA","PConc","Gd","TA","No","Unf",0,"Unf",0,1649,1649,"GasA","Ex","Y","SBrkr",1661,0,0,1661,0,0,2,0,3,1,"Other",6,"Typ",0,"No fireplace","Attchd","RFn","2","TA","TA","Y",0,34,0,0,0,0,"No","No fence","None",0,5,2010,224900,34,2,12
"120","Other",0,4435,"Pave","No alley","Reg","Lvl","AllPub","Inside","Gtl","CollgCr","Norm","Norm","Other","1Story",6,5,2003,2003,"Gable","CompShg","VinylSd","VinylSd","Other",170,"Other","TA","PConc","Gd","TA","Other","GLQ",672,"Unf",0,176,848,"GasA","Ex","Y","SBrkr",848,0,0,848,1,0,1,0,1,1,"Other",4,"Typ",0,"No fireplace","Attchd","Fin","2","TA","TA","Y",140,0,0,0,0,0,"No","No fence","None",0,4,2010,143750,0,2,7
"120","Other",0,4426,"Pave","No alley","Reg","Lvl","AllPub","Inside","Gtl","CollgCr","Norm","Norm","Other","1Story",6,5,2004,2004,"Gable","CompShg","VinylSd","VinylSd","Other",169,"Other","TA","PConc","Gd","TA","Other","GLQ",662,"Unf",0,186,848,"GasA","Ex","Y","SBrkr",848,0,0,848,1,0,1,0,1,1,"Other",3,"Typ",0,"No fireplace","Attchd","RFn","2","TA","TA","Y",160,0,0,0,0,0,"No","No fence","None",0,5,2010,143000,0,2,6
"20","RL",48,10635,"Pave","No alley","Other","Lvl","AllPub","Other","Gtl","CollgCr","Norm","Norm","1Fam","1Story",8,5,2003,2003,"Other","CompShg","VinylSd","VinylSd","Other",171,"Other","TA","PConc","Gd","TA","Other","BLQ",370,"Other",972,315,1657,"GasA","Ex","Y","SBrkr",1668,0,0,1668,1,0,2,0,3,1,"Other",8,"Typ",1,"TA","Attchd","Fin","2","TA","TA","Y",0,262,0,0,0,0,"No","No fence","None",0,5,2010,232000,262,3,7
"20","RL",70,8400,"Pave","No alley","Reg","Lvl","AllPub","Inside","Gtl","CollgCr","Norm","Norm","1Fam","1Story",7,5,2004,2005,"Gable","CompShg","VinylSd","VinylSd","Other",109,"Other","TA","PConc","Gd","TA","Other","GLQ",712,"Unf",0,761,1473,"GasA","Ex","Y","SBrkr",1484,0,0,1484,1,0,2,0,3,1,"Other",7,"Typ",0,"No fireplace","Attchd","RFn","2","TA","TA","Y",0,35,0,144,0,0,"No","No fence","None",0,5,2010,213000,179,3,5
"20","RL",65,8773,"Pave","No alley","Reg","Lvl","AllPub","Other","Gtl","CollgCr","Norm","Norm","1Fam","1Story",7,5,2004,2004,"Gable","CompShg","VinylSd","VinylSd","Other",98,"Other","TA","PConc","Gd","TA","Other","GLQ",24,"Unf",0,1390,1414,"GasA","Ex","Y","SBrkr",1414,0,0,1414,0,0,2,0,3,1,"Other",6,"Typ",0,"No fireplace","Attchd","RFn","2","TA","TA","Y",132,105,0,0,0,0,"No","No fence","None",0,5,2010,185500,105,2,6
"30","RL",67,8777,"Pave","No alley","Reg","Lvl","AllPub","Inside","Other","Edwards","Other","Norm","1Fam","1Story",3,6,1945,2007,"Gable","CompShg","VinylSd","VinylSd","None",0,"TA","Other","CBlock","Other","Other","Other","Other",0,"Other",0,0,0,"GasA","TA","Other","SBrkr",640,0,0,640,0,0,1,0,2,1,"TA",5,"Other",0,"No fireplace","Other","Unf","Other","TA","TA","Other",0,0,0,0,0,0,"No","No fence","None",0,4,2010,84900,0,1,3
"90","RL",75,9825,"Pave","No alley","Reg","Lvl","AllPub","Inside","Gtl","Edwards","Norm","Norm","Other","1Story",5,5,1965,1965,"Other","CompShg","Other","Other","None",0,"TA","TA","CBlock","Other","Other","Other","Other",0,"Other",0,0,0,"GasA","TA","Other","SBrkr",1664,0,0,1664,0,0,2,0,4,2,"TA",8,"Typ",0,"No fireplace","Other","Other","Other","Other","Other","Y",0,0,0,0,0,0,"No","No fence","None",0,5,2010,100000,0,2,45
"20","RL",60,10044,"Pave","No alley","Other","Other","AllPub","Other","Gtl","Edwards","Norm","Norm","1Fam","1Story",5,6,1968,1968,"Gable","CompShg","MetalSd","MetalSd","None",0,"TA","TA","CBlock","Gd","TA","Other","ALQ",1070,"Unf",0,126,1196,"GasA","TA","Y","SBrkr",1196,0,0,1196,1,0,1,0,3,1,"TA",6,"Typ",0,"No fireplace","Attchd","RFn","Other","TA","TA","Y",257,0,168,0,0,0,"No","Other","None",0,6,2010,144000,168,2,42
"80","RL",65,6305,"Pave","No alley","Reg","Lvl","AllPub","Inside","Gtl","Edwards","Norm","Norm","1Fam","Other",6,6,1975,1975,"Gable","CompShg","Plywood","Plywood","None",0,"TA","TA","CBlock","TA","TA","Other","ALQ",528,"Unf",0,480,1008,"GasA","TA","Y","SBrkr",1096,0,0,1096,1,0,1,0,3,1,"TA",5,"Typ",1,"Other","Other","Unf","Other","TA","TA","Y",0,0,0,0,0,0,"No","No fence","None",0,6,2010,125200,0,2,35
"20","RL",64,6410,"Pave","No alley","Reg","Other","AllPub","Inside","Gtl","Edwards","Norm","Norm","1Fam","1Story",4,5,1958,1958,"Other","CompShg","WdShing","Wd Shng","None",0,"TA","TA","CBlock","TA","TA","No","Unf",0,"Unf",0,960,960,"GasA","Ex","Y","SBrkr",960,0,0,960,0,0,1,0,3,1,"TA",5,"Typ",0,"No fireplace","Other","Other","Other","Other","Other","Y",0,0,0,0,0,0,"No","Other","None",0,5,2010,90000,0,1,52
"20","Other",80,8546,"Pave","No alley","Reg","Lvl","AllPub","Other","Gtl","Edwards","Norm","Norm","1Fam","1Story",4,5,2003,2004,"Gable","CompShg","VinylSd","VinylSd","None",0,"TA","TA","PConc","Gd","TA","No","Unf",0,"Unf",0,1121,1121,"GasA","Ex","Y","SBrkr",1121,0,0,1121,0,0,2,0,2,1,"TA",5,"Typ",0,"No fireplace","Attchd","RFn","2","TA","TA","Y",132,64,0,0,0,0,"No","No fence","None",0,3,2010,140000,64,2,6
"50","RL",52,8741,"Pave","No alley","Reg","Lvl","AllPub","Inside","Gtl","Edwards","Norm","Norm","1Fam","Other",6,4,1945,1950,"Gable","CompShg","VinylSd","VinylSd","None",0,"TA","TA","CBlock","TA","Other","No","Other",94,"Unf",0,641,735,"GasA","TA","Y","Other",798,689,0,1487,0,0,1,1,3,1,"TA",7,"Typ",1,"Gd","Other","Unf","Other","TA","TA","Y",0,140,0,0,0,0,"No","Other","None",0,4,2010,113000,140,1.5,60
"190","RL",60,12180,"Pave","No alley","Reg","Lvl","AllPub","Inside","Gtl","Edwards","Norm","Norm","Other","Other",4,4,1941,1950,"Gable","CompShg","MetalSd","MetalSd","None",0,"TA","Other","Other","Gd","TA","No","BLQ",348,"Unf",0,324,672,"Other","Other","Other","Other",672,252,0,924,1,0,1,0,2,1,"Other",5,"Typ",0,"No fireplace","Other","Unf","Other","TA","TA","Y",0,0,0,0,0,0,"No","Other","None",0,7,2010,80000,0,2,60
"20","RL",68,8562,"Pave","No alley","Reg","Lvl","AllPub","Inside","Other","Edwards","Norm","Norm","1Fam","1Story",5,6,1957,2002,"Other","CompShg","HdBoard","HdBoard","Other",145,"TA","TA","CBlock","TA","TA","Other","Rec",383,"Unf",0,833,1216,"GasA","Ex","Y","Other",1526,0,0,1526,0,0,1,0,4,1,"TA",7,"Other",1,"Gd","Other","Unf","Other","TA","TA","Y",116,78,0,0,0,0,"No","No fence","None",0,5,2010,144500,78,1,8
"30","RL",67,4853,"Pave","No alley","Reg","Other","AllPub","Inside","Gtl","SWISU","Other","Norm","1Fam","1Story",5,6,1924,1999,"Gable","CompShg","MetalSd","VinylSd","Other",203,"TA","TA","Other","TA","TA","Other","Rec",133,"Unf",0,974,1107,"GasA","Other","Other","Other",1296,0,0,1296,0,0,2,0,2,1,"Other",5,"Typ",1,"Gd","Other","Unf","Other","TA","TA","Y",0,0,36,0,0,0,"No","Other","None",0,5,2010,104000,36,2,11
"70","RL",66,6858,"Pave","No alley","Reg","Other","AllPub","Other","Gtl","SWISU","Norm","Norm","1Fam","Other",6,4,1915,1950,"Gable","CompShg","Wd Sdng","Wd Sdng","None",0,"TA","TA","PConc","Gd","TA","No","Unf",0,"Unf",0,806,806,"GasA","TA","Other","Other",841,806,0,1647,1,0,1,1,4,1,"Other",6,"Typ",0,"No fireplace","Other","Unf","Other","TA","TA","Y",0,66,136,0,0,0,"No","No fence","None",0,5,2010,128000,202,2.5,60
"30","RL",45,8212,"Pave","Other","Reg","Lvl","AllPub","Inside","Gtl","Edwards","Norm","Norm","1Fam","1Story",3,3,1914,1950,"Gable","CompShg","Stucco","Stucco","None",0,"TA","Other","Other","TA","Other","No","Rec",203,"Unf",0,661,864,"GasA","TA","Other","Other",864,0,0,864,1,0,1,0,2,1,"TA",5,"Typ",0,"No fireplace","Other","Unf","Other","TA","Other","Y",0,0,96,0,0,0,"No","No fence","None",0,6,2010,58500,96,2,60
"50","RL",50,5000,"Pave","Other","Reg","Lvl","AllPub","Inside","Gtl","SWISU","Norm","Norm","1Fam","Other",5,6,1924,1950,"Gable","CompShg","BrkFace","Wd Sdng","None",0,"TA","TA","Other","TA","TA","No","Other",218,"Unf",0,808,1026,"GasA","TA","Y","SBrkr",1026,665,0,1691,0,0,2,0,3,1,"Other",6,"Typ",1,"Gd","Other","Unf","Other","TA","TA","Y",0,0,242,0,0,0,"No","No fence","None",0,5,2010,127000,242,2,60
"30","RL",0,7890,"Pave","No alley","Reg","Lvl","AllPub","Other","Gtl","SWISU","Norm","Norm","1Fam","1Story",6,6,1939,1950,"Gable","CompShg","Wd Sdng","Wd Sdng","None",0,"TA","TA","CBlock","TA","TA","No","Rec",238,"Unf",0,618,856,"GasA","TA","Y","SBrkr",856,0,0,856,1,0,1,0,2,1,"TA",4,"Typ",1,"Gd","Other","Unf","2","TA","TA","Y",0,0,0,0,166,0,"No","No fence","None",0,3,2010,126000,166,2,60
"90","Other",60,7200,"Pave","Other","Reg","Lvl","AllPub","Inside","Gtl","SWISU","Norm","Norm","Other","Other",4,6,1967,1967,"Other","Other","Plywood","Other","None",0,"TA","TA","Other","Other","Other","Other","Other",0,"Other",0,0,0,"GasA","TA","Y","SBrkr",862,1788,0,2650,0,0,3,0,6,2,"TA",10,"Other",0,"No fireplace","Other","Other","Other","Other","Other","Y",0,0,0,0,0,0,"No","No fence","Other",500,2,2010,160000,0,3,43
"50","RL",51,9839,"Pave","No alley","Reg","Lvl","AllPub","Inside","Gtl","SWISU","Other","Norm","1Fam","Other",5,2,1931,1950,"Gable","CompShg","VinylSd","VinylSd","None",0,"TA","TA","PConc","TA","Other","No","Unf",0,"Unf",0,894,894,"GasA","Ex","Y","SBrkr",894,772,0,1666,1,0,1,0,3,1,"TA",7,"Typ",1,"Gd","Other","Other","Other","Other","Other","Other",0,156,0,0,0,0,"No","No fence","None",0,5,2010,100000,156,2,60
"50","RL",50,9638,"Pave","No alley","Reg","Lvl","AllPub","Inside","Gtl","SWISU","Other","Norm","1Fam","Other",6,7,1919,1990,"Gable","CompShg","Wd Sdng","Wd Shng","None",0,"TA","TA","PConc","TA","TA","No","Unf",0,"Unf",0,804,804,"GasA","Ex","Y","SBrkr",1699,748,0,2447,0,0,2,0,4,1,"Other",10,"Other",1,"Gd","Other","Unf","Other","TA","TA","Y",272,0,42,0,116,0,"No","No fence","None",0,3,2010,169000,158,2,20
"50","RL",78,10452,"Pave","No alley","Other","Lvl","AllPub","Inside","Gtl","Crawfor","Norm","Norm","1Fam","Other",7,6,1941,1985,"Gable","CompShg","Wd Sdng","Wd Sdng","Other",371,"Other","Other","Other","Gd","TA","No","ALQ",426,"Other",252,850,1528,"GasA","Ex","Y","SBrkr",1225,908,0,2133,1,0,1,1,4,1,"TA",8,"Typ",2,"TA","Attchd","Unf","Other","TA","TA","Y",0,0,86,0,0,0,"No","No fence","None",0,7,2010,257500,86,2.5,25
"90","RL",78,15600,"Pave","No alley","Reg","Lvl","AllPub","Inside","Gtl","Crawfor","Norm","Norm","Other","Other",5,6,1950,1991,"Gable","CompShg","VinylSd","VinylSd","Other",430,"TA","Other","CBlock","TA","TA","No","ALQ",375,"Unf",0,657,1032,"GasA","Ex","Y","SBrkr",1102,1075,0,2177,0,0,2,1,5,2,"TA",11,"Typ",0,"No fireplace","Other","Unf","2","TA","TA","Y",0,0,0,0,0,0,"No","No fence","None",0,3,2010,215000,0,2.5,19
"70","RL",66,9042,"Pave","No alley","Reg","Lvl","AllPub","Inside","Gtl","Crawfor","Norm","Norm","1Fam","Other",7,9,1941,2006,"Gable","CompShg","CemntBd","CmentBd","None",0,"Other","Other","Other","TA","Other","No","GLQ",275,"Unf",0,877,1152,"GasA","Ex","Y","SBrkr",1188,1152,0,2340,0,0,2,0,4,1,"Other",9,"Typ",2,"Gd","Attchd","RFn","Other","TA","TA","Y",0,60,0,0,0,0,"No","Other","Other",2500,5,2010,266500,60,2,4
"20","RL",100,17500,"Pave","No alley","Reg","Lvl","AllPub","Inside","Gtl","Crawfor","Other","Norm","1Fam","1Story",7,8,1959,2002,"Gable","CompShg","BrkFace","HdBoard","None",0,"Other","Other","PConc","Gd","TA","Other","GLQ",1406,"Unf",0,496,1902,"GasA","TA","Y","SBrkr",1902,0,0,1902,1,0,2,0,3,1,"Other",7,"Typ",2,"TA","Attchd","Fin","2","TA","TA","Y",0,207,162,0,0,0,"No","No fence","None",0,5,2010,335000,369,3,8
"80","RL",85,19645,"Pave","No alley","Other","Lvl","AllPub","Other","Gtl","Crawfor","Norm","Norm","1Fam","Other",7,6,1994,2007,"Gable","CompShg","VinylSd","VinylSd","Other",44,"TA","TA","PConc","Gd","TA","No","GLQ",343,"Unf",0,80,423,"GasA","Ex","Y","SBrkr",896,756,0,1652,1,0,2,1,3,1,"Other",6,"Typ",0,"No fireplace","Other","RFn","2","TA","TA","Y",0,0,0,0,0,0,"No","No fence","None",0,6,2010,203135,0,3.5,3
"120","Other",35,3907,"Pave","No alley","Other","Other","AllPub","Inside","Other","Other","Norm","Norm","Other","1Story",8,6,1989,1989,"Gable","CompShg","HdBoard","HdBoard","None",0,"Other","TA","CBlock","Gd","TA","Other","GLQ",747,"Unf",0,235,982,"GasA","Other","Y","SBrkr",1034,0,0,1034,1,0,1,0,1,1,"Other",4,"Typ",1,"TA","Attchd","Fin","2","TA","TA","Y",141,36,0,0,0,0,"No","No fence","None",0,4,2010,185000,36,2,21
"120","Other",35,3907,"Pave","No alley","Other","Other","AllPub","Inside","Other","Other","Norm","Norm","Other","1Story",8,5,1989,1989,"Gable","CompShg","HdBoard","HdBoard","None",0,"Other","TA","CBlock","Gd","TA","Other","GLQ",76,"Unf",0,1115,1191,"GasA","Other","Y","SBrkr",1191,0,0,1191,0,0,2,0,2,1,"Other",5,"Typ",1,"TA","Attchd","Unf","2","TA","TA","Y",112,81,0,0,0,0,"No","No fence","None",0,3,2010,162500,81,2,21
"20","RL",100,15602,"Pave","No alley","Other","Lvl","AllPub","Inside","Gtl","Crawfor","Norm","Norm","1Fam","1Story",7,8,1959,1997,"Gable","CompShg","BrkFace","Wd Sdng","None",0,"TA","TA","CBlock","TA","TA","No","ALQ",1247,"Unf",0,254,1501,"GasA","TA","Y","SBrkr",1801,0,0,1801,1,0,2,0,1,1,"TA",6,"Typ",2,"TA","Attchd","Fin","2","TA","TA","Y",0,54,0,0,161,0,"No","Other","None",0,3,2010,289000,215,3,13
"50","Other",40,5436,"Pave","No alley","Reg","Lvl","AllPub","Inside","Gtl","IDOTRR","Norm","Norm","1Fam","Other",4,8,1922,2007,"Gable","CompShg","VinylSd","VinylSd","None",0,"TA","Other","Other","TA","TA","No","BLQ",735,"Unf",0,61,796,"GasA","Other","Y","SBrkr",796,358,0,1154,1,0,1,0,3,1,"Other",7,"Typ",0,"No fireplace","Other","Unf","Other","TA","TA","Other",0,96,0,0,0,0,"No","Other","None",0,5,2010,125500,96,2,3
"30","Other",58,8154,"Pave","No alley","Reg","Lvl","AllPub","Inside","Gtl","IDOTRR","Norm","Norm","1Fam","1Story",2,5,1941,1950,"Gable","CompShg","Wd Sdng","Wd Sdng","None",0,"TA","TA","Other","TA","TA","No","BLQ",480,"Unf",0,0,480,"GasA","TA","Y","SBrkr",540,0,0,540,0,0,1,0,1,1,"TA",4,"Typ",0,"No fireplace","Other","Unf","Other","Other","Other","Other",0,0,0,0,0,0,"No","No fence","None",0,4,2010,82000,0,1,60
"50","Other",50,9140,"Pave","No alley","Reg","Other","AllPub","Inside","Gtl","IDOTRR","Norm","Norm","1Fam","Other",6,5,1921,1975,"Gable","CompShg","Wd Sdng","Wd Sdng","None",0,"TA","TA","Other","TA","TA","Other","BLQ",308,"Unf",0,321,629,"GasA","Other","Y","SBrkr",727,380,0,1107,0,0,1,0,2,1,"TA",5,"Typ",0,"No fireplace","Other","Unf","Other","TA","TA","Y",0,56,0,0,200,0,"No","Other","None",0,4,2010,110000,256,1,35
"120","Other",44,3811,"Pave","No alley","Other","Other","AllPub","Other","Other","Crawfor","Other","Norm","Other","1Story",8,5,2004,2005,"Other","CompShg","CemntBd","CmentBd","Other",186,"Other","TA","PConc","Other","TA","Other","GLQ",1373,"Unf",0,221,1594,"GasA","Ex","Y","SBrkr",1646,0,0,1646,1,1,2,0,2,1,"Other",5,"Typ",1,"Gd","Attchd","Fin","2","TA","TA","Y",128,53,0,0,155,0,"No","No fence","None",0,5,2010,246000,208,3.5,5
"60","RL",85,11050,"Pave","No alley","Reg","Lvl","AllPub","Inside","Gtl","Mitchel","Norm","Norm","1Fam","Other",8,5,1998,1999,"Gable","CompShg","VinylSd","VinylSd","None",0,"Other","TA","PConc","Gd","TA","No","GLQ",615,"Unf",0,434,1049,"GasA","Ex","Y","SBrkr",1036,880,0,1916,1,0,2,1,3,1,"Other",8,"Typ",1,"TA","Attchd","Unf","Other","TA","TA","Y",0,70,0,0,0,0,"No","No fence","None",0,5,2010,254900,70,3.5,11
"80","RL",74,9620,"Pave","No alley","Reg","Lvl","AllPub","Inside","Gtl","Mitchel","Norm","Norm","1Fam","Other",6,7,1977,1977,"Gable","CompShg","Plywood","Plywood","None",0,"TA","TA","CBlock","TA","TA","No","ALQ",679,"Unf",0,564,1243,"GasA","TA","Y","SBrkr",1285,0,0,1285,0,1,2,0,3,1,"Other",6,"Typ",1,"Other","Attchd","Unf","2","TA","TA","Y",375,26,0,0,0,0,"No","Other","Other",80,5,2010,190000,26,2.5,33
"20","RL",129,9196,"Pave","No alley","Other","Lvl","AllPub","Inside","Gtl","Mitchel","Norm","Norm","1Fam","1Story",7,5,2003,2003,"Gable","CompShg","VinylSd","VinylSd","None",0,"Other","TA","PConc","Other","TA","No","Unf",0,"Unf",0,1560,1560,"GasA","Ex","Y","SBrkr",1560,0,0,1560,0,0,2,0,3,1,"Other",7,"Typ",0,"No fireplace","Attchd","Fin","2","TA","TA","Y",100,150,0,0,0,0,"No","No fence","None",0,4,2010,201000,150,2,7
"80","RL",0,12328,"Pave","No alley","Other","Lvl","AllPub","Inside","Gtl","Mitchel","Norm","Norm","1Fam","Other",6,5,1976,1976,"Gable","CompShg","HdBoard","HdBoard","Other",335,"TA","TA","CBlock","TA","TA","Other","GLQ",539,"Unf",0,473,1012,"GasA","TA","Y","SBrkr",1034,0,0,1034,1,0,1,0,3,1,"TA",6,"Typ",0,"No fireplace","Attchd","Unf","Other","TA","TA","Y",0,0,0,0,0,0,"No","No fence","None",0,5,2010,169900,0,2,34
"90","RL",0,12760,"Pave","No alley","Other","Lvl","AllPub","Inside","Gtl","Mitchel","Norm","Norm","Other","1Story",6,5,1976,1976,"Gable","CompShg","Plywood","Plywood","None",0,"TA","TA","CBlock","TA","TA","No","Unf",0,"Unf",0,1958,1958,"GasA","TA","Y","SBrkr",2048,0,0,2048,0,0,3,0,5,2,"TA",9,"Typ",0,"No fireplace","Other","Unf","2","TA","TA","Y",0,0,0,0,0,0,"No","No fence","None",0,3,2010,170000,0,3,34
"20","RL",0,57200,"Pave","No alley","Other","Other","AllPub","Inside","Other","Timber","Norm","Norm","1Fam","1Story",5,5,1948,1950,"Gable","CompShg","Wd Sdng","Wd Sdng","None",0,"TA","TA","CBlock","TA","TA","Other","BLQ",353,"Other",334,60,747,"GasA","TA","Y","SBrkr",1687,0,0,1687,1,0,1,0,3,1,"TA",7,"Other",2,"TA","Other","Unf","2","TA","TA","Other",0,0,50,0,0,0,"No","No fence","None",0,6,2010,160000,50,2,60
"20","RL",88,11896,"Pave","No alley","Other","Lvl","AllPub","Other","Gtl","Timber","Norm","Norm","1Fam","1Story",7,5,2008,2008,"Gable","CompShg","VinylSd","VinylSd","Other",60,"Other","TA","PConc","Gd","TA","No","GLQ",78,"Unf",0,1258,1336,"GasA","Ex","Y","SBrkr",1346,0,0,1346,1,0,2,0,3,1,"Other",6,"Typ",1,"TA","Attchd","Fin","Other","TA","TA","Y",100,48,0,0,0,0,"No","No fence","None",0,5,2010,220000,48,3,2
"60","RL",73,9802,"Pave","No alley","Reg","Lvl","AllPub","Inside","Gtl","Timber","Norm","Norm","1Fam","Other",5,5,2006,2007,"Gable","CompShg","VinylSd","VinylSd","None",0,"TA","TA","PConc","Gd","TA","No","Unf",0,"Unf",0,384,384,"GasA","Other","Y","SBrkr",744,700,0,1444,0,0,2,1,3,1,"TA",7,"Typ",0,"No fireplace","Other","Fin","2","TA","TA","Y",100,0,0,0,0,0,"No","No fence","None",0,4,2010,174000,0,2.5,3
"60","RL",80,11316,"Pave","No alley","Reg","Lvl","AllPub","Other","Gtl","Timber","Norm","Norm","1Fam","Other",7,5,2002,2003,"Gable","CompShg","VinylSd","VinylSd","Other",44,"Other","TA","PConc","Gd","TA","No","GLQ",624,"Unf",0,193,817,"GasA","Ex","Y","SBrkr",824,1070,0,1894,1,0,2,1,4,1,"Other",8,"Typ",1,"Gd","Other","Fin","2","TA","TA","Y",0,40,0,0,0,0,"No","No fence","None",0,2,2010,214900,40,3.5,7
"60","RL",85,14191,"Pave","No alley","Reg","Lvl","AllPub","Inside","Gtl","Timber","Norm","Norm","1Fam","Other",8,5,2002,2002,"Gable","CompShg","VinylSd","VinylSd","None",0,"Other","TA","PConc","Gd","TA","No","Unf",0,"Unf",0,967,967,"GasA","Ex","Y","SBrkr",993,915,0,1908,0,0,2,1,4,1,"Other",9,"Typ",0,"No fireplace","Attchd","Fin","2","TA","TA","Y",135,0,0,0,0,0,"No","No fence","None",0,4,2010,202900,0,2.5,8
"20","RL",89,13214,"Pave","No alley","Other","Other","AllPub","Inside","Gtl","Timber","Norm","Norm","1Fam","1Story",9,5,2008,2009,"Other","CompShg","Stucco","CmentBd","None",0,"Other","TA","PConc","Other","TA","Other","Unf",0,"Unf",0,2002,2002,"GasA","Ex","Y","SBrkr",2018,0,0,2018,0,0,2,0,3,1,"Other",10,"Typ",1,"Gd","Attchd","Fin","Other","TA","TA","Y",144,76,0,0,0,0,"No","No fence","None",0,5,2010,378500,76,2,1
"20","RL",85,15300,"Pave","No alley","Reg","Other","AllPub","Inside","Gtl","Mitchel","Norm","Norm","1Fam","1Story",5,5,1965,1977,"Other","CompShg","Plywood","HdBoard","None",0,"TA","TA","CBlock","TA","TA","No","Rec",42,"Unf",0,1026,1068,"GasA","TA","Y","SBrkr",1264,0,0,1264,1,0,1,0,2,1,"TA",7,"Typ",1,"TA","Attchd","Unf","2","TA","TA","Y",0,0,0,0,0,0,"No","No fence","None",0,6,2010,169000,0,2,33
"20","RL",93,10114,"Pave","No alley","Reg","Lvl","AllPub","Inside","Gtl","Mitchel","Norm","Norm","1Fam","1Story",5,5,2004,2005,"Gable","CompShg","VinylSd","VinylSd","None",0,"TA","TA","PConc","Other","TA","Other","Unf",0,"Unf",0,1430,1430,"GasA","Ex","Y","SBrkr",1430,0,0,1430,0,0,2,0,3,1,"Other",7,"Typ",0,"No fireplace","Attchd","RFn","2","TA","TA","Y",0,0,0,0,0,0,"No","No fence","None",0,3,2010,173500,0,2,5
"90","RL",94,9400,"Pave","No alley","Reg","Other","AllPub","Other","Gtl","Mitchel","Norm","Norm","Other","Other",6,5,1971,1971,"Other","CompShg","MetalSd","Wd Shng","None",0,"TA","TA","CBlock","TA","TA","Other","Unf",0,"Unf",0,912,912,"GasA","TA","Y","SBrkr",912,912,0,1824,0,0,2,2,4,2,"TA",8,"Typ",0,"No fireplace","Other","Other","Other","Other","Other","Y",128,0,0,0,0,0,"No","No fence","None",0,4,2010,139000,0,3,39
"20","RL",0,11875,"Pave","No alley","Reg","Lvl","AllPub","Inside","Gtl","Mitchel","Norm","Norm","1Fam","1Story",5,5,1999,1999,"Gable","CompShg","VinylSd","VinylSd","None",0,"TA","TA","PConc","Gd","TA","No","Unf",0,"Unf",0,1344,1344,"GasA","Ex","Y","SBrkr",1344,0,0,1344,0,0,2,0,3,1,"TA",7,"Typ",1,"Gd","Attchd","Unf","2","TA","TA","Y",328,0,0,0,0,0,"No","No fence","None",0,6,2010,166500,0,2,11
"160","Other",0,1974,"Pave","No alley","Reg","Lvl","AllPub","Inside","Gtl","MeadowV","Norm","Norm","Other","Other",4,5,1973,1973,"Gable","CompShg","CemntBd","CmentBd","None",0,"TA","TA","CBlock","TA","TA","No","BLQ",334,"Unf",0,212,546,"GasA","TA","Y","SBrkr",546,546,0,1092,0,0,1,1,3,1,"TA",6,"Typ",0,"No fireplace","Attchd","RFn","Other","TA","TA","Y",120,96,0,0,0,0,"No","No fence","None",0,5,2010,83500,96,1.5,37
"120","Other",31,2394,"Pave","No alley","Reg","Other","AllPub","Inside","Other","MeadowV","Norm","Norm","Other","1Story",5,6,1973,1973,"Gable","CompShg","CemntBd","CmentBd","None",0,"TA","TA","CBlock","Gd","TA","Other","GLQ",915,"Unf",0,30,945,"GasA","Ex","Y","SBrkr",945,0,0,945,1,1,1,0,2,1,"TA",5,"Typ",1,"Other","Attchd","RFn","Other","TA","TA","Y",174,0,56,0,108,0,"No","No fence","None",0,5,2010,119500,164,2.5,37
"160","Other",36,2592,"Pave","No alley","Reg","Lvl","AllPub","Inside","Gtl","MeadowV","Norm","Norm","Other","Other",5,3,1976,1976,"Gable","CompShg","CemntBd","CmentBd","None",0,"TA","TA","CBlock","Gd","TA","No","Rec",129,"Other",232,175,536,"GasA","TA","Y","SBrkr",536,576,0,1112,0,0,1,1,3,1,"TA",4,"Typ",0,"No fireplace","Attchd","Unf","Other","TA","TA","Y",182,0,0,0,0,0,"No","No fence","None",0,4,2010,85000,0,1.5,34
"160","Other",21,1476,"Pave","No alley","Reg","Lvl","AllPub","Inside","Gtl","MeadowV","Norm","Norm","Other","Other",4,7,1970,1970,"Gable","CompShg","CemntBd","CmentBd","None",0,"TA","TA","CBlock","TA","TA","No","GLQ",176,"Unf",0,370,546,"GasA","Ex","Y","SBrkr",546,546,0,1092,0,0,1,1,3,1,"TA",5,"Typ",0,"No fireplace","Other","Other","Other","Other","Other","Y",200,26,0,0,0,0,"No","No fence","None",0,3,2010,76000,26,1.5,40
"180","Other",21,1491,"Pave","No alley","Reg","Lvl","AllPub","Inside","Gtl","MeadowV","Norm","Norm","Other","Other",4,6,1972,1972,"Gable","CompShg","CemntBd","CmentBd","None",0,"TA","TA","CBlock","Gd","TA","Other","Other",150,"Other",480,0,630,"GasA","Ex","Y","SBrkr",630,0,0,630,1,0,1,0,1,1,"TA",3,"Typ",0,"No fireplace","Other","Other","Other","Other","Other","Y",96,24,0,0,0,0,"No","No fence","None",0,5,2010,75500,24,2,38
"160","Other",21,1900,"Pave","No alley","Reg","Lvl","AllPub","Inside","Gtl","MeadowV","Norm","Norm","Other","Other",4,4,1970,1970,"Gable","CompShg","CemntBd","CmentBd","None",0,"TA","TA","CBlock","TA","TA","No","Unf",0,"Unf",0,546,546,"GasA","Ex","Y","SBrkr",546,546,0,1092,0,0,1,1,3,1,"TA",5,"Typ",0,"No fireplace","Other","Other","Other","Other","Other","Y",0,0,0,0,0,0,"No","No fence","None",0,6,2010,88250,0,1.5,40
"160","Other",21,1890,"Pave","No alley","Reg","Lvl","AllPub","Inside","Gtl","MeadowV","Norm","Norm","Other","Other",4,6,1972,1972,"Gable","CompShg","CemntBd","CmentBd","None",0,"TA","TA","CBlock","TA","TA","No","Rec",294,"Unf",0,252,546,"GasA","TA","Y","SBrkr",546,546,0,1092,0,0,1,1,3,1,"TA",5,"Typ",0,"No fireplace","Attchd","Unf","Other","TA","TA","Y",0,0,64,0,0,0,"No","No fence","None",0,6,2010,85500,64,1.5,38
"20","RL",50,6953,"Pave","No alley","Reg","Lvl","AllPub","Inside","Gtl","Mitchel","Norm","Norm","1Fam","1Story",5,7,1971,2004,"Gable","CompShg","VinylSd","VinylSd","None",0,"TA","Other","CBlock","TA","TA","No","ALQ",469,"Unf",0,395,864,"GasA","Ex","Y","SBrkr",874,0,0,874,0,0,1,0,3,1,"TA",5,"Typ",0,"No fireplace","Other","Unf","Other","TA","TA","Y",0,0,0,0,0,0,"No","No fence","None",0,6,2010,130000,0,1,6
"20","RL",0,26142,"Pave","No alley","Other","Lvl","AllPub","Other","Gtl","Mitchel","Norm","Norm","1Fam","1Story",5,7,1962,1962,"Gable","CompShg","HdBoard","HdBoard","Other",189,"TA","TA","CBlock","TA","TA","No","Rec",593,"Unf",0,595,1188,"GasA","TA","Y","SBrkr",1188,0,0,1188,0,0,1,0,3,1,"TA",6,"Typ",0,"No fireplace","Attchd","Unf","Other","TA","TA","Other",261,39,0,0,0,0,"No","No fence","None",0,4,2010,157900,39,1,48
"20","RL",76,12887,"Pave","No alley","Reg","Lvl","AllPub","Inside","Gtl","Mitchel","Norm","Norm","1Fam","1Story",5,7,1984,1984,"Gable","CompShg","VinylSd","VinylSd","None",0,"TA","TA","CBlock","Gd","TA","Other","Rec",207,"Other",590,36,833,"GasA","TA","Y","SBrkr",833,0,0,833,1,0,1,0,2,1,"Other",5,"Typ",0,"No fireplace","Attchd","Unf","2","TA","TA","Y",431,0,0,0,0,0,"No","Other","None",0,4,2010,149900,0,2,26
"90","RL",70,7700,"Pave","No alley","Reg","Lvl","AllPub","Inside","Gtl","Mitchel","Norm","Norm","Other","Other",5,2,1985,1986,"Gable","CompShg","HdBoard","HdBoard","None",0,"TA","Other","PConc","TA","TA","No","Unf",0,"Unf",0,1216,1216,"GasA","Other","Y","SBrkr",1216,1216,0,2432,0,0,4,2,4,2,"TA",10,"Typ",0,"No fireplace","Attchd","Unf","2","TA","Other","Y",200,0,0,0,0,0,"No","No fence","Other",600,2,2010,159000,0,5,24
"60","RL",63,10475,"Pave","No alley","Reg","Lvl","AllPub","Inside","Gtl","Mitchel","Norm","Norm","1Fam","Other",5,5,1991,1991,"Gable","CompShg","HdBoard","HdBoard","None",0,"TA","TA","PConc","Gd","TA","No","Rec",458,"Unf",0,166,624,"GasA","Other","Y","SBrkr",624,650,0,1274,0,0,1,1,3,1,"TA",6,"Typ",0,"No fireplace","Other","Unf","2","TA","TA","Y",22,0,0,0,0,0,"No","Other","None",0,3,2010,136000,0,1.5,19
"50","RL",68,10544,"Pave","No alley","Other","Lvl","AllPub","Inside","Other","Mitchel","Norm","Norm","1Fam","Other",5,5,1969,1969,"Gable","CompShg","HdBoard","HdBoard","None",0,"TA","TA","CBlock","TA","TA","Other","BLQ",476,"Unf",0,388,864,"GasA","TA","Y","SBrkr",864,615,0,1479,0,0,2,0,5,1,"TA",8,"Typ",0,"No fireplace","Attchd","Fin","Other","TA","TA","Y",287,0,280,0,0,0,"No","No fence","None",0,4,2010,161000,280,2,41
"20","RL",76,9892,"Pave","No alley","Reg","Lvl","AllPub","Inside","Other","Mitchel","Norm","Norm","1Fam","1Story",8,5,1994,1995,"Other","CompShg","VinylSd","VinylSd","None",0,"Other","Other","PConc","Gd","Other","Other","GLQ",1341,"Other",284,54,1679,"GasA","Ex","Y","SBrkr",1803,0,0,1803,1,1,2,1,3,1,"Other",6,"Typ",2,"TA","Attchd","Unf","2","TA","TA","Y",129,64,222,0,0,0,"No","Other","None",0,2,2010,285000,286,4,15
"60","RL",74,12961,"Pave","No alley","Reg","Lvl","AllPub","Inside","Gtl","Mitchel","Norm","Norm","1Fam","Other",6,5,1993,1994,"Gable","CompShg","VinylSd","VinylSd","None",0,"Other","Other","PConc","Gd","TA","Other","GLQ",944,"Unf",0,208,1152,"GasA","Ex","Y","SBrkr",1152,645,0,1797,1,0,2,1,3,1,"Other",7,"Typ",1,"Other","Attchd","Fin","2","TA","TA","Y",162,312,0,0,0,0,"No","No fence","None",0,3,2010,231000,312,3.5,16
"20","RL",74,13008,"Pave","No alley","Other","Lvl","AllPub","Inside","Gtl","NAmes","Norm","Norm","1Fam","1Story",6,5,1956,1956,"Gable","CompShg","MetalSd","MetalSd","None",0,"TA","TA","CBlock","Other","Other","No","Rec",564,"Unf",0,318,882,"GasA","TA","Y","SBrkr",882,0,0,882,0,0,1,0,2,1,"TA",5,"Typ",0,"No fireplace","Attchd","Unf","Other","TA","TA","Y",0,0,0,0,0,0,"No","No fence","None",0,10,2009,124500,0,1,53
"20","RL",85,10200,"Pave","No alley","Reg","Lvl","AllPub","Inside","Gtl","NAmes","Norm","Norm","1Fam","1Story",6,5,1974,1974,"Other","CompShg","Plywood","Plywood","Other",440,"TA","TA","CBlock","TA","TA","No","Other",844,"Unf",0,590,1434,"GasA","TA","Y","SBrkr",1434,0,0,1434,1,0,2,0,4,1,"TA",7,"Typ",1,"Gd","Attchd","RFn","2","TA","TA","Y",80,21,0,0,0,0,"No","No fence","None",0,6,2009,157000,21,3,35
"80","RL",75,13860,"Pave","No alley","Reg","Lvl","AllPub","Inside","Gtl","NAmes","Norm","Norm","1Fam","Other",8,7,1972,1995,"Gable","CompShg","Plywood","Wd Sdng","None",0,"Other","TA","CBlock","Gd","TA","Other","GLQ",1410,"Unf",0,542,1952,"GasA","Other","Y","SBrkr",2000,704,0,2704,1,0,2,1,4,1,"Other",9,"Typ",3,"TA","Attchd","Fin","2","TA","TA","Y",269,111,0,0,0,0,"No","Other","None",0,7,2009,345000,111,3.5,14
"60","RL",88,10179,"Pave","No alley","Other","Lvl","AllPub","Other","Gtl","Gilbert","Norm","Norm","1Fam","Other",6,5,1997,1997,"Gable","CompShg","VinylSd","VinylSd","None",0,"TA","TA","PConc","Gd","TA","No","ALQ",847,"Unf",0,98,945,"GasA","Ex","Y","SBrkr",945,663,0,1608,0,0,2,1,3,1,"TA",7,"Typ",1,"TA","Attchd","Fin","2","TA","TA","Y",252,30,0,0,0,0,"No","No fence","None",0,7,2009,189500,30,2.5,12
"60","RL",0,11792,"Pave","No alley","Other","Lvl","AllPub","Inside","Gtl","Gilbert","Norm","Norm","1Fam","Other",8,5,2003,2003,"Gable","CompShg","VinylSd","VinylSd","Other",188,"Other","TA","PConc","Gd","TA","Other","GLQ",850,"Unf",0,158,1008,"GasA","Ex","Y","SBrkr",1008,1275,0,2283,0,0,2,1,4,1,"Other",9,"Typ",1,"Gd","Other","Fin","Other","TA","TA","Y",120,46,0,0,0,0,"No","No fence","None",0,8,2009,270000,46,2.5,6
"80","RL",60,8400,"Pave","No alley","Reg","Lvl","AllPub","Inside","Gtl","Gilbert","Norm","Norm","1Fam","Other",7,5,1996,1997,"Gable","CompShg","HdBoard","HdBoard","Other",32,"TA","TA","PConc","Gd","TA","No","GLQ",284,"Unf",0,100,384,"GasA","Other","Y","SBrkr",958,670,0,1628,0,0,2,1,3,1,"TA",7,"Typ",1,"TA","Other","Fin","2","TA","TA","Y",48,72,0,0,0,0,"No","No fence","Other",490,6,2009,189000,72,2.5,12
"20","RL",42,14892,"Pave","No alley","Other","Other","AllPub","Other","Gtl","Gilbert","Norm","Norm","1Fam","1Story",9,5,2006,2007,"Gable","CompShg","VinylSd","VinylSd","Other",160,"Other","TA","PConc","Other","TA","Other","GLQ",1320,"Unf",0,426,1746,"GasA","Ex","Y","SBrkr",1746,0,0,1746,1,0,2,0,3,1,"Other",7,"Typ",2,"Gd","Attchd","Fin","Other","TA","TA","Y",201,39,0,0,0,0,"No","No fence","None",0,10,2009,377500,39,3,2
"80","RL",0,8530,"Pave","No alley","Other","Lvl","AllPub","Inside","Gtl","Gilbert","Norm","Norm","1Fam","Other",7,5,1995,1996,"Gable","CompShg","HdBoard","HdBoard","Other",22,"TA","TA","PConc","Gd","TA","No","Unf",0,"Unf",0,384,384,"GasA","Other","Y","SBrkr",804,670,0,1474,0,0,2,1,3,1,"TA",7,"Typ",1,"TA","Other","Fin","2","TA","TA","Y",120,72,0,0,0,0,"No","No fence","Other",700,5,2009,168500,72,2.5,13
"120","RL",28,7296,"Pave","No alley","Other","Lvl","AllPub","Other","Gtl","StoneBr","Norm","Norm","Other","1Story",8,5,2004,2005,"Gable","CompShg","CemntBd","CmentBd","None",0,"Other","TA","PConc","Other","TA","Other","GLQ",1965,"Unf",0,243,2208,"GasA","Ex","Y","SBrkr",2522,0,0,2522,1,0,2,0,1,1,"Other",8,"Typ",1,"Gd","Attchd","Fin","2","TA","TA","Y",182,57,0,0,0,0,"No","No fence","None",0,11,2009,375000,57,3,4
"120","RL",40,5664,"Pave","No alley","Other","Lvl","AllPub","Inside","Gtl","StoneBr","Norm","Norm","Other","1Story",8,5,2000,2000,"Gable","CompShg","CemntBd","CmentBd","None",0,"Other","TA","PConc","Gd","TA","No","GLQ",1158,"Unf",0,343,1501,"GasA","Ex","Y","SBrkr",1659,0,0,1659,1,0,2,0,2,1,"Other",5,"Typ",1,"Other","Attchd","Fin","2","TA","TA","Y",212,59,0,0,0,0,"No","No fence","None",0,10,2009,278000,59,3,9
"120","RL",61,7380,"Pave","No alley","Other","Lvl","AllPub","Other","Gtl","StoneBr","Norm","Norm","1Fam","1Story",8,5,1998,1998,"Gable","CompShg","CemntBd","CmentBd","None",0,"TA","TA","PConc","Gd","TA","Other","GLQ",341,"Unf",0,1077,1418,"GasA","Ex","Y","SBrkr",1478,0,0,1478,1,0,2,0,2,1,"TA",5,"Typ",0,"No fireplace","Attchd","Fin","2","TA","TA","Y",168,43,0,0,0,0,"No","No fence","None",0,7,2009,240000,43,3,11
"120","RL",57,8013,"Pave","No alley","Other","Lvl","AllPub","Other","Gtl","StoneBr","Norm","Norm","Other","1Story",8,5,1995,1996,"Gable","CompShg","CemntBd","CmentBd","None",0,"Other","TA","PConc","Gd","TA","No","GLQ",741,"Unf",0,846,1587,"GasA","Ex","Y","SBrkr",1734,0,0,1734,1,0,2,0,2,1,"Other",6,"Typ",0,"No fireplace","Attchd","RFn","2","TA","TA","Y",52,50,0,0,0,0,"No","No fence","None",0,9,2009,239500,50,3,13
"80","RL",57,8923,"Pave","No alley","Other","Lvl","AllPub","Inside","Gtl","Gilbert","Norm","Norm","1Fam","Other",7,5,1998,1998,"Gable","CompShg","VinylSd","VinylSd","None",0,"Other","TA","PConc","Gd","TA","No","GLQ",189,"Unf",0,195,384,"GasA","Other","Y","SBrkr",751,631,0,1382,0,0,2,1,3,1,"TA",7,"Typ",1,"TA","Other","Fin","2","TA","TA","Y",256,0,0,0,0,0,"No","No fence","None",0,2,2009,177500,0,2.5,11
"60","RL",74,10141,"Pave","No alley","Other","Lvl","AllPub","Other","Gtl","Gilbert","Norm","Norm","1Fam","Other",7,5,1998,1998,"Gable","CompShg","VinylSd","VinylSd","Other",40,"TA","TA","PConc","Gd","TA","No","Unf",0,"Unf",0,832,832,"GasA","Other","Y","SBrkr",885,833,0,1718,0,0,2,1,3,1,"TA",7,"Typ",1,"TA","Attchd","Fin","2","TA","TA","Y",0,94,0,0,291,0,"No","No fence","None",0,12,2009,185000,385,2.5,11
"60","RL",60,7500,"Pave","No alley","Reg","Lvl","AllPub","Inside","Gtl","Gilbert","Norm","Norm","1Fam","Other",6,5,1998,1999,"Gable","CompShg","VinylSd","VinylSd","None",0,"Other","TA","PConc","Gd","TA","No","GLQ",476,"Unf",0,476,952,"GasA","Other","Y","SBrkr",952,684,0,1636,1,0,2,1,3,1,"TA",7,"Typ",1,"TA","Attchd","Fin","2","TA","TA","Y",0,84,0,0,0,0,"No","No fence","None",0,10,2009,191000,84,3.5,10
"60","RL",59,7837,"Pave","No alley","Other","Lvl","AllPub","Inside","Gtl","Gilbert","Norm","Norm","1Fam","Other",6,7,1993,1994,"Gable","CompShg","VinylSd","VinylSd","None",0,"Other","TA","PConc","Gd","TA","No","Unf",0,"Unf",0,799,799,"GasA","Other","Y","SBrkr",799,772,0,1571,0,0,2,1,3,1,"TA",7,"Typ",1,"TA","Attchd","RFn","2","TA","TA","Y",0,40,0,0,0,0,"No","No fence","None",0,5,2009,178000,40,2.5,15
"60","RL",0,9765,"Pave","No alley","Other","Lvl","AllPub","Other","Gtl","Gilbert","Norm","Norm","1Fam","Other",6,8,1993,1993,"Gable","CompShg","VinylSd","VinylSd","Other",68,"Other","Other","PConc","Gd","Other","No","ALQ",310,"Unf",0,370,680,"GasA","Other","Y","SBrkr",680,790,0,1470,0,0,2,1,3,1,"TA",6,"Typ",1,"TA","Other","Fin","2","TA","TA","Y",232,63,0,0,0,0,"No","No fence","Other",480,4,2009,185000,63,2.5,16
"60","RL",0,8803,"Pave","No alley","Other","Lvl","AllPub","Inside","Gtl","Gilbert","Norm","Norm","1Fam","Other",6,5,1994,1995,"Gable","CompShg","HdBoard","HdBoard","None",0,"TA","TA","PConc","Gd","TA","No","GLQ",600,"Unf",0,107,707,"GasA","Other","Y","SBrkr",707,809,0,1516,1,0,2,1,3,1,"Other",7,"Typ",1,"TA","Attchd","Fin","2","TA","TA","Y",0,46,0,0,0,0,"No","No fence","None",0,7,2009,181316,46,3.5,14
"20","RL",58,7250,"Pave","No alley","Reg","Lvl","AllPub","Inside","Gtl","Gilbert","Norm","Norm","1Fam","1Story",6,5,1993,1993,"Gable","CompShg","HdBoard","HdBoard","Other",45,"TA","TA","PConc","Gd","TA","No","Unf",0,"Unf",0,1181,1181,"GasA","Ex","Y","SBrkr",1190,0,0,1190,0,0,2,0,3,1,"Other",6,"Typ",1,"TA","Attchd","Unf","2","TA","TA","Y",0,21,0,0,0,0,"No","No fence","None",0,11,2009,166000,21,2,16
"60","RL",0,9636,"Pave","No alley","Other","Lvl","AllPub","Other","Gtl","Gilbert","Norm","Norm","1Fam","Other",6,5,1992,1993,"Gable","CompShg","VinylSd","VinylSd","None",0,"TA","TA","PConc","Gd","TA","No","Unf",0,"Unf",0,808,808,"GasA","Other","Y","SBrkr",808,785,0,1593,0,0,2,1,3,1,"TA",7,"Typ",1,"TA","Other","RFn","2","TA","TA","Y",342,40,0,0,0,0,"No","Other","None",0,12,2009,178000,40,2.5,16
"60","RL",65,8125,"Pave","No alley","Reg","Lvl","AllPub","Inside","Gtl","Gilbert","Norm","Norm","1Fam","Other",6,5,1994,1995,"Gable","CompShg","HdBoard","HdBoard","None",0,"TA","TA","PConc","Gd","TA","No","Unf",0,"Unf",0,702,702,"GasA","Other","Y","SBrkr",702,779,0,1481,0,0,2,1,3,1,"TA",6,"Typ",1,"TA","Attchd","Fin","2","TA","TA","Y",0,36,0,0,0,0,"No","No fence","None",0,3,2009,174000,36,2.5,14
"20","RL",0,9248,"Pave","No alley","Other","Lvl","AllPub","Inside","Gtl","Gilbert","Norm","Norm","1Fam","1Story",6,6,1992,1992,"Gable","CompShg","HdBoard","HdBoard","Other",106,"TA","TA","PConc","Gd","TA","No","GLQ",560,"Unf",0,598,1158,"GasA","Other","Y","SBrkr",1167,0,0,1167,1,0,2,0,3,1,"Other",6,"Typ",0,"No fireplace","Attchd","RFn","2","TA","TA","Y",120,26,0,0,0,0,"No","No fence","None",0,7,2009,173000,26,3,17
"60","RL",0,10762,"Pave","No alley","Other","Lvl","AllPub","Other","Gtl","Gilbert","Norm","Norm","1Fam","Other",7,5,1999,1999,"Gable","CompShg","VinylSd","VinylSd","None",344,"Other","TA","PConc","Gd","TA","No","GLQ",694,"Unf",0,284,978,"GasA","Ex","Y","SBrkr",1005,978,0,1983,0,0,2,1,3,1,"Other",9,"Typ",1,"TA","Attchd","Fin","2","TA","TA","Y",0,0,0,0,0,0,"No","No fence","None",0,5,2009,225000,0,2.5,10
"20","RL",99,11851,"Pave","No alley","Reg","Lvl","AllPub","Other","Gtl","Gilbert","Norm","Norm","1Fam","1Story",7,5,1990,1990,"Gable","CompShg","HdBoard","HdBoard","None",0,"TA","TA","PConc","Gd","TA","No","Unf",0,"Unf",0,1424,1424,"GasA","Ex","Y","SBrkr",1442,0,0,1442,0,0,2,0,3,1,"TA",5,"Typ",0,"No fireplace","Attchd","RFn","2","TA","TA","Y",0,34,0,508,0,0,"No","No fence","None",0,5,2009,180500,542,2,19
"20","RL",124,16158,"Pave","No alley","Other","Other","AllPub","Inside","Other","StoneBr","Norm","Norm","1Fam","1Story",7,5,2005,2005,"Other","CompShg","VinylSd","VinylSd","Other",16,"Other","TA","PConc","Other","TA","Other","ALQ",1274,"Unf",0,256,1530,"GasA","Ex","Y","SBrkr",1530,0,0,1530,1,0,2,0,3,1,"Other",7,"Typ",1,"Gd","Attchd","Fin","2","TA","TA","Y",168,36,0,0,0,0,"No","No fence","None",0,6,2009,260000,36,3,4
"60","RL",85,11900,"Pave","No alley","Reg","Lvl","AllPub","Inside","Gtl","Gilbert","Norm","Norm","1Fam","Other",5,6,1977,1977,"Gable","CompShg","HdBoard","Wd Sdng","Other",157,"TA","TA","PConc","Gd","TA","No","ALQ",400,"Unf",0,722,1122,"GasA","Ex","Y","SBrkr",946,988,0,1934,1,0,2,1,3,1,"TA",6,"Typ",1,"TA","Attchd","Unf","2","TA","TA","Other",0,176,0,0,200,0,"No","No fence","None",0,7,2009,185000,376,3.5,32
"60","RL",94,13005,"Pave","No alley","Other","Lvl","AllPub","Other","Gtl","NWAmes","Norm","Norm","1Fam","Other",7,7,1980,1980,"Gable","CompShg","CemntBd","CmentBd","Other",278,"Other","TA","CBlock","Gd","TA","No","GLQ",692,"Unf",0,153,845,"GasA","TA","Y","SBrkr",1153,1200,0,2353,1,0,2,1,4,1,"Other",10,"Typ",1,"TA","Attchd","RFn","2","TA","TA","Y",288,195,0,0,0,0,"No","Other","None",0,8,2009,260000,195,3.5,29
"20","RL",48,17043,"Pave","No alley","Other","Lvl","AllPub","Other","Gtl","NWAmes","Norm","Norm","1Fam","1Story",6,5,1979,1998,"Gable","CompShg","HdBoard","HdBoard","None",0,"TA","Other","CBlock","Gd","Other","No","Unf",0,"Unf",0,1362,1362,"GasA","TA","Y","SBrkr",1586,0,0,1586,0,0,2,0,3,1,"TA",7,"Typ",1,"TA","Attchd","Unf","2","TA","TA","Y",192,0,0,0,0,0,"No","No fence","None",0,1,2009,181000,0,2,11
"20","RL",0,16635,"Pave","No alley","Other","Lvl","AllPub","Other","Gtl","NWAmes","Norm","Norm","1Fam","1Story",6,7,1977,2000,"Gable","CompShg","CemntBd","CmentBd","Other",126,"Other","TA","CBlock","Gd","TA","No","ALQ",1246,"Unf",0,356,1602,"GasA","Other","Y","SBrkr",1602,0,0,1602,0,1,2,0,3,1,"Other",8,"Typ",1,"TA","Attchd","Fin","2","TA","TA","Y",240,0,0,0,0,0,"No","No fence","None",0,6,2009,215000,0,2.5,9
"20","RL",80,10928,"Pave","No alley","Reg","Lvl","AllPub","Inside","Gtl","NWAmes","Norm","Norm","1Fam","1Story",6,6,1978,1986,"Gable","CompShg","VinylSd","VinylSd","Other",101,"TA","TA","PConc","TA","TA","No","Other",363,"Unf",0,1064,1427,"GasA","TA","Y","SBrkr",1671,0,0,1671,0,0,2,0,3,1,"TA",7,"Typ",1,"TA","Attchd","RFn","2","TA","TA","Y",252,55,0,0,0,0,"No","No fence","None",0,8,2009,200000,55,2,23
"60","RL",0,12388,"Pave","No alley","Other","Lvl","AllPub","Inside","Gtl","NWAmes","Norm","Norm","1Fam","Other",7,7,1980,1991,"Gable","CompShg","Plywood","Plywood","Other",229,"TA","TA","CBlock","Gd","TA","No","ALQ",602,"Unf",0,441,1043,"GasA","TA","Y","SBrkr",1539,1134,0,2673,0,0,2,1,4,1,"Other",9,"Typ",1,"TA","Other","RFn","2","TA","TA","Y",178,84,0,0,0,0,"No","No fence","None",0,8,2009,249000,84,2.5,18
"80","RL",0,14115,"Pave","No alley","Reg","Lvl","AllPub","Inside","Gtl","NWAmes","Norm","Norm","1Fam","Other",7,5,1980,1980,"Gable","CompShg","Plywood","Plywood","Other",225,"TA","TA","CBlock","Gd","TA","Other","GLQ",1036,"Unf",0,336,1372,"GasA","TA","Y","SBrkr",1472,0,0,1472,1,0,2,0,3,1,"TA",6,"Typ",2,"TA","Attchd","Unf","2","TA","TA","Y",233,48,0,0,0,0,"No","No fence","None",0,6,2009,187500,48,3,29
"20","RL",80,11088,"Pave","No alley","Reg","Lvl","AllPub","Inside","Gtl","NWAmes","Norm","Norm","1Fam","1Story",6,5,1978,1998,"Gable","CompShg","HdBoard","HdBoard","Other",144,"TA","TA","PConc","TA","TA","No","ALQ",832,"Unf",0,308,1140,"GasA","Other","Y","SBrkr",1707,0,0,1707,0,0,2,0,3,1,"TA",7,"Typ",1,"TA","Attchd","Fin","2","TA","TA","Y",0,0,0,0,0,0,"No","No fence","None",0,5,2009,184000,0,2,11
"20","RL",80,9600,"Pave","No alley","Reg","Lvl","AllPub","Inside","Gtl","NWAmes","Other","Norm","1Fam","1Story",8,5,1981,1981,"Other","Other","BrkFace","BrkFace","None",0,"Other","TA","PConc","Gd","TA","No","ALQ",1104,"Unf",0,1420,2524,"GasA","TA","Y","SBrkr",2524,0,0,2524,1,0,2,1,4,1,"Other",9,"Typ",1,"Gd","Attchd","Fin","2","TA","TA","Y",474,120,0,0,0,0,"No","Other","None",0,7,2009,278000,120,3.5,28
"60","RL",0,10304,"Pave","No alley","Other","Lvl","AllPub","Other","Gtl","NWAmes","Other","Norm","1Fam","Other",5,7,1976,1976,"Gable","CompShg","Plywood","Plywood","Other",44,"TA","Other","CBlock","TA","TA","No","ALQ",381,"Unf",0,399,780,"GasA","Ex","Y","SBrkr",1088,780,0,1868,1,0,2,1,4,1,"Other",9,"Typ",1,"TA","Attchd","Unf","2","TA","TA","Y",448,96,0,0,0,0,"No","No fence","None",0,10,2009,197500,96,3.5,33
"20","RL",0,9373,"Pave","No alley","Other","Lvl","AllPub","Other","Gtl","NWAmes","Other","Norm","1Fam","1Story",5,7,1975,1975,"Gable","CompShg","HdBoard","HdBoard","Other",161,"TA","TA","CBlock","Gd","TA","Other","ALQ",1333,"Other",168,120,1621,"GasA","TA","Y","SBrkr",1621,0,0,1621,1,0,2,0,3,1,"TA",7,"Typ",2,"Other","Attchd","RFn","2","TA","TA","Y",0,0,0,0,490,0,"No","No fence","None",0,6,2009,213000,490,3,34
"20","RL",78,10140,"Pave","No alley","Reg","Lvl","AllPub","Inside","Gtl","NWAmes","Norm","Norm","1Fam","1Story",6,6,1974,1974,"Other","CompShg","Plywood","Plywood","Other",196,"TA","TA","CBlock","TA","TA","No","ALQ",888,"Unf",0,228,1116,"GasA","Ex","Y","SBrkr",1116,0,0,1116,1,0,2,0,3,1,"TA",6,"Typ",1,"TA","Attchd","RFn","2","TA","TA","Y",0,0,0,0,0,0,"No","Other","None",0,4,2009,167900,0,3,35
"20","RL",85,11050,"Pave","No alley","Other","Lvl","AllPub","Other","Gtl","NWAmes","Norm","Norm","1Fam","1Story",7,5,1975,1975,"Gable","CompShg","Plywood","Plywood","None",0,"TA","TA","CBlock","TA","TA","No","ALQ",636,"Unf",0,540,1176,"GasA","Other","Y","SBrkr",1193,0,0,1193,0,0,2,0,3,1,"TA",5,"Typ",1,"TA","Attchd","Unf","2","TA","TA","Y",40,0,0,0,0,0,"No","No fence","None",0,8,2009,158000,0,2,34
"20","RL",78,10140,"Pave","No alley","Reg","Lvl","AllPub","Inside","Gtl","NWAmes","Norm","Norm","1Fam","1Story",6,5,1974,1974,"Other","CompShg","HdBoard","HdBoard","Other",174,"TA","TA","CBlock","Gd","TA","No","Unf",0,"Unf",0,1064,1064,"GasA","TA","Y","SBrkr",1350,0,0,1350,0,0,2,0,3,1,"TA",7,"Typ",1,"TA","Attchd","RFn","2","TA","TA","Y",0,0,0,0,0,0,"No","Other","None",0,8,2009,165000,0,2,35
"90","RL",60,9000,"Pave","No alley","Reg","Lvl","AllPub","Other","Gtl","NAmes","Norm","Norm","Other","Other",5,5,1974,1974,"Gable","CompShg","VinylSd","VinylSd","None",0,"TA","TA","CBlock","Gd","TA","No","Unf",0,"Unf",0,896,896,"GasA","TA","Y","SBrkr",896,896,0,1792,0,0,2,2,4,2,"TA",8,"Typ",0,"No fireplace","Other","Other","Other","Other","Other","Y",32,45,0,0,0,0,"No","No fence","None",0,9,2009,136000,45,3,35
"20","RL",0,8750,"Pave","No alley","Other","Lvl","AllPub","Inside","Gtl","NAmes","Norm","Norm","1Fam","1Story",5,6,1970,1970,"Gable","CompShg","MetalSd","MetalSd","Other",76,"TA","TA","CBlock","TA","TA","No","BLQ",828,"Unf",0,174,1002,"GasA","TA","Y","SBrkr",1002,0,0,1002,1,0,1,0,3,1,"TA",5,"Typ",0,"No fireplace","Other","Unf","2","TA","TA","Y",0,0,0,0,0,0,"No","Other","None",0,8,2009,148500,0,2,39
"20","RL",61,7930,"Pave","No alley","Reg","Lvl","AllPub","Inside","Gtl","NAmes","Norm","Norm","1Fam","1Story",6,8,1969,2005,"Gable","CompShg","Plywood","Plywood","None",0,"TA","TA","CBlock","TA","TA","No","GLQ",439,"Other",472,115,1026,"GasA","Other","Y","SBrkr",1026,0,0,1026,1,0,1,0,3,1,"Other",5,"Typ",0,"No fireplace","Other","RFn","2","TA","TA","Y",171,48,0,0,0,0,"No","No fence","None",0,7,2009,156000,48,2,4
"20","RL",0,7830,"Pave","No alley","Other","Lvl","AllPub","Inside","Gtl","NAmes","Norm","Norm","1Fam","1Story",5,5,1970,1970,"Gable","CompShg","HdBoard","HdBoard","None",0,"TA","TA","CBlock","TA","TA","No","Unf",0,"Unf",0,1180,1180,"GasA","TA","Y","SBrkr",1180,0,0,1180,0,0,1,1,2,1,"TA",6,"Typ",0,"No fireplace","Attchd","RFn","2","TA","TA","Y",0,45,0,0,0,0,"No","No fence","None",0,3,2009,128000,45,1.5,39
"20","RL",0,8510,"Pave","No alley","Other","Lvl","AllPub","Inside","Gtl","NAmes","Norm","Norm","1Fam","1Story",5,7,1971,1971,"Gable","CompShg","Plywood","Plywood","Other",178,"TA","TA","CBlock","Gd","TA","No","ALQ",500,"Unf",0,543,1043,"GasA","Ex","Y","SBrkr",1050,0,0,1050,1,0,1,1,3,1,"TA",6,"Typ",0,"No fireplace","Attchd","Unf","Other","TA","TA","Y",0,0,0,0,0,0,"No","No fence","None",0,7,2009,143000,0,2.5,38
"20","RL",60,6960,"Pave","No alley","Reg","Lvl","AllPub","Inside","Gtl","NAmes","Norm","Norm","1Fam","1Story",4,6,1970,1970,"Gable","CompShg","HdBoard","Plywood","None",0,"TA","TA","CBlock","TA","TA","No","ALQ",375,"Other",239,250,864,"GasA","TA","Y","SBrkr",864,0,0,864,0,0,1,0,3,1,"Other",5,"Typ",0,"No fireplace","Other","Unf","2","TA","TA","Y",96,0,0,0,0,0,"No","No fence","Other",500,11,2009,120500,0,1,39
"20","RL",70,8120,"Pave","No alley","Reg","Lvl","AllPub","Inside","Gtl","NAmes","Norm","Norm","1Fam","1Story",4,7,1970,1970,"Gable","CompShg","MetalSd","MetalSd","None",0,"TA","Other","CBlock","TA","TA","No","ALQ",191,"Unf",0,673,864,"GasA","Ex","Y","SBrkr",864,0,0,864,0,0,1,0,3,1,"TA",5,"Typ",0,"No fireplace","Other","Unf","2","TA","TA","Y",0,0,0,0,0,0,"No","No fence","None",0,7,2009,124500,0,1,39
"20","RL",60,9000,"Pave","No alley","Reg","Lvl","AllPub","Other","Gtl","NAmes","Norm","Norm","1Fam","1Story",4,7,1971,2006,"Gable","CompShg","VinylSd","VinylSd","None",0,"TA","Other","CBlock","TA","TA","No","ALQ",240,"Unf",0,624,864,"GasA","Other","Y","SBrkr",864,0,0,864,0,0,1,0,3,1,"TA",5,"Typ",0,"No fireplace","Other","Unf","2","TA","TA","Y",200,0,0,0,0,0,"No","Other","None",0,7,2009,130000,0,1,3
"160","Other",21,1680,"Pave","No alley","Reg","Lvl","AllPub","Inside","Gtl","BrDale","Norm","Norm","Other","Other",6,5,1973,1973,"Gable","CompShg","HdBoard","HdBoard","Other",504,"TA","TA","CBlock","TA","TA","No","BLQ",254,"Unf",0,229,483,"GasA","TA","Y","SBrkr",483,504,0,987,1,0,1,1,2,1,"TA",5,"Typ",0,"No fireplace","Other","Unf","Other","TA","TA","Y",0,0,0,0,0,0,"No","No fence","None",0,7,2009,111000,0,2.5,36
"160","Other",24,2368,"Pave","No alley","Reg","Lvl","AllPub","Inside","Gtl","BrDale","Norm","Norm","Other","Other",5,6,1970,1970,"Gable","CompShg","HdBoard","HdBoard","None",312,"TA","TA","CBlock","TA","TA","No","Other",765,"Unf",0,0,765,"GasA","TA","Y","SBrkr",765,600,0,1365,0,0,1,1,3,1,"TA",7,"Other",0,"No fireplace","Attchd","Unf","2","TA","TA","Y",0,36,0,0,0,0,"No","No fence","None",0,5,2009,125000,36,1.5,39
"160","Other",21,1680,"Pave","No alley","Reg","Lvl","AllPub","Inside","Gtl","BrDale","Norm","Norm","Other","Other",6,6,1972,1972,"Gable","CompShg","HdBoard","HdBoard","Other",425,"TA","TA","CBlock","TA","TA","No","Rec",110,"Other",294,79,483,"GasA","TA","Y","SBrkr",483,504,0,987,1,0,1,1,2,1,"TA",5,"Typ",0,"No fireplace","Other","Unf","Other","TA","TA","Y",0,0,0,0,0,0,"No","No fence","None",0,7,2009,97000,0,2.5,37
"160","Other",21,1680,"Pave","No alley","Reg","Lvl","AllPub","Inside","Gtl","BrDale","Norm","Norm","Other","Other",6,8,1972,2007,"Gable","CompShg","HdBoard","HdBoard","Other",510,"TA","TA","CBlock","TA","TA","No","ALQ",162,"Unf",0,321,483,"GasA","Other","Y","SBrkr",483,504,0,987,0,0,1,1,2,1,"Other",5,"Typ",0,"No fireplace","Other","Unf","Other","TA","TA","Y",250,0,0,0,0,0,"No","No fence","None",0,5,2009,118000,0,1.5,2
"160","Other",21,1680,"Pave","No alley","Reg","Lvl","AllPub","Inside","Gtl","BrDale","Norm","Norm","Other","Other",5,7,1972,1972,"Gable","CompShg","CemntBd","CmentBd","Other",268,"TA","TA","CBlock","TA","TA","No","ALQ",231,"Unf",0,399,630,"GasA","TA","Y","SBrkr",630,672,0,1302,0,0,2,1,3,1,"TA",6,"Typ",0,"No fireplace","Other","Unf","Other","TA","TA","Y",185,0,0,0,0,0,"No","No fence","None",0,2,2009,119500,0,2.5,37
"120","RL",0,4928,"Pave","No alley","Other","Lvl","AllPub","Inside","Gtl","NPkVill","Norm","Norm","Other","1Story",6,6,1976,1976,"Gable","CompShg","Plywood","Plywood","None",0,"TA","TA","CBlock","Gd","TA","No","Other",958,"Unf",0,0,958,"GasA","TA","Y","SBrkr",958,0,0,958,0,0,2,0,2,1,"TA",5,"Typ",0,"No fireplace","Attchd","RFn","2","TA","TA","Y",0,60,0,0,0,0,"No","No fence","None",0,10,2009,143750,60,2,33
"160","RL",24,2308,"Pave","No alley","Reg","Lvl","AllPub","Other","Gtl","NPkVill","Norm","Norm","Other","Other",6,5,1976,1976,"Gable","CompShg","Plywood","Brk Cmn","None",0,"TA","TA","CBlock","Gd","TA","No","ALQ",306,"Unf",0,498,804,"GasA","TA","Y","SBrkr",804,744,0,1548,0,0,2,1,3,1,"TA",7,"Typ",1,"TA","Other","RFn","2","TA","TA","Y",108,0,0,0,0,0,"No","No fence","None",0,9,2009,146000,0,2.5,33
"160","RL",24,2280,"Pave","No alley","Reg","Lvl","AllPub","Other","Gtl","NPkVill","Norm","Norm","Other","Other",6,6,1976,1976,"Gable","CompShg","Plywood","Brk Cmn","None",0,"TA","TA","CBlock","Gd","TA","No","ALQ",566,"Unf",0,289,855,"GasA","TA","Y","SBrkr",855,601,0,1456,0,0,2,1,3,1,"TA",7,"Typ",1,"TA","Attchd","Unf","2","TA","TA","Y",87,0,0,0,0,0,"No","No fence","None",0,7,2009,148500,0,2.5,33
"120","RL",24,2280,"Pave","No alley","Reg","Lvl","AllPub","Other","Gtl","NPkVill","Norm","Norm","Other","1Story",7,5,1975,1975,"Gable","CompShg","Plywood","Brk Cmn","None",0,"TA","TA","CBlock","Gd","TA","No","ALQ",435,"Other",622,0,1057,"GasA","TA","Y","SBrkr",1055,0,0,1055,0,1,2,0,2,1,"TA",4,"Typ",1,"Other","Attchd","RFn","2","TA","TA","Y",0,27,0,0,0,0,"No","No fence","None",0,8,2009,123000,27,2.5,34
"160","RL",24,2308,"Pave","No alley","Reg","Lvl","AllPub","Inside","Gtl","NPkVill","Norm","Norm","Other","Other",6,5,1974,1974,"Gable","CompShg","Plywood","Brk Cmn","None",0,"TA","TA","CBlock","TA","TA","No","ALQ",257,"Other",495,103,855,"GasA","TA","Y","SBrkr",855,467,0,1322,0,1,2,1,3,1,"TA",6,"Typ",1,"Other","Attchd","Unf","2","TA","TA","Y",260,0,0,0,0,0,"No","No fence","None",0,6,2009,147000,0,3,35
"160","RL",24,2349,"Pave","No alley","Reg","Lvl","AllPub","Inside","Gtl","NPkVill","Norm","Norm","Other","Other",6,5,1977,1977,"Gable","CompShg","Plywood","Brk Cmn","None",0,"TA","TA","CBlock","Gd","TA","No","ALQ",389,"Unf",0,466,855,"GasA","TA","Y","SBrkr",855,601,0,1456,0,0,2,1,3,1,"TA",6,"Typ",1,"TA","Attchd","Unf","2","TA","TA","Y",0,28,0,0,0,0,"No","No fence","None",0,5,2009,137900,28,2.5,32
"160","RL",24,2364,"Pave","No alley","Reg","Lvl","AllPub","Inside","Gtl","NPkVill","Norm","Norm","Other","Other",6,5,1978,1978,"Gable","CompShg","Plywood","Brk Cmn","None",0,"TA","TA","CBlock","Gd","TA","No","ALQ",320,"Unf",0,484,804,"GasA","TA","Y","SBrkr",804,744,0,1548,0,1,2,1,3,1,"TA",7,"Typ",1,"TA","Other","Unf","2","TA","TA","Y",108,0,0,0,0,0,"No","No fence","None",0,7,2009,147000,0,3,31
"160","RL",24,2289,"Pave","No alley","Reg","Lvl","AllPub","Inside","Gtl","NPkVill","Norm","Norm","Other","Other",6,6,1978,1978,"Gable","CompShg","Plywood","Brk Cmn","None",0,"TA","TA","CBlock","TA","TA","No","ALQ",311,"Unf",0,544,855,"GasA","TA","Y","SBrkr",855,586,0,1441,0,0,2,1,3,1,"TA",7,"Typ",1,"TA","Attchd","Unf","2","TA","TA","Y",28,0,0,0,0,0,"No","No fence","None",0,4,2009,148500,0,2.5,31
"160","RL",24,2364,"Pave","No alley","Reg","Lvl","AllPub","Inside","Gtl","NPkVill","Norm","Norm","Other","Other",6,5,1978,1978,"Gable","CompShg","Plywood","Brk Cmn","None",0,"Other","TA","CBlock","Gd","TA","No","ALQ",279,"Unf",0,576,855,"GasA","TA","Y","SBrkr",855,601,0,1456,0,0,2,1,3,1,"TA",6,"Typ",1,"TA","Attchd","Fin","2","TA","TA","Y",147,0,0,0,0,0,"No","No fence","None",0,4,2009,138000,0,2.5,31
"120","RL",24,2104,"Pave","No alley","Reg","Lvl","AllPub","Inside","Gtl","NPkVill","Norm","Norm","Other","1Story",7,6,1976,1976,"Gable","CompShg","Plywood","Brk Cmn","None",0,"TA","TA","CBlock","TA","TA","No","ALQ",536,"Unf",0,300,836,"GasA","TA","Y","SBrkr",836,0,0,836,0,1,1,0,2,1,"TA",5,"Typ",0,"No fireplace","Attchd","Unf","Other","TA","TA","Y",150,20,0,0,0,0,"No","No fence","None",0,10,2009,128500,20,1.5,33
"20","RL",65,7150,"Pave","No alley","Reg","Lvl","AllPub","Inside","Gtl","NAmes","Norm","Norm","1Fam","1Story",5,5,1967,1967,"Gable","CompShg","HdBoard","HdBoard","Other",60,"TA","TA","CBlock","TA","TA","No","BLQ",432,"Unf",0,460,892,"GasA","TA","Y","SBrkr",892,0,0,892,0,0,1,0,3,1,"TA",5,"Typ",0,"No fireplace","Attchd","RFn","Other","TA","TA","Y",0,0,0,0,0,0,"No","Other","None",0,7,2009,100000,0,1,42
"20","RL",0,10710,"Pave","No alley","Reg","Lvl","AllPub","Inside","Gtl","NAmes","Norm","Norm","1Fam","1Story",5,7,1966,2004,"Other","CompShg","HdBoard","HdBoard","Other",165,"Other","TA","PConc","TA","TA","No","BLQ",644,"Unf",0,220,864,"GasA","Ex","Y","SBrkr",1120,0,0,1120,0,1,1,0,3,1,"TA",5,"Typ",1,"TA","Attchd","RFn","2","TA","TA","Y",0,162,0,0,0,0,"No","No fence","Other",1200,7,2009,148800,162,1.5,5
"20","RL",96,12456,"Pave","No alley","Reg","Lvl","AllPub","Other","Gtl","NridgHt","Norm","Norm","1Fam","1Story",10,5,2006,2007,"Other","CompShg","CemntBd","CmentBd","Other",230,"Other","TA","PConc","Other","TA","Other","GLQ",1172,"Unf",0,528,1700,"GasA","Ex","Y","SBrkr",1718,0,0,1718,1,0,2,0,3,1,"Other",7,"Typ",1,"Gd","Attchd","Fin","Other","TA","TA","Y",216,48,0,0,0,0,"No","No fence","None",0,7,2009,337500,48,3,2
"60","RL",110,14257,"Pave","No alley","Reg","Lvl","AllPub","Inside","Gtl","NridgHt","Other","Norm","1Fam","Other",9,5,2007,2007,"Other","CompShg","VinylSd","VinylSd","Other",726,"Other","TA","PConc","Other","TA","No","GLQ",1360,"Unf",0,416,1776,"GasA","Ex","Y","SBrkr",1794,978,0,2772,1,0,3,1,4,1,"Other",10,"Typ",3,"Gd","Other","Fin","Other","TA","TA","Y",135,64,0,0,0,0,"No","No fence","None",0,6,2009,462000,64,4.5,2
"20","RL",105,15431,"Pave","No alley","Reg","Lvl","AllPub","Inside","Gtl","NridgHt","Norm","Norm","1Fam","1Story",10,5,2008,2008,"Other","CompShg","VinylSd","VinylSd","Other",200,"Other","TA","PConc","Other","TA","Other","GLQ",1767,"Other",539,788,3094,"GasA","Ex","Y","SBrkr",2402,0,0,2402,1,0,2,0,2,1,"Other",10,"Typ",2,"Gd","Attchd","Fin","Other","TA","TA","Y",0,72,0,0,170,0,"No","No fence","None",0,4,2009,555000,242,3,1
"20","RL",108,13173,"Pave","No alley","Other","Lvl","AllPub","Other","Gtl","NridgHt","Norm","Norm","1Fam","1Story",9,5,2006,2007,"Other","CompShg","VinylSd","VinylSd","Other",300,"Other","TA","PConc","Other","TA","No","GLQ",1572,"Unf",0,80,1652,"GasA","Ex","Y","SBrkr",1652,0,0,1652,1,0,2,0,2,1,"Other",6,"Typ",2,"Other","Attchd","Fin","2","TA","TA","Y",404,102,0,0,0,0,"No","No fence","None",0,11,2009,325000,102,3,2
"20","RL",110,14230,"Pave","No alley","Reg","Lvl","AllPub","Other","Gtl","NridgHt","Norm","Norm","1Fam","1Story",8,5,2007,2007,"Gable","CompShg","VinylSd","VinylSd","Other",640,"Other","TA","PConc","Gd","TA","No","Unf",0,"Unf",0,1566,1566,"GasA","Ex","Y","SBrkr",1600,0,0,1600,0,0,2,0,3,1,"Other",7,"Typ",1,"Gd","Attchd","RFn","Other","TA","TA","Y",0,56,0,0,0,0,"No","No fence","None",0,7,2009,256300,56,2,2
"60","RL",96,11308,"Pave","No alley","Other","Lvl","AllPub","Inside","Gtl","NridgHt","Norm","Norm","1Fam","Other",9,5,2008,2008,"Gable","CompShg","VinylSd","VinylSd","Other",154,"Other","TA","PConc","Other","TA","Other","GLQ",936,"Unf",0,168,1104,"GasA","Ex","Y","SBrkr",1130,1054,0,2184,1,0,2,1,3,1,"Other",10,"Typ",1,"Gd","Attchd","Fin","Other","TA","TA","Y",0,102,0,0,0,0,"No","No fence","None",0,7,2009,335000,102,3.5,1
"20","RL",95,12350,"Pave","No alley","Reg","Lvl","AllPub","Inside","Gtl","NridgHt","Norm","Norm","1Fam","1Story",9,5,2008,2008,"Other","CompShg","VinylSd","VinylSd","Other",450,"Other","TA","PConc","Other","TA","Other","GLQ",1232,"Unf",0,788,2020,"GasA","Ex","Y","SBrkr",2020,0,0,2020,1,0,2,0,3,1,"Other",7,"Typ",1,"Gd","Attchd","RFn","Other","TA","TA","Y",192,98,0,0,0,0,"No","No fence","None",0,5,2009,404000,98,3,1
"60","RL",97,13478,"Pave","No alley","Other","Lvl","AllPub","Other","Gtl","NridgHt","Norm","Norm","1Fam","Other",10,5,2008,2008,"Gable","CompShg","CemntBd","CmentBd","Other",420,"Other","TA","PConc","Other","TA","Other","GLQ",1338,"Unf",0,384,1722,"GasA","Ex","Y","SBrkr",1728,568,0,2296,1,0,2,1,3,1,"Other",10,"Typ",1,"Gd","Other","RFn","Other","TA","TA","Y",382,274,0,0,0,0,"No","No fence","None",0,6,2009,451950,274,3.5,1
"20","RL",105,13693,"Pave","No alley","Reg","Lvl","AllPub","Inside","Gtl","NridgHt","Other","Other","1Fam","1Story",10,5,2007,2007,"Other","CompShg","VinylSd","VinylSd","Other",472,"Other","TA","PConc","Other","TA","Other","GLQ",2288,"Unf",0,342,2630,"GasA","Ex","Y","SBrkr",2674,0,0,2674,2,0,2,1,2,1,"Other",8,"Typ",2,"Gd","Attchd","Fin","Other","TA","TA","Y",360,50,0,0,0,0,"No","No fence","None",0,3,2009,610000,50,4.5,2
"20","RL",95,11578,"Pave","No alley","Reg","Lvl","AllPub","Inside","Gtl","NridgHt","Norm","Norm","1Fam","1Story",9,5,2008,2008,"Gable","CompShg","VinylSd","VinylSd","Other",302,"Other","TA","PConc","Other","TA","No","Unf",0,"Unf",0,1736,1736,"GasA","Ex","Y","SBrkr",1736,0,0,1736,0,0,2,0,3,1,"Other",7,"Typ",1,"Gd","Attchd","RFn","Other","TA","TA","Y",319,90,0,0,0,0,"No","No fence","None",0,7,2009,360000,90,2,1
"20","RL",129,16870,"Pave","No alley","Other","Lvl","AllPub","Other","Gtl","NridgHt","Norm","Norm","1Fam","1Story",8,5,2004,2005,"Other","CompShg","VinylSd","VinylSd","Other",238,"Other","TA","PConc","Other","TA","Other","GLQ",1531,"Unf",0,251,1782,"GasA","Ex","Y","SBrkr",1782,0,0,1782,1,0,2,0,3,1,"Other",7,"Typ",2,"Gd","Attchd","Fin","Other","TA","TA","Y",99,82,0,0,0,0,"No","No fence","None",0,4,2009,296000,82,3,4
"20","RL",87,11146,"Pave","No alley","Other","Lvl","AllPub","Inside","Gtl","NridgHt","Norm","Norm","1Fam","1Story",8,5,2006,2006,"Gable","CompShg","VinylSd","VinylSd","Other",250,"Other","TA","PConc","Other","TA","Other","Unf",0,"Unf",0,1709,1709,"GasA","Ex","Y","SBrkr",1717,0,0,1717,0,0,2,0,3,1,"Other",7,"Typ",1,"Gd","Attchd","RFn","Other","TA","TA","Y",169,39,0,0,0,0,"No","No fence","None",0,7,2009,255500,39,2,3
"20","RL",87,10367,"Pave","No alley","Other","Lvl","AllPub","Inside","Gtl","NridgHt","Norm","Norm","1Fam","1Story",9,5,2008,2008,"Other","CompShg","VinylSd","VinylSd","Other",284,"Other","TA","PConc","Other","TA","Other","GLQ",1015,"Unf",0,724,1739,"GasA","Ex","Y","SBrkr",1743,0,0,1743,1,0,2,0,3,1,"Other",8,"Typ",1,"Gd","Attchd","RFn","Other","TA","TA","Y",168,45,0,0,0,0,"No","No fence","None",0,6,2009,335000,45,3,1
"20","RL",76,9591,"Pave","No alley","Reg","Lvl","AllPub","Inside","Gtl","NridgHt","Norm","Norm","1Fam","1Story",8,5,2004,2005,"Other","CompShg","VinylSd","VinylSd","Other",262,"Other","TA","PConc","Other","TA","Other","GLQ",1088,"Unf",0,625,1713,"GasA","Ex","Y","SBrkr",1713,0,0,1713,1,0,2,0,3,1,"Other",7,"Typ",1,"Gd","Attchd","Fin","Other","TA","TA","Y",0,26,0,0,170,0,"No","No fence","None",0,1,2009,274900,196,3,4
"20","RL",77,10872,"Pave","No alley","Other","Lvl","AllPub","Inside","Gtl","NridgHt","Norm","Norm","1Fam","1Story",9,5,2006,2006,"Gable","CompShg","VinylSd","VinylSd","Other",122,"Other","TA","PConc","Other","Other","Other","GLQ",1037,"Unf",0,467,1504,"GasA","Ex","Y","SBrkr",1531,0,0,1531,1,0,2,0,2,1,"Other",6,"Typ",1,"Gd","Attchd","Fin","Other","TA","TA","Y",184,52,0,0,0,0,"No","No fence","None",0,2,2009,300000,52,3,3
"20","RL",102,13514,"Pave","No alley","Other","Lvl","AllPub","Other","Gtl","NridgHt","Norm","Norm","1Fam","1Story",9,5,2008,2008,"Other","CompShg","VinylSd","VinylSd","None",285,"Other","TA","PConc","Other","TA","No","GLQ",1142,"Unf",0,632,1774,"GasA","Ex","Y","SBrkr",1808,0,0,1808,1,0,2,0,3,1,"Other",7,"Typ",1,"Gd","Attchd","Fin","Other","TA","TA","Y",200,26,0,0,0,0,"No","No fence","None",0,3,2009,324000,26,3,1
"60","RL",74,8834,"Pave","No alley","Reg","Lvl","AllPub","Inside","Gtl","NridgHt","Norm","Norm","1Fam","Other",9,5,2004,2005,"Other","CompShg","VinylSd","VinylSd","Other",216,"Other","TA","PConc","Other","TA","No","GLQ",1170,"Unf",0,292,1462,"GasA","Ex","Y","SBrkr",1462,762,0,2224,1,0,2,1,4,1,"Other",10,"Typ",1,"Gd","Attchd","Fin","Other","TA","TA","Y",184,0,0,0,0,0,"No","No fence","None",0,6,2009,350000,0,3.5,4
"20","RL",107,11362,"Pave","No alley","Other","Lvl","AllPub","Inside","Gtl","NridgHt","Norm","Norm","1Fam","1Story",8,5,2004,2005,"Gable","CompShg","MetalSd","MetalSd","Other",42,"Other","TA","PConc","Other","TA","Other","GLQ",1039,"Unf",0,797,1836,"GasA","Ex","Y","SBrkr",1836,0,0,1836,1,0,2,0,3,1,"Other",7,"Typ",1,"Gd","Attchd","Fin","Other","TA","TA","Y",125,185,0,0,0,0,"No","No fence","None",0,3,2009,280000,185,3,4
"20","RL",85,10655,"Pave","No alley","Other","Lvl","AllPub","Inside","Gtl","NridgHt","Norm","Norm","1Fam","1Story",8,5,2003,2004,"Gable","CompShg","VinylSd","VinylSd","Other",296,"Other","TA","PConc","Gd","TA","No","GLQ",1124,"Other",479,1603,3206,"GasA","Ex","Y","SBrkr",1629,0,0,1629,1,0,2,0,3,1,"Other",7,"Typ",1,"Gd","Attchd","RFn","Other","TA","TA","Y",0,0,0,0,0,0,"No","No fence","None",0,10,2009,284000,0,3,5
"20","RL",90,12878,"Pave","No alley","Other","Lvl","AllPub","Other","Gtl","NridgHt","Norm","Norm","1Fam","1Story",7,5,2003,2004,"Other","CompShg","VinylSd","VinylSd","Other",418,"Other","TA","PConc","Gd","TA","No","ALQ",1262,"Unf",0,498,1760,"GasA","Ex","Y","SBrkr",1760,0,0,1760,1,0,2,0,3,1,"Other",8,"Typ",1,"Gd","Attchd","Fin","2","TA","TA","Y",165,190,0,0,0,0,"No","No fence","None",0,6,2009,269500,190,3,5
"20","RL",103,13472,"Pave","No alley","Reg","Lvl","AllPub","Inside","Gtl","NridgHt","Norm","Norm","1Fam","1Story",10,5,2003,2003,"Other","CompShg","VinylSd","VinylSd","Other",922,"Other","TA","PConc","Other","TA","Other","GLQ",56,"Unf",0,2336,2392,"GasA","Ex","Y","SBrkr",2392,0,0,2392,0,0,2,0,3,1,"Other",8,"Typ",1,"Other","Attchd","Fin","Other","TA","TA","Y",248,105,0,0,0,0,"No","No fence","None",0,6,2009,386250,105,2,6
"20","RL",110,15274,"Pave","No alley","Other","Lvl","AllPub","Other","Gtl","NridgHt","Norm","Norm","1Fam","1Story",9,5,2003,2003,"Other","CompShg","VinylSd","VinylSd","Other",724,"Other","TA","PConc","Other","TA","No","GLQ",1972,"Unf",0,480,2452,"GasA","Ex","Y","SBrkr",2452,0,0,2452,2,0,2,0,3,1,"Other",10,"Typ",1,"Gd","Attchd","Fin","Other","TA","TA","Y",0,116,0,0,0,0,"No","Other","None",0,7,2009,445000,116,4,6
"60","RL",96,13262,"Pave","No alley","Other","Lvl","AllPub","Inside","Gtl","NridgHt","Norm","Norm","1Fam","Other",8,5,2003,2004,"Gable","CompShg","VinylSd","VinylSd","Other",186,"Other","TA","PConc","Gd","TA","No","Unf",0,"Unf",0,1082,1082,"GasA","Ex","Y","SBrkr",1105,1295,0,2400,0,0,3,1,4,1,"Other",10,"Typ",1,"Gd","Other","Fin","Other","TA","TA","Y",114,40,0,0,0,0,"No","No fence","None",0,6,2009,290000,40,3.5,5
"20","RL",70,9658,"Pave","No alley","Other","Lvl","AllPub","Inside","Gtl","NridgHt","Norm","Norm","1Fam","1Story",8,5,2006,2006,"Gable","CompShg","VinylSd","VinylSd","Other",383,"Other","TA","PConc","Gd","TA","No","Unf",0,"Unf",0,1598,1598,"GasA","Other","Y","SBrkr",1606,0,0,1606,0,0,2,0,3,1,"Other",6,"Typ",1,"Gd","Attchd","RFn","Other","TA","TA","Y",230,60,0,0,0,0,"No","No fence","None",0,7,2009,255900,60,2,3
"120","RL",47,6904,"Pave","No alley","Other","Lvl","AllPub","Inside","Gtl","NridgHt","Norm","Norm","Other","1Story",6,5,2005,2005,"Gable","CompShg","VinylSd","VinylSd","Other",240,"Other","TA","PConc","Gd","TA","Other","ALQ",836,"Unf",0,522,1358,"GasA","Ex","Y","SBrkr",1358,0,0,1358,0,0,2,0,2,1,"Other",6,"Typ",1,"Gd","Attchd","RFn","2","TA","TA","Y",192,36,0,0,0,0,"No","No fence","None",0,8,2009,213000,36,2,4
"120","RL",34,5381,"Pave","No alley","Other","Lvl","AllPub","Inside","Gtl","NridgHt","Norm","Norm","Other","1Story",6,5,2005,2005,"Gable","CompShg","VinylSd","VinylSd","Other",135,"Other","TA","PConc","Gd","TA","Other","ALQ",900,"Unf",0,406,1306,"GasA","Ex","Y","SBrkr",1306,0,0,1306,1,0,2,0,1,1,"Other",5,"Typ",1,"Gd","Attchd","RFn","2","TA","TA","Y",170,63,0,0,0,0,"No","No fence","None",0,8,2009,196000,63,3,4
"120","RL",34,5122,"Pave","No alley","Other","Lvl","AllPub","Inside","Gtl","NridgHt","Norm","Norm","Other","1Story",6,5,2005,2005,"Gable","CompShg","VinylSd","VinylSd","Other",135,"Other","TA","PConc","Gd","TA","Other","GLQ",881,"Unf",0,425,1306,"GasA","Ex","Y","SBrkr",1306,0,0,1306,1,0,2,0,1,1,"Other",5,"Typ",1,"Gd","Attchd","RFn","2","TA","TA","Y",170,63,0,0,0,0,"No","No fence","None",0,3,2009,184500,63,3,4
"120","RL",80,10307,"Pave","No alley","Other","Lvl","AllPub","Inside","Gtl","NridgHt","Norm","Norm","Other","1Story",7,5,2007,2008,"Gable","CompShg","VinylSd","VinylSd","Other",176,"Other","TA","PConc","Gd","TA","No","GLQ",876,"Unf",0,474,1350,"GasA","Ex","Y","SBrkr",1358,0,0,1358,1,0,2,0,2,1,"Other",6,"Typ",1,"Gd","Attchd","RFn","2","TA","TA","Y",192,26,0,0,0,0,"No","No fence","None",0,5,2009,212500,26,3,1
"120","RL",34,5001,"Pave","No alley","Other","Lvl","AllPub","Inside","Gtl","NridgHt","Norm","Norm","Other","1Story",7,5,2007,2008,"Gable","CompShg","VinylSd","VinylSd","Other",166,"Other","TA","PConc","Gd","TA","No","GLQ",904,"Unf",0,410,1314,"GasA","Ex","Y","SBrkr",1314,0,0,1314,1,0,2,0,2,1,"Other",6,"Typ",1,"Gd","Attchd","RFn","2","TA","TA","Y",172,62,0,0,0,0,"No","No fence","None",0,7,2009,230000,62,3,1
"20","RL",117,15262,"Pave","No alley","Other","Lvl","AllPub","Other","Gtl","NridgHt","Norm","Norm","1Fam","1Story",8,5,2003,2004,"Other","CompShg","VinylSd","VinylSd","Other",470,"Other","TA","PConc","Other","TA","Other","GLQ",1557,"Unf",0,643,2200,"GasA","Ex","Y","SBrkr",2200,0,0,2200,1,0,2,1,3,1,"Other",8,"Typ",1,"Gd","Attchd","Fin","Other","TA","TA","Y",208,55,0,0,0,0,"No","No fence","None",0,7,2009,382500,55,3.5,5
"120","RL",48,6472,"Pave","No alley","Reg","Lvl","AllPub","Inside","Gtl","NridgHt","Norm","Norm","Other","1Story",9,5,2008,2008,"Other","CompShg","VinylSd","VinylSd","Other",500,"Other","TA","PConc","Other","TA","No","Unf",0,"Unf",0,1451,1451,"GasA","Ex","Y","SBrkr",1456,0,0,1456,0,0,2,0,2,1,"Other",6,"Typ",1,"Gd","Attchd","RFn","2","TA","TA","Y",192,42,0,0,0,0,"No","No fence","None",0,4,2009,248500,42,2,1
"20","RL",129,16770,"Pave","No alley","Reg","Lvl","AllPub","Other","Gtl","NridgHt","Norm","Norm","1Fam","1Story",8,5,2002,2003,"Other","CompShg","VinylSd","VinylSd","Other",270,"Other","TA","PConc","Other","TA","Other","GLQ",1196,"Unf",0,516,1712,"GasA","Ex","Y","SBrkr",1712,0,0,1712,1,0,2,0,3,1,"Other",8,"Typ",1,"Gd","Attchd","RFn","Other","TA","TA","Y",218,183,0,0,0,0,"No","No fence","None",0,9,2009,286500,183,3,6
"120","RL",48,6240,"Pave","No alley","Reg","Lvl","AllPub","Inside","Gtl","NridgHt","Norm","Norm","Other","1Story",8,5,2006,2006,"Other","CompShg","MetalSd","MetalSd","Other",176,"Other","TA","PConc","Gd","TA","No","GLQ",863,"Unf",0,461,1324,"GasA","Ex","Y","SBrkr",1324,0,0,1324,1,0,2,0,2,1,"Other",6,"Typ",1,"Gd","Attchd","Fin","2","TA","TA","Y",192,38,0,0,0,0,"No","No fence","None",0,12,2009,254000,38,3,3
"120","RL",48,3480,"Pave","No alley","Reg","Lvl","AllPub","Inside","Gtl","NridgHt","Norm","Norm","Other","1Story",7,5,2003,2003,"Gable","CompShg","VinylSd","VinylSd","Other",163,"Other","TA","PConc","Gd","TA","No","Unf",0,"Unf",0,1405,1405,"GasA","Ex","Y","SBrkr",1405,0,0,1405,0,0,2,0,2,1,"Other",6,"Typ",1,"TA","Attchd","RFn","2","TA","TA","Y",148,36,0,0,0,0,"No","No fence","None",0,11,2009,173000,36,2,6
"160","RL",36,2268,"Pave","No alley","Reg","Lvl","AllPub","Inside","Gtl","NridgHt","Norm","Norm","Other","Other",7,5,2003,2004,"Gable","CompShg","VinylSd","Wd Shng","Other",106,"Other","TA","PConc","Gd","TA","No","GLQ",567,"Unf",0,197,764,"GasA","Ex","Y","SBrkr",764,862,0,1626,0,0,2,0,2,1,"Other",6,"Typ",0,"No fireplace","Other","RFn","2","TA","TA","Y",0,27,0,0,0,0,"No","No fence","None",0,7,2009,173000,27,2,5
"60","RL",63,10928,"Pave","No alley","Reg","Lvl","AllPub","Inside","Gtl","Gilbert","Other","Norm","1Fam","Other",7,5,2005,2005,"Gable","CompShg","VinylSd","VinylSd","None",0,"Other","TA","PConc","Gd","Other","No","Unf",0,"Unf",0,728,728,"GasA","Ex","Y","SBrkr",728,728,0,1456,0,0,2,1,3,1,"Other",8,"Typ",1,"Gd","Attchd","Fin","2","TA","TA","Y",100,0,0,0,0,0,"No","No fence","None",0,6,2009,184000,0,2.5,4
"60","RL",57,8918,"Pave","No alley","Other","Lvl","AllPub","Inside","Gtl","Gilbert","Norm","Norm","1Fam","Other",6,5,2005,2006,"Gable","CompShg","VinylSd","VinylSd","None",0,"Other","TA","PConc","Gd","TA","Other","Unf",0,"Unf",0,745,745,"GasA","Ex","Y","SBrkr",745,745,0,1490,0,0,2,1,3,1,"Other",7,"Typ",1,"Gd","Attchd","Fin","2","TA","TA","Y",36,20,0,0,0,0,"No","No fence","None",0,7,2009,167800,20,2.5,3
"60","RL",149,12589,"Pave","No alley","Other","Lvl","AllPub","Inside","Gtl","Gilbert","Norm","Norm","1Fam","Other",6,5,2005,2005,"Gable","CompShg","VinylSd","VinylSd","None",0,"Other","TA","PConc","Gd","TA","No","Unf",0,"Unf",0,742,742,"GasA","Ex","Y","SBrkr",742,742,0,1484,0,0,2,1,3,1,"Other",8,"Typ",1,"Gd","Attchd","Fin","2","TA","TA","Y",36,24,0,0,0,0,"No","No fence","None",0,6,2009,174000,24,2.5,4
"60","RL",122,11911,"Pave","No alley","Other","Lvl","AllPub","Inside","Gtl","Gilbert","Norm","Norm","1Fam","Other",6,5,2005,2005,"Gable","CompShg","VinylSd","VinylSd","None",0,"Other","TA","PConc","Gd","TA","Other","Unf",0,"Unf",0,684,684,"GasA","Ex","Y","SBrkr",684,876,0,1560,0,0,2,1,3,1,"Other",6,"Typ",1,"Gd","Other","Fin","2","TA","TA","Y",100,38,0,0,0,0,"No","No fence","None",0,3,2009,174000,38,2.5,4
"120","RL",53,3684,"Pave","No alley","Reg","Lvl","AllPub","Inside","Gtl","Other","Norm","Norm","Other","1Story",7,5,2007,2007,"Other","CompShg","VinylSd","VinylSd","Other",130,"Other","TA","PConc","Gd","TA","No","Unf",0,"Unf",0,1373,1373,"GasA","Ex","Y","SBrkr",1555,0,0,1555,0,0,2,0,2,1,"Other",7,"Typ",1,"TA","Attchd","Fin","Other","TA","TA","Y",143,20,0,0,0,0,"No","No fence","None",0,6,2009,174000,20,2,2
"120","RL",51,3635,"Pave","No alley","Reg","Lvl","AllPub","Inside","Gtl","Other","Norm","Norm","Other","1Story",7,5,2007,2007,"Other","CompShg","VinylSd","VinylSd","Other",130,"Other","TA","PConc","Gd","TA","No","ALQ",988,"Unf",0,398,1386,"GasA","Ex","Y","SBrkr",1569,0,0,1569,0,1,2,0,1,1,"Other",7,"Typ",1,"TA","Attchd","RFn","Other","TA","TA","Y",143,20,0,0,0,0,"No","No fence","None",0,5,2009,175900,20,2.5,2
"120","RL",43,3182,"Pave","No alley","Reg","Lvl","AllPub","Inside","Gtl","Other","Norm","Norm","Other","1Story",7,5,2005,2006,"Gable","CompShg","VinylSd","VinylSd","Other",16,"Other","TA","PConc","Gd","TA","Other","GLQ",16,"Unf",0,1357,1373,"GasA","Ex","Y","SBrkr",1555,0,0,1555,0,0,2,0,2,1,"Other",7,"Typ",1,"TA","Attchd","Fin","2","TA","TA","Y",143,20,0,0,0,0,"No","No fence","None",0,5,2009,192500,20,2,3
"120","RL",43,3182,"Pave","No alley","Reg","Lvl","AllPub","Inside","Gtl","Other","Norm","Norm","Other","1Story",7,5,2005,2006,"Gable","CompShg","VinylSd","VinylSd","Other",16,"Other","TA","PConc","Gd","TA","No","GLQ",16,"Unf",0,1330,1346,"GasA","Ex","Y","SBrkr",1504,0,0,1504,0,0,2,0,1,1,"Other",7,"Typ",1,"Gd","Attchd","Fin","2","TA","TA","Y",156,0,0,0,0,0,"No","No fence","None",0,5,2009,181000,0,2,3
"120","RL",43,3182,"Pave","No alley","Reg","Lvl","AllPub","Inside","Gtl","Other","Norm","Norm","Other","1Story",7,5,2005,2006,"Gable","CompShg","VinylSd","VinylSd","Other",16,"Other","TA","PConc","Gd","TA","Other","GLQ",16,"Unf",0,1204,1220,"GasA","Ex","Y","SBrkr",1220,0,0,1220,0,0,2,0,2,1,"Other",5,"Typ",1,"Gd","Attchd","Fin","2","TA","TA","Y",100,16,0,0,0,0,"No","No fence","None",0,8,2009,180000,16,2,3
"120","RL",43,3182,"Pave","No alley","Reg","Lvl","AllPub","Inside","Gtl","Other","Norm","Norm","Other","1Story",7,5,2005,2006,"Gable","CompShg","VinylSd","VinylSd","Other",11,"Other","TA","PConc","Gd","TA","No","GLQ",16,"Unf",0,1129,1145,"GasA","Ex","Y","SBrkr",1145,0,0,1145,0,0,2,0,2,1,"Other",5,"Typ",1,"Gd","Attchd","Fin","2","TA","TA","Y",100,16,0,0,0,0,"No","No fence","None",0,9,2009,160200,16,2,3
"60","RL",71,7795,"Pave","No alley","Other","Lvl","AllPub","Inside","Gtl","Gilbert","Norm","Norm","1Fam","Other",7,5,2004,2005,"Gable","CompShg","VinylSd","VinylSd","None",0,"Other","TA","PConc","Gd","TA","No","GLQ",425,"Unf",0,291,716,"GasA","Ex","Y","SBrkr",716,716,0,1432,1,0,2,1,3,1,"Other",6,"Typ",1,"Gd","Attchd","Fin","2","TA","TA","Y",100,51,0,0,0,0,"No","No fence","None",0,7,2009,188500,51,3.5,4
"60","RL",0,8068,"Pave","No alley","Other","Lvl","AllPub","Inside","Gtl","Gilbert","Norm","Norm","1Fam","Other",6,5,2002,2002,"Gable","CompShg","VinylSd","VinylSd","None",0,"Other","TA","PConc","Gd","TA","No","Unf",0,"Unf",0,1010,1010,"GasA","Ex","Y","SBrkr",1010,1257,0,2267,0,0,2,1,4,1,"Other",8,"Typ",1,"TA","Other","RFn","2","TA","TA","Y",120,46,0,0,0,0,"No","No fence","None",0,12,2009,200000,46,2.5,7
"80","RL",59,9434,"Pave","No alley","Other","Lvl","AllPub","Inside","Gtl","Gilbert","Norm","Norm","1Fam","Other",7,5,2004,2005,"Gable","CompShg","WdShing","Wd Shng","None",0,"Other","TA","PConc","Gd","TA","Other","Unf",0,"Unf",0,384,384,"GasA","Ex","Y","SBrkr",744,630,0,1374,0,0,2,1,3,1,"Other",6,"Typ",1,"Gd","Other","Fin","2","TA","TA","Y",100,0,0,0,0,0,"No","No fence","None",0,8,2009,170000,0,2.5,4
"60","RL",62,7984,"Pave","No alley","Other","Lvl","AllPub","Inside","Gtl","Gilbert","Norm","Norm","1Fam","Other",7,5,2004,2005,"Gable","CompShg","VinylSd","VinylSd","Other",200,"Other","TA","PConc","Gd","TA","No","Unf",0,"Unf",0,868,868,"GasA","Ex","Y","SBrkr",868,762,0,1630,0,0,2,1,3,1,"Other",7,"Typ",1,"Gd","Other","Fin","2","TA","TA","Y",120,48,0,0,0,0,"No","No fence","None",0,9,2009,189500,48,2.5,4
"80","RL",0,7750,"Pave","No alley","Reg","Lvl","AllPub","Inside","Gtl","Gilbert","Norm","Norm","1Fam","Other",8,5,2002,2002,"Other","CompShg","VinylSd","VinylSd","None",0,"Other","TA","PConc","Gd","TA","No","GLQ",353,"Unf",0,55,408,"GasA","Ex","Y","SBrkr",779,640,0,1419,1,0,2,1,3,1,"Other",7,"Typ",1,"TA","Other","Fin","2","TA","TA","Y",120,0,0,0,0,0,"No","No fence","None",0,3,2009,184100,0,3.5,7
"60","RL",61,10125,"Pave","No alley","Other","Lvl","AllPub","Inside","Gtl","Gilbert","Norm","Norm","1Fam","Other",7,5,2004,2004,"Gable","CompShg","VinylSd","VinylSd","None",0,"Other","TA","PConc","Gd","TA","Other","Unf",0,"Unf",0,846,846,"GasA","Ex","Y","SBrkr",846,748,0,1594,0,0,2,1,3,1,"Other",7,"Typ",1,"Gd","Attchd","Fin","2","TA","TA","Y",300,48,0,0,0,0,"No","Other","None",0,7,2009,195500,48,2.5,5
"60","RL",0,8965,"Pave","No alley","Other","Lvl","AllPub","Inside","Gtl","Gilbert","Norm","Norm","1Fam","Other",7,5,2003,2003,"Gable","CompShg","VinylSd","VinylSd","None",0,"Other","TA","PConc","Gd","TA","No","GLQ",652,"Unf",0,130,782,"GasA","Ex","Y","SBrkr",806,683,0,1489,1,0,2,1,3,1,"Other",8,"Typ",1,"Gd","Attchd","Fin","2","TA","TA","Y",0,75,0,0,0,0,"No","No fence","None",0,6,2009,192000,75,3.5,6
"60","RL",0,8174,"Pave","No alley","Other","Lvl","AllPub","Inside","Gtl","Gilbert","Norm","Norm","1Fam","Other",7,5,2003,2003,"Gable","CompShg","VinylSd","VinylSd","None",0,"Other","TA","PConc","Gd","TA","No","GLQ",494,"Unf",0,204,698,"GasA","Ex","Y","SBrkr",698,644,0,1342,1,0,2,1,3,1,"Other",7,"Typ",1,"TA","Attchd","Fin","2","TA","TA","Y",100,56,0,0,0,0,"No","No fence","None",0,5,2009,178000,56,3.5,6
"120","RL",34,5063,"Pave","No alley","Reg","Lvl","AllPub","Inside","Gtl","NridgHt","Norm","Norm","Other","1Story",7,5,2007,2008,"Gable","CompShg","VinylSd","VinylSd","Other",166,"Other","TA","PConc","Gd","TA","No","GLQ",904,"Unf",0,410,1314,"GasA","Ex","Y","SBrkr",1314,0,0,1314,1,0,2,0,2,1,"Other",6,"Typ",1,"Gd","Attchd","RFn","2","TA","TA","Y",172,62,0,0,0,0,"No","No fence","None",0,4,2009,207500,62,3,1
"60","RL",0,8795,"Pave","No alley","Other","Lvl","AllPub","Inside","Gtl","Gilbert","Norm","Norm","1Fam","Other",7,5,2000,2000,"Gable","CompShg","VinylSd","VinylSd","None",0,"Other","TA","PConc","Gd","TA","No","GLQ",300,"Unf",0,652,952,"GasA","Ex","Y","SBrkr",980,1276,0,2256,0,0,2,1,4,1,"Other",8,"Typ",1,"TA","Other","Fin","2","TA","TA","Y",224,54,0,0,0,0,"No","No fence","None",0,4,2009,236000,54,2.5,9
"60","RL",0,12891,"Pave","No alley","Other","Lvl","AllPub","Other","Gtl","Gilbert","Norm","Norm","1Fam","Other",8,5,2002,2002,"Gable","CompShg","VinylSd","VinylSd","None",0,"Other","TA","PConc","Other","TA","No","GLQ",651,"Unf",0,219,870,"GasA","Ex","Y","SBrkr",878,1126,0,2004,1,0,2,1,4,1,"Other",8,"Typ",1,"Gd","Other","Fin","Other","TA","TA","Y",0,48,0,0,0,0,"No","No fence","None",0,7,2009,257500,48,3.5,7
"60","RL",0,12224,"Pave","No alley","Other","Lvl","AllPub","Other","Gtl","Gilbert","Norm","Norm","1Fam","Other",6,5,2000,2000,"Gable","CompShg","VinylSd","VinylSd","Other",40,"Other","TA","PConc","Gd","TA","No","GLQ",695,"Unf",0,297,992,"GasA","Ex","Y","SBrkr",1022,1032,0,2054,1,0,2,1,3,1,"Other",7,"Typ",1,"TA","Other","RFn","2","TA","TA","Y",24,48,0,0,0,0,"No","No fence","None",0,7,2009,244000,48,3.5,9
"80","RL",61,9734,"Pave","No alley","Other","Lvl","AllPub","Inside","Gtl","Gilbert","Other","Norm","1Fam","Other",7,5,2004,2004,"Gable","CompShg","VinylSd","VinylSd","None",0,"Other","TA","PConc","Gd","TA","Other","GLQ",241,"Other",113,30,384,"GasA","Ex","Y","SBrkr",744,630,0,1374,0,0,2,1,3,1,"Other",7,"Typ",0,"No fireplace","Other","Fin","2","TA","TA","Y",0,0,0,0,0,0,"No","No fence","None",0,5,2009,167000,0,2.5,5
"60","RL",60,8123,"Pave","No alley","Other","Lvl","AllPub","Inside","Gtl","Gilbert","Other","Norm","1Fam","Other",6,5,2000,2000,"Gable","CompShg","VinylSd","VinylSd","Other",16,"TA","TA","PConc","Gd","TA","No","Unf",0,"Unf",0,982,982,"GasA","Ex","Y","SBrkr",1007,793,0,1800,0,0,2,1,3,1,"TA",7,"Typ",1,"TA","Attchd","Fin","2","TA","TA","Y",100,63,0,0,0,0,"No","No fence","None",0,6,2009,179000,63,2.5,9
"60","RL",42,8433,"Pave","No alley","Other","Lvl","AllPub","Inside","Gtl","Gilbert","Norm","Norm","1Fam","Other",6,5,2000,2000,"Gable","CompShg","VinylSd","VinylSd","None",0,"TA","TA","PConc","Gd","TA","No","GLQ",683,"Unf",0,111,794,"GasA","Ex","Y","SBrkr",819,695,0,1514,1,0,2,1,3,1,"TA",7,"Typ",1,"TA","Attchd","Fin","2","TA","TA","Y",0,72,0,0,0,0,"No","No fence","None",0,6,2009,190000,72,3.5,9
"80","RL",62,7750,"Pave","No alley","Reg","Lvl","AllPub","Inside","Gtl","Gilbert","Norm","Norm","1Fam","Other",7,5,1999,2000,"Gable","CompShg","VinylSd","VinylSd","None",0,"TA","TA","PConc","Gd","TA","No","Unf",0,"Unf",0,384,384,"GasA","Ex","Y","SBrkr",774,656,0,1430,0,0,2,1,3,1,"TA",7,"Typ",1,"TA","Other","RFn","2","TA","TA","Y",0,0,0,0,0,0,"No","No fence","None",0,3,2009,156000,0,2.5,9
"60","RL",0,15896,"Pave","No alley","Other","Lvl","AllPub","Other","Gtl","Gilbert","Other","Norm","1Fam","Other",7,5,1999,1999,"Gable","CompShg","VinylSd","VinylSd","Other",210,"Other","TA","PConc","Gd","TA","No","ALQ",913,"Unf",0,264,1177,"GasA","Ex","Y","SBrkr",1223,1089,0,2312,1,0,2,1,4,1,"Other",8,"Typ",1,"TA","Other","Fin","Other","TA","TA","Y",298,0,0,0,0,0,"No","No fence","None",0,5,2009,245000,0,3.5,10
"60","RL",0,24682,"Pave","No alley","Other","Lvl","AllPub","Other","Gtl","Gilbert","Other","Norm","1Fam","Other",6,5,1999,1999,"Gable","CompShg","VinylSd","VinylSd","None",0,"TA","TA","PConc","Gd","TA","No","Unf",0,"Unf",0,841,841,"GasA","Ex","Y","SBrkr",892,783,0,1675,0,0,2,1,3,1,"TA",7,"Typ",1,"TA","Other","Fin","2","TA","TA","Y",0,103,0,0,0,0,"No","No fence","None",0,6,2009,181000,103,2.5,10
"60","RL",0,8755,"Pave","No alley","Other","Lvl","AllPub","Other","Gtl","Gilbert","Other","Norm","1Fam","Other",7,5,1999,1999,"Gable","CompShg","VinylSd","VinylSd","Other",298,"Other","TA","PConc","Gd","TA","No","ALQ",772,"Unf",0,220,992,"GasA","Ex","Y","SBrkr",1022,1038,0,2060,1,0,2,1,3,1,"Other",8,"Typ",1,"TA","Other","RFn","2","TA","TA","Y",0,0,0,168,0,0,"No","Other","None",0,6,2009,214000,168,3.5,10
"80","RL",64,7848,"Pave","No alley","Other","Lvl","AllPub","Inside","Gtl","Gilbert","Norm","Norm","1Fam","Other",7,6,1999,1999,"Gable","CompShg","VinylSd","VinylSd","None",0,"TA","TA","PConc","TA","TA","No","Unf",0,"Unf",0,384,384,"GasA","Ex","Y","SBrkr",774,656,0,1430,0,0,2,1,3,1,"TA",7,"Typ",1,"TA","Other","Fin","2","TA","TA","Y",0,0,0,0,0,0,"No","No fence","None",0,6,2009,168000,0,2.5,10
"60","RL",82,9430,"Pave","No alley","Reg","Lvl","AllPub","Inside","Gtl","NoRidge","Norm","Norm","1Fam","Other",8,5,1999,1999,"Gable","CompShg","VinylSd","VinylSd","Other",673,"Other","TA","PConc","Gd","TA","Other","GLQ",1163,"Unf",0,89,1252,"GasA","Ex","Y","SBrkr",1268,1097,0,2365,1,0,2,1,3,1,"Other",8,"Typ",1,"Gd","Attchd","RFn","Other","TA","TA","Y",0,128,0,0,180,0,"No","No fence","None",0,7,2009,337000,308,3.5,10
"60","RL",174,15138,"Pave","No alley","Other","Lvl","AllPub","Inside","Gtl","NoRidge","Norm","Norm","1Fam","Other",8,5,1995,1996,"Gable","CompShg","VinylSd","VinylSd","Other",506,"Other","TA","PConc","Gd","TA","No","GLQ",689,"Unf",0,773,1462,"GasA","Ex","Y","SBrkr",1490,1304,0,2794,1,0,2,1,4,1,"Other",9,"Typ",1,"TA","Attchd","Fin","Other","TA","TA","Y",0,146,202,0,0,0,"No","No fence","None",0,7,2009,403000,348,3.5,13
"60","RL",106,12720,"Pave","No alley","Reg","Lvl","AllPub","Inside","Gtl","NoRidge","Norm","Norm","1Fam","Other",8,5,2000,2000,"Gable","CompShg","VinylSd","VinylSd","Other",150,"Other","TA","PConc","Gd","TA","Other","GLQ",1173,"Unf",0,282,1455,"GasA","Ex","Y","SBrkr",1466,1221,0,2687,1,0,2,1,4,1,"Other",10,"Typ",2,"TA","Other","RFn","Other","TA","TA","Y",252,30,0,0,0,0,"No","No fence","None",0,9,2009,327000,30,3.5,9
"60","RL",0,16545,"Pave","No alley","Other","Lvl","AllPub","Inside","Gtl","NoRidge","Norm","Norm","1Fam","Other",8,5,1998,1998,"Gable","CompShg","VinylSd","VinylSd","Other",731,"Other","TA","PConc","Gd","TA","Other","GLQ",781,"Unf",0,503,1284,"GasA","Ex","Y","SBrkr",1310,1140,0,2450,1,0,2,1,3,1,"Other",7,"Typ",1,"TA","Attchd","Fin","Other","TA","TA","Y",0,126,0,0,0,0,"No","No fence","None",0,5,2009,340000,126,3.5,11
"60","RL",98,12203,"Pave","No alley","Other","Lvl","AllPub","Other","Gtl","NoRidge","Norm","Norm","1Fam","Other",8,5,1998,1999,"Other","CompShg","VinylSd","VinylSd","Other",975,"Other","TA","PConc","Gd","TA","No","GLQ",854,"Unf",0,371,1225,"GasA","Ex","Y","SBrkr",1276,1336,0,2612,1,0,2,1,4,1,"Other",8,"Typ",1,"TA","Attchd","Fin","Other","TA","TA","Y",250,0,0,0,0,0,"No","No fence","None",0,7,2009,336000,0,3.5,10
"60","RL",79,10208,"Pave","No alley","Other","Lvl","AllPub","Inside","Gtl","NoRidge","Norm","Norm","1Fam","Other",7,5,1996,1997,"Gable","CompShg","VinylSd","VinylSd","Other",921,"Other","TA","PConc","Gd","TA","No","Unf",0,"Unf",0,1264,1264,"GasA","Ex","Y","SBrkr",1277,1067,0,2344,0,0,2,1,3,1,"Other",7,"Typ",1,"TA","Attchd","RFn","Other","TA","TA","Y",220,0,0,0,0,0,"No","No fence","None",0,7,2009,265000,0,2.5,12
"20","RL",0,10750,"Pave","No alley","Other","Lvl","AllPub","Other","Gtl","NoRidge","Norm","Norm","1Fam","1Story",8,5,1994,1995,"Other","CompShg","Wd Sdng","Wd Sdng","Other",634,"Other","TA","PConc","Gd","TA","Other","BLQ",236,"Other",1526,262,2024,"GasA","Ex","Y","SBrkr",2063,0,0,2063,1,0,2,0,3,1,"Other",7,"Typ",2,"Gd","Attchd","Fin","Other","TA","TA","Y",182,56,0,0,0,0,"No","No fence","None",0,6,2009,315000,56,3,14
"60","RL",90,9900,"Pave","No alley","Reg","Other","AllPub","Inside","Other","NoRidge","Norm","Norm","1Fam","Other",7,5,1993,1993,"Gable","CompShg","HdBoard","HdBoard","Other",256,"Other","TA","PConc","Gd","TA","Other","GLQ",987,"Unf",0,360,1347,"GasA","Ex","Y","SBrkr",1372,1274,0,2646,1,0,2,1,4,1,"Other",9,"Typ",1,"TA","Attchd","RFn","Other","TA","TA","Y",340,60,144,0,0,0,"No","No fence","None",0,4,2009,260000,204,3.5,16
"60","RL",79,9085,"Pave","No alley","Reg","Lvl","AllPub","Inside","Gtl","NoRidge","Norm","Norm","1Fam","Other",7,5,1995,1996,"Gable","CompShg","VinylSd","VinylSd","Other",286,"Other","TA","PConc","Gd","TA","No","GLQ",816,"Unf",0,254,1070,"GasA","Ex","Y","SBrkr",1094,967,0,2061,1,0,2,1,3,1,"Other",7,"Typ",1,"TA","Attchd","Fin","2","TA","TA","Y",296,102,209,0,0,0,"No","No fence","None",0,11,2009,260000,311,3.5,13
"60","RL",0,11692,"Pave","No alley","Other","Lvl","AllPub","Inside","Gtl","NoRidge","Norm","Norm","1Fam","Other",8,5,1993,1994,"Gable","CompShg","HdBoard","HdBoard","Other",372,"Other","TA","PConc","Gd","TA","No","GLQ",624,"Unf",0,549,1173,"GasA","Ex","Y","SBrkr",1215,1017,0,2232,1,0,2,1,3,1,"Other",8,"Typ",1,"TA","Attchd","RFn","2","TA","TA","Y",173,165,0,0,0,0,"No","No fence","None",0,10,2009,263550,165,3.5,15
"60","RL",52,46589,"Pave","No alley","Other","Lvl","AllPub","Other","Gtl","NoRidge","Norm","Norm","1Fam","Other",8,7,1994,2005,"Other","CompShg","VinylSd","VinylSd","Other",528,"Other","TA","PConc","Gd","Other","No","GLQ",1361,"Other",180,88,1629,"GasA","Ex","Y","SBrkr",1686,762,0,2448,1,0,2,1,4,1,"Other",8,"Typ",1,"TA","Attchd","RFn","Other","TA","TA","Y",517,76,0,0,0,0,"No","No fence","None",0,7,2009,402000,76,3.5,4
"60","RL",0,29959,"Pave","No alley","Other","Lvl","AllPub","Other","Gtl","NoRidge","Norm","Norm","1Fam","Other",7,6,1994,1994,"Gable","CompShg","HdBoard","HdBoard","None",0,"Other","TA","PConc","Gd","TA","No","GLQ",595,"Unf",0,378,973,"GasA","Ex","Y","SBrkr",979,871,0,1850,0,0,2,1,3,1,"Other",7,"Typ",1,"Gd","Other","Fin","2","TA","TA","Y",168,98,0,0,0,0,"No","No fence","None",0,1,2009,248000,98,2.5,15
"20","RL",86,11194,"Pave","No alley","Other","Lvl","AllPub","Inside","Gtl","Somerst","Other","Norm","1Fam","1Story",8,5,2008,2008,"Gable","CompShg","VinylSd","VinylSd","Other",240,"Other","TA","PConc","Gd","TA","Other","Unf",0,"Unf",0,1696,1696,"GasA","Ex","Y","SBrkr",1696,0,0,1696,0,0,2,0,3,1,"Other",7,"Typ",0,"No fireplace","Attchd","RFn","Other","TA","TA","Y",120,56,0,0,0,0,"No","No fence","None",0,9,2009,275000,56,2,1
"20","RL",78,10206,"Pave","No alley","Reg","Lvl","AllPub","Inside","Gtl","Somerst","Other","Norm","1Fam","1Story",8,5,2008,2008,"Gable","CompShg","VinylSd","VinylSd","Other",294,"Other","TA","PConc","Gd","TA","No","Unf",0,"Unf",0,1614,1614,"GasA","Ex","Y","SBrkr",1658,0,0,1658,0,0,2,1,3,1,"Other",7,"Typ",1,"Gd","Attchd","Fin","Other","TA","TA","Y",144,44,0,0,0,0,"No","No fence","None",0,9,2009,257500,44,2.5,1
"20","RL",85,10130,"Pave","No alley","Reg","Lvl","AllPub","Inside","Gtl","Somerst","Norm","Norm","1Fam","1Story",8,5,2007,2007,"Gable","CompShg","VinylSd","VinylSd","Other",260,"Other","TA","PConc","Gd","TA","Other","GLQ",1294,"Unf",0,408,1702,"GasA","Ex","Y","SBrkr",1702,0,0,1702,1,0,2,0,3,1,"Other",7,"Typ",1,"Gd","Attchd","RFn","Other","TA","TA","Y",0,69,0,0,0,0,"No","No fence","None",0,3,2009,275500,69,3,2
"20","RL",76,9139,"Pave","No alley","Other","Lvl","AllPub","Inside","Gtl","Somerst","Norm","Norm","1Fam","1Story",8,5,2006,2006,"Other","CompShg","VinylSd","VinylSd","Other",206,"Other","TA","PConc","Other","TA","Other","GLQ",379,"Unf",0,1043,1422,"GasA","Ex","Y","SBrkr",1432,0,0,1432,0,0,2,0,3,1,"Other",7,"Typ",1,"Gd","Attchd","Fin","2","TA","TA","Y",297,50,0,0,0,0,"No","No fence","None",0,9,2009,245000,50,2,3
"60","RL",75,9675,"Pave","No alley","Reg","Lvl","AllPub","Inside","Gtl","Somerst","Norm","Norm","1Fam","Other",7,5,2005,2005,"Gable","CompShg","VinylSd","VinylSd","None",0,"Other","TA","PConc","Gd","TA","Other","GLQ",341,"Unf",0,772,1113,"GasA","Ex","Y","SBrkr",1113,858,0,1971,0,0,2,1,3,1,"Other",8,"Typ",1,"Gd","Attchd","RFn","2","TA","TA","Y",0,48,0,0,0,0,"No","No fence","None",0,2,2009,253000,48,2.5,4
"20","RL",85,11128,"Pave","No alley","Reg","Lvl","AllPub","Other","Gtl","Somerst","Other","Other","1Fam","1Story",9,5,2005,2006,"Other","CompShg","VinylSd","VinylSd","Other",198,"Other","TA","PConc","Other","TA","Other","GLQ",2158,"Unf",0,300,2458,"GasA","Ex","Y","SBrkr",2490,0,0,2490,1,0,2,0,2,1,"Other",9,"Typ",2,"Gd","Attchd","Fin","Other","TA","TA","Y",70,226,0,0,0,0,"No","Other","None",0,10,2009,468000,226,3,3
"20","RL",80,9605,"Pave","No alley","Reg","Lvl","AllPub","Other","Gtl","SawyerW","Norm","Norm","1Fam","1Story",7,6,2007,2007,"Gable","CompShg","VinylSd","VinylSd","None",0,"Other","TA","PConc","Gd","TA","No","Unf",0,"Unf",0,1218,1218,"GasA","Ex","Y","SBrkr",1218,0,0,1218,0,0,1,1,3,1,"Other",6,"Typ",0,"No fireplace","Other","RFn","2","TA","TA","Y",0,178,0,0,0,0,"No","No fence","None",0,4,2009,159000,178,1.5,2
"20","RL",63,7500,"Pave","No alley","Reg","Lvl","AllPub","Inside","Gtl","SawyerW","Norm","Norm","1Fam","1Story",7,5,2006,2006,"Gable","CompShg","VinylSd","VinylSd","None",0,"Other","TA","PConc","Gd","Other","No","GLQ",54,"Unf",0,1087,1141,"GasA","Ex","Y","SBrkr",1141,0,0,1141,1,0,1,1,3,1,"Other",6,"Typ",0,"No fireplace","Other","RFn","2","TA","TA","Y",182,0,0,0,0,0,"No","No fence","None",0,6,2009,152000,0,2.5,3
"20","RL",63,7500,"Pave","No alley","Reg","Lvl","AllPub","Inside","Gtl","SawyerW","Norm","Norm","1Fam","1Story",6,5,2004,2004,"Gable","CompShg","VinylSd","VinylSd","None",0,"TA","TA","PConc","Gd","TA","No","Unf",0,"Unf",0,1158,1158,"GasA","Ex","Y","SBrkr",1158,0,0,1158,0,0,1,1,3,1,"Other",5,"Typ",0,"No fireplace","Other","Other","Other","Other","Other","Y",0,50,0,0,0,0,"No","No fence","None",0,8,2009,143500,50,1.5,5
"60","RL",96,10628,"Pave","No alley","Other","Lvl","AllPub","Other","Gtl","SawyerW","Norm","Norm","1Fam","Other",7,5,2004,2004,"Gable","CompShg","VinylSd","VinylSd","None",0,"Other","TA","PConc","Gd","TA","Other","Unf",0,"Unf",0,835,835,"GasA","Ex","Y","SBrkr",871,941,0,1812,0,0,2,1,3,1,"Other",8,"Typ",0,"No fireplace","Other","RFn","2","TA","TA","Y",146,91,0,0,0,0,"No","No fence","None",0,1,2009,193000,91,2.5,5
"20","RL",76,10141,"Pave","No alley","Other","Lvl","AllPub","Inside","Gtl","SawyerW","Norm","Norm","1Fam","1Story",8,5,2004,2004,"Gable","Other","VinylSd","VinylSd","Other",264,"Other","TA","PConc","Gd","TA","Other","BLQ",516,"Other",774,222,1512,"GasA","Ex","Y","SBrkr",1512,0,0,1512,0,0,2,0,3,1,"Other",6,"Typ",0,"No fireplace","Attchd","RFn","Other","TA","TA","Y",210,36,0,0,0,0,"No","No fence","None",0,1,2009,203000,36,2,5
"20","RL",67,10083,"Pave","No alley","Reg","Lvl","AllPub","Inside","Gtl","SawyerW","Norm","Norm","1Fam","1Story",7,5,2003,2003,"Gable","CompShg","VinylSd","VinylSd","None",0,"Other","TA","PConc","Gd","TA","No","GLQ",833,"Unf",0,343,1176,"GasA","Ex","Y","SBrkr",1200,0,0,1200,1,0,2,0,2,1,"Other",5,"Typ",0,"No fireplace","Attchd","RFn","2","TA","TA","Y",0,41,0,0,0,0,"No","No fence","None",0,8,2009,184900,41,3,6
"20","RL",63,13072,"Pave","No alley","Reg","Lvl","AllPub","Inside","Gtl","SawyerW","Other","Norm","1Fam","1Story",7,5,2004,2005,"Gable","CompShg","VinylSd","VinylSd","None",0,"Other","TA","PConc","Gd","TA","No","Unf",0,"Unf",0,1114,1114,"GasA","Ex","Y","SBrkr",1114,0,0,1114,0,0,1,1,3,1,"Other",6,"Typ",0,"No fireplace","Other","Unf","2","TA","TA","Y",248,102,0,0,0,0,"No","No fence","None",0,5,2009,159000,102,1.5,4
"20","RL",63,13072,"Pave","No alley","Reg","Lvl","AllPub","Inside","Gtl","SawyerW","Other","Norm","1Fam","1Story",5,5,2004,2004,"Gable","CompShg","VinylSd","VinylSd","None",0,"TA","TA","PConc","Gd","TA","No","Unf",0,"Unf",0,1114,1114,"GasA","Ex","Y","SBrkr",1114,0,0,1114,0,0,1,1,3,1,"Other",6,"Typ",0,"No fireplace","Other","Other","Other","Other","Other","Y",0,39,0,0,0,0,"No","No fence","None",0,8,2009,142000,39,1.5,5
"20","RL",60,12450,"Pave","No alley","Reg","Lvl","AllPub","Inside","Gtl","SawyerW","Other","Norm","1Fam","1Story",5,5,2003,2004,"Gable","CompShg","VinylSd","VinylSd","None",0,"TA","TA","PConc","Gd","TA","No","GLQ",836,"Unf",0,278,1114,"GasA","Ex","Y","SBrkr",1114,0,0,1114,1,0,2,0,3,1,"Other",6,"Typ",0,"No fireplace","Other","Unf","2","TA","TA","Y",0,42,0,0,0,0,"No","No fence","None",0,6,2009,153000,42,3,5
"60","RL",43,11492,"Pave","No alley","Other","Lvl","AllPub","Other","Gtl","SawyerW","Norm","Norm","1Fam","Other",7,5,1996,1997,"Gable","CompShg","VinylSd","VinylSd","Other",132,"Other","TA","PConc","Gd","TA","No","GLQ",637,"Unf",0,276,913,"GasA","Ex","Y","SBrkr",913,1209,0,2122,1,0,2,1,4,1,"Other",8,"Typ",1,"TA","Attchd","RFn","2","TA","TA","Y",0,74,0,0,0,0,"No","No fence","None",0,4,2009,220000,74,3.5,12
"20","RL",65,8529,"Pave","No alley","Other","Lvl","AllPub","Inside","Gtl","SawyerW","Norm","Norm","1Fam","1Story",7,5,2001,2001,"Gable","CompShg","VinylSd","VinylSd","None",0,"Other","TA","PConc","Gd","TA","No","GLQ",20,"Unf",0,1434,1454,"GasA","Ex","Y","SBrkr",1434,0,0,1434,0,0,2,0,3,1,"Other",6,"Typ",1,"TA","Attchd","RFn","2","TA","TA","Y",290,39,0,0,0,0,"No","No fence","None",0,4,2009,189000,39,2,8
"60","RL",70,7703,"Pave","No alley","Reg","Lvl","AllPub","Inside","Gtl","SawyerW","Norm","Norm","1Fam","Other",6,6,1992,1992,"Gable","CompShg","HdBoard","HdBoard","None",0,"Other","Other","PConc","Gd","Other","No","GLQ",52,"Other",364,400,816,"GasA","Ex","Y","SBrkr",833,897,0,1730,0,0,2,1,3,1,"Other",6,"Typ",0,"No fireplace","Attchd","RFn","2","TA","TA","Y",0,91,0,0,168,0,"No","No fence","None",0,11,2009,171500,259,2.5,17
"160","RL",75,10762,"Pave","No alley","Reg","Lvl","AllPub","Other","Gtl","SawyerW","Norm","Norm","Other","Other",6,6,1980,1980,"Gable","CompShg","Plywood","Plywood","None",0,"TA","TA","CBlock","Gd","TA","No","Unf",0,"Unf",0,626,626,"GasA","TA","Y","SBrkr",626,591,0,1217,0,0,1,1,3,1,"TA",6,"Typ",1,"TA","Attchd","RFn","Other","TA","TA","Y",0,28,0,0,0,0,"No","No fence","None",0,4,2009,120000,28,1.5,29
"120","RL",50,7175,"Pave","No alley","Reg","Lvl","AllPub","Inside","Gtl","SawyerW","Norm","Norm","Other","1Story",6,5,1990,1991,"Gable","CompShg","Plywood","ImStucc","None",0,"Other","TA","PConc","Gd","TA","No","Unf",0,"Unf",0,1332,1332,"GasA","Other","Y","SBrkr",1332,0,0,1332,0,0,2,0,2,1,"Other",5,"Typ",0,"No fireplace","Attchd","RFn","2","TA","TA","Y",0,60,0,0,0,0,"No","No fence","None",0,2,2009,145000,60,2,18
"60","RL",70,9109,"Pave","No alley","Reg","Lvl","AllPub","Inside","Gtl","SawyerW","Other","Norm","1Fam","Other",7,5,1994,1994,"Gable","CompShg","VinylSd","VinylSd","None",0,"Other","TA","PConc","Gd","TA","No","Other",36,"Other",596,122,754,"GasA","Ex","Y","SBrkr",754,786,0,1540,1,0,2,1,3,1,"Other",6,"Typ",0,"No fireplace","Attchd","RFn","2","TA","TA","Y",140,32,0,0,0,0,"No","No fence","None",0,10,2009,184000,32,3.5,15
"60","RL",0,10274,"Pave","No alley","Other","Lvl","AllPub","Other","Gtl","SawyerW","Norm","Norm","1Fam","Other",6,7,1986,1986,"Gable","CompShg","VinylSd","VinylSd","Other",141,"TA","Other","CBlock","Gd","TA","No","Rec",331,"Unf",0,345,676,"GasA","TA","Y","SBrkr",698,702,0,1400,0,0,2,1,3,1,"TA",6,"Typ",0,"No fireplace","Attchd","RFn","2","TA","TA","Y",0,48,0,0,0,0,"No","No fence","None",0,7,2009,162000,48,2.5,23
"90","RL",75,8250,"Pave","No alley","Reg","Lvl","AllPub","Inside","Gtl","SawyerW","Norm","Norm","Other","Other",6,7,1981,1981,"Gable","CompShg","Wd Sdng","Wd Shng","None",0,"TA","TA","Other","Other","Other","Other","Other",0,"Other",0,0,0,"GasA","TA","Y","SBrkr",964,918,0,1882,0,0,2,0,4,2,"TA",8,"Typ",2,"TA","Attchd","Unf","2","TA","TA","Y",0,0,0,0,0,0,"No","No fence","None",0,5,2009,160000,0,2,28
"20","Other",60,8400,"Pave","No alley","Reg","Lvl","AllPub","Inside","Gtl","SawyerW","Other","Norm","1Fam","1Story",4,4,1950,1950,"Gable","CompShg","Wd Sdng","AsbShng","None",0,"Other","Other","CBlock","TA","Other","No","Unf",0,"Unf",0,721,721,"GasA","Other","Y","SBrkr",841,0,0,841,0,0,1,0,2,1,"TA",4,"Typ",0,"No fireplace","Other","Unf","Other","TA","TA","Other",250,0,24,0,0,0,"No","No fence","None",0,9,2009,82000,24,1,59
"45","Other",60,9000,"Pave","No alley","Reg","Lvl","AllPub","Other","Gtl","SawyerW","Norm","Norm","1Fam","Other",6,3,1928,1950,"Gable","CompShg","Wd Sdng","Wd Sdng","None",0,"TA","TA","Other","Other","Other","No","Unf",0,"Unf",0,784,784,"GasA","TA","Other","Other",784,0,0,784,0,0,1,0,2,1,"TA",5,"Typ",0,"No fireplace","Other","Unf","2","Other","Other","Other",0,0,91,0,0,0,"No","No fence","None",0,10,2009,76000,91,1,59
"20","RL",63,9750,"Pave","No alley","Other","Lvl","AllPub","Inside","Gtl","Sawyer","Norm","Norm","1Fam","1Story",5,5,1962,1962,"Other","CompShg","HdBoard","Plywood","None",0,"TA","TA","CBlock","TA","TA","No","Other",68,"Other",884,28,980,"GasA","Other","Y","SBrkr",980,0,0,980,1,0,1,0,3,1,"TA",5,"Typ",0,"No fireplace","Other","Unf","2","TA","TA","Y",0,28,0,0,0,0,"No","Other","None",0,11,2009,110000,28,2,47
"20","RL",71,7064,"Pave","No alley","Reg","Lvl","AllPub","Inside","Gtl","Sawyer","Norm","Norm","1Fam","1Story",5,6,1977,1977,"Gable","CompShg","Plywood","Plywood","Other",153,"TA","TA","CBlock","TA","TA","No","BLQ",560,"Unf",0,420,980,"GasA","TA","Y","SBrkr",980,0,0,980,0,0,1,0,3,1,"TA",6,"Typ",0,"No fireplace","Other","Unf","2","TA","TA","Y",192,0,0,0,0,0,"No","No fence","None",0,7,2009,135000,0,1,32
"20","RL",0,8499,"Pave","No alley","Other","Lvl","AllPub","Other","Gtl","Sawyer","Other","Norm","1Fam","1Story",5,6,1961,1961,"Gable","CompShg","MetalSd","MetalSd","None",0,"TA","TA","CBlock","TA","TA","No","GLQ",660,"Unf",0,204,864,"GasA","Ex","Y","SBrkr",864,0,0,864,1,0,1,0,3,1,"TA",5,"Typ",0,"No fireplace","Other","Unf","2","TA","TA","Y",0,312,0,0,0,0,"No","No fence","None",0,6,2009,141000,312,2,48
"20","RL",0,9079,"Pave","No alley","Other","Lvl","AllPub","Inside","Gtl","Sawyer","Norm","Norm","1Fam","1Story",5,5,1961,1961,"Gable","CompShg","Wd Sdng","Plywood","None",0,"TA","TA","CBlock","TA","TA","No","BLQ",864,"Unf",0,0,864,"GasA","TA","Y","SBrkr",864,0,0,864,0,0,1,0,2,1,"TA",5,"Typ",0,"No fireplace","Attchd","Unf","Other","TA","TA","Y",158,0,0,0,0,0,"No","No fence","None",0,7,2009,122000,0,1,48
"20","RL",0,7791,"Pave","No alley","Other","Lvl","AllPub","Inside","Gtl","Sawyer","Other","Norm","1Fam","1Story",5,8,1963,1995,"Gable","CompShg","Plywood","Plywood","None",0,"Other","Other","CBlock","TA","TA","No","ALQ",624,"Unf",0,288,912,"GasA","Ex","Y","SBrkr",912,0,0,912,1,0,1,0,3,1,"Other",6,"Typ",0,"No fireplace","Attchd","RFn","Other","TA","TA","Y",0,0,0,0,0,0,"No","Other","None",0,10,2009,129000,0,2,14
"20","RL",80,10000,"Pave","No alley","Reg","Lvl","AllPub","Other","Gtl","Sawyer","Other","Norm","1Fam","1Story",5,6,1961,1983,"Other","CompShg","HdBoard","HdBoard","None",0,"TA","TA","CBlock","TA","TA","No","BLQ",594,"Unf",0,270,864,"GasA","Ex","Y","SBrkr",1144,0,0,1144,1,0,1,0,3,1,"TA",6,"Typ",1,"TA","Attchd","RFn","Other","TA","TA","Y",165,0,0,0,0,0,"No","Other","Other",400,3,2009,131400,0,2,26
"20","RL",60,8281,"Pave","No alley","Other","Lvl","AllPub","Inside","Gtl","Sawyer","Norm","Norm","1Fam","1Story",5,5,1965,1965,"Gable","CompShg","MetalSd","MetalSd","None",0,"TA","TA","CBlock","TA","TA","No","Rec",553,"Other",311,0,864,"GasA","Other","Y","SBrkr",864,0,0,864,0,0,1,0,3,1,"TA",5,"Typ",1,"Other","Other","Unf","Other","TA","TA","Y",0,0,236,0,0,0,"No","Other","None",0,12,2009,62383,236,1,44
"20","RL",65,7150,"Pave","No alley","Reg","Lvl","AllPub","Inside","Gtl","Sawyer","Other","Norm","1Fam","1Story",5,6,1962,1962,"Gable","CompShg","VinylSd","VinylSd","Other",60,"TA","TA","CBlock","TA","TA","No","Other",140,"Other",590,182,912,"GasA","Other","Y","SBrkr",912,0,0,912,0,1,1,0,3,1,"TA",6,"Typ",0,"No fireplace","Attchd","Unf","Other","TA","TA","Y",0,0,0,0,0,0,"No","No fence","None",0,10,2009,123000,0,1.5,47
"20","RL",0,15676,"Pave","No alley","Other","Other","AllPub","Inside","Gtl","Veenker","Norm","Norm","1Fam","1Story",8,8,1980,1980,"Gable","CompShg","VinylSd","VinylSd","Other",115,"Other","Other","CBlock","Gd","Other","Other","ALQ",1733,"Other",92,189,2014,"GasA","Other","Y","SBrkr",2014,0,0,2014,1,0,2,0,2,1,"Other",6,"Other",2,"Gd","Attchd","RFn","Other","TA","TA","Y",462,0,0,255,0,0,"No","Other","None",0,4,2009,275000,255,3,29
"60","RL",0,11949,"Pave","No alley","Reg","Lvl","AllPub","Inside","Gtl","NoRidge","Norm","Norm","1Fam","Other",7,8,1991,2008,"Gable","CompShg","VinylSd","VinylSd","Other",196,"Other","Other","PConc","Gd","TA","No","GLQ",601,"Other",216,158,975,"GasA","Ex","Y","SBrkr",975,780,0,1755,0,1,2,1,3,1,"Other",7,"Typ",1,"TA","Attchd","Unf","2","TA","TA","Y",502,60,0,0,0,0,"No","Other","None",0,7,2009,235000,60,3,1
"20","RL",0,14694,"Pave","No alley","Other","Lvl","AllPub","Inside","Gtl","Veenker","Norm","Norm","1Fam","1Story",8,9,1977,2008,"Gable","CompShg","MetalSd","MetalSd","Other",450,"Other","Other","CBlock","Gd","Other","Other","GLQ",1252,"Other",136,306,1694,"GasA","Ex","Y","SBrkr",1694,0,0,1694,1,0,2,0,2,1,"Other",5,"Typ",1,"Gd","Attchd","Fin","2","TA","TA","Y",501,120,0,225,0,0,"No","No fence","None",0,6,2009,318750,345,3,1
"120","RL",61,3782,"Pave","No alley","Other","Lvl","AllPub","Other","Gtl","Other","Norm","Norm","Other","1Story",8,5,1981,1981,"Gable","CompShg","Wd Sdng","Plywood","None",0,"Other","TA","CBlock","Gd","TA","Other","GLQ",960,"Unf",0,266,1226,"GasA","TA","Y","SBrkr",1226,0,0,1226,1,0,1,0,1,1,"Other",4,"Typ",2,"TA","Attchd","Fin","2","TA","TA","Y",133,78,0,0,0,0,"No","No fence","None",0,9,2009,211500,78,2,28
"20","RL",110,15417,"Pave","No alley","Reg","Lvl","AllPub","Inside","Gtl","Veenker","Norm","Norm","1Fam","1Story",7,5,1981,1981,"Gable","CompShg","BrkFace","BrkFace","None",0,"Other","TA","CBlock","Gd","TA","Other","Other",121,"Unf",0,1619,1740,"GasA","TA","Y","SBrkr",1740,0,0,1740,0,0,1,1,2,1,"Other",7,"Typ",0,"No fireplace","Attchd","RFn","2","TA","TA","Y",228,20,218,0,0,0,"No","No fence","None",0,6,2009,241600,238,1.5,28
"20","RL",0,9991,"Pave","No alley","Other","Lvl","AllPub","Other","Gtl","Sawyer","Other","Norm","1Fam","1Story",4,4,1976,1993,"Gable","CompShg","Plywood","Plywood","None",0,"TA","TA","CBlock","TA","TA","No","BLQ",1116,"Unf",0,165,1281,"GasA","Ex","Y","SBrkr",1620,0,0,1620,1,0,2,0,3,1,"TA",8,"Other",1,"TA","Attchd","Unf","2","TA","TA","Y",120,78,0,0,0,0,"No","Other","None",0,6,2009,150000,78,3,16
"60","RL",78,11700,"Pave","No alley","Reg","Lvl","AllPub","Inside","Gtl","NWAmes","Other","Norm","1Fam","Other",6,6,1968,1968,"Gable","CompShg","MetalSd","MetalSd","None",0,"TA","TA","CBlock","TA","TA","No","Rec",298,"Unf",0,429,727,"GasA","Ex","Y","SBrkr",829,727,0,1556,0,0,1,1,4,1,"TA",8,"Typ",0,"No fireplace","Attchd","Unf","2","TA","TA","Y",0,0,0,0,0,0,"No","No fence","None",0,5,2009,154000,0,1.5,41
"20","RL",0,11717,"Pave","No alley","Other","Lvl","AllPub","Inside","Gtl","NWAmes","Other","Norm","1Fam","1Story",6,6,1970,1970,"Other","CompShg","HdBoard","HdBoard","Other",571,"TA","TA","CBlock","TA","TA","No","Unf",0,"Unf",0,1442,1442,"GasA","TA","Y","SBrkr",1442,0,0,1442,0,0,2,0,2,1,"TA",6,"Typ",1,"TA","Attchd","RFn","2","TA","TA","Y",371,0,0,0,0,0,"No","No fence","None",0,2,2009,185000,0,2,39
"20","RL",0,9156,"Pave","No alley","Other","Lvl","AllPub","Inside","Gtl","NWAmes","Other","Norm","1Fam","1Story",6,7,1968,1968,"Other","CompShg","BrkFace","BrkFace","None",0,"TA","TA","CBlock","TA","TA","No","Unf",0,"Unf",0,1489,1489,"GasA","Other","Y","SBrkr",1489,0,0,1489,0,0,2,0,3,1,"Other",7,"Typ",1,"Gd","Attchd","RFn","2","TA","TA","Y",0,0,0,0,0,0,"No","No fence","None",0,8,2009,185750,0,2,41
"60","RL",0,10382,"Pave","No alley","Other","Lvl","AllPub","Other","Gtl","NWAmes","Other","Norm","1Fam","Other",7,6,1973,1973,"Gable","CompShg","HdBoard","HdBoard","Other",240,"TA","TA","CBlock","Gd","TA","Other","ALQ",859,"Other",32,216,1107,"GasA","Ex","Y","SBrkr",1107,983,0,2090,1,0,2,1,3,1,"TA",7,"Typ",2,"TA","Attchd","RFn","2","TA","TA","Y",235,204,228,0,0,0,"No","No fence","Other",350,11,2009,200000,432,3.5,36
"60","RL",0,12732,"Pave","No alley","Other","Lvl","AllPub","Other","Gtl","NWAmes","Other","Norm","1Fam","Other",7,6,1974,1974,"Gable","CompShg","VinylSd","VinylSd","None",0,"TA","TA","CBlock","TA","TA","Other","GLQ",560,"Other",42,150,752,"GasA","TA","Y","SBrkr",1285,782,0,2067,0,0,2,1,3,1,"Other",7,"Typ",2,"TA","Attchd","RFn","2","TA","TA","Y",297,40,0,0,0,0,"No","No fence","None",0,6,2009,206000,40,2.5,35
"60","RL",0,12936,"Pave","No alley","Other","Lvl","AllPub","Other","Gtl","NWAmes","Norm","Norm","1Fam","Other",6,6,1972,1972,"Gable","CompShg","HdBoard","Plywood","None",0,"TA","TA","CBlock","TA","Other","No","BLQ",593,"Unf",0,130,723,"GasA","TA","Y","SBrkr",735,660,0,1395,0,1,1,1,3,1,"TA",6,"Typ",1,"TA","Attchd","Unf","2","TA","TA","Y",294,116,0,0,0,0,"No","No fence","None",0,12,2009,162000,116,2,37
"60","RL",80,10400,"Pave","No alley","Reg","Lvl","AllPub","Inside","Gtl","NWAmes","Other","Norm","1Fam","Other",6,7,1967,1997,"Gable","CompShg","MetalSd","MetalSd","Other",256,"TA","TA","PConc","TA","TA","No","Unf",0,"Unf",0,932,932,"GasA","Other","Y","SBrkr",1271,1369,0,2640,0,0,2,1,5,1,"Other",8,"Typ",1,"TA","Attchd","RFn","2","TA","TA","Y",0,120,0,0,168,0,"No","No fence","None",0,5,2009,256900,288,2.5,12
"80","RL",0,17871,"Pave","No alley","Other","Lvl","AllPub","Other","Gtl","NWAmes","Norm","Norm","1Fam","Other",6,5,1967,1976,"Gable","CompShg","HdBoard","HdBoard","Other",359,"TA","TA","CBlock","Gd","TA","Other","ALQ",528,"Unf",0,1152,1680,"GasA","Other","Y","SBrkr",1724,0,0,1724,1,0,1,1,3,1,"TA",7,"Typ",1,"Gd","Attchd","RFn","2","TA","TA","Y",0,0,0,0,0,0,"No","No fence","None",0,6,2009,197900,0,2.5,33
"20","RL",80,9600,"Pave","No alley","Reg","Lvl","AllPub","Inside","Gtl","NWAmes","Other","Norm","1Fam","1Story",5,5,1969,1969,"Gable","CompShg","HdBoard","HdBoard","Other",128,"TA","TA","CBlock","Gd","TA","Other","ALQ",553,"Other",147,588,1288,"GasA","TA","Y","SBrkr",1336,0,0,1336,0,1,2,0,3,1,"TA",6,"Typ",1,"Other","Attchd","RFn","2","TA","TA","Y",312,11,0,0,0,0,"No","No fence","Other",650,8,2009,163000,11,2.5,40
"60","RL",0,13774,"Pave","No alley","Other","Lvl","AllPub","Inside","Gtl","NWAmes","Norm","Norm","1Fam","Other",7,7,1977,1992,"Other","CompShg","HdBoard","HdBoard","Other",283,"TA","Other","PConc","Gd","TA","No","GLQ",432,"Unf",0,476,908,"GasA","Ex","Y","SBrkr",1316,972,0,2288,0,0,1,2,4,1,"Other",8,"Typ",2,"TA","Attchd","RFn","2","TA","TA","Y",321,72,0,0,156,0,"No","No fence","None",0,11,2009,230000,228,2,17
"20","RL",80,9650,"Pave","No alley","Reg","Lvl","AllPub","Inside","Gtl","NWAmes","Norm","Norm","1Fam","1Story",6,5,1977,1977,"Gable","CompShg","Plywood","Plywood","Other",360,"TA","TA","CBlock","Gd","TA","No","ALQ",686,"Unf",0,664,1350,"GasA","TA","Y","SBrkr",1334,0,0,1334,0,1,2,0,2,1,"TA",6,"Typ",1,"TA","Attchd","RFn","2","TA","TA","Y",0,16,0,0,0,0,"No","No fence","None",0,4,2009,167900,16,2.5,32
"20","RL",78,10140,"Pave","No alley","Reg","Lvl","AllPub","Inside","Gtl","NWAmes","Other","Norm","1Fam","1Story",7,5,1998,1999,"Other","CompShg","VinylSd","VinylSd","None",0,"Other","TA","PConc","Other","TA","No","Other",144,"Other",1127,379,1650,"GasA","Ex","Y","SBrkr",1680,0,0,1680,1,0,2,0,3,1,"Other",7,"Other",1,"TA","Attchd","Fin","2","TA","TA","Y",78,73,0,0,0,0,"No","No fence","None",0,6,2009,213250,73,3,10
"60","RL",70,8400,"Pave","No alley","Reg","Lvl","AllPub","Inside","Gtl","NWAmes","Norm","Norm","1Fam","Other",8,6,2001,2001,"Gable","CompShg","VinylSd","VinylSd","None",0,"Other","TA","PConc","Gd","TA","No","GLQ",643,"Unf",0,167,810,"GasA","Ex","Y","SBrkr",810,855,0,1665,1,0,2,1,3,1,"Other",6,"Typ",0,"No fireplace","Attchd","Fin","2","TA","TA","Y",0,45,0,0,0,0,"No","No fence","None",0,11,2009,227000,45,3.5,8
"20","RL",62,7130,"Pave","No alley","Reg","Lvl","AllPub","Inside","Gtl","NAmes","Norm","Norm","1Fam","1Story",5,6,1967,1967,"Gable","CompShg","HdBoard","HdBoard","None",0,"TA","TA","PConc","TA","TA","No","BLQ",648,"Unf",0,216,864,"GasA","TA","Y","SBrkr",864,0,0,864,0,1,1,0,2,1,"TA",5,"Typ",0,"No fireplace","Attchd","Fin","Other","TA","TA","Y",0,0,0,0,0,0,"No","Other","None",0,6,2009,130000,0,1.5,42
"20","RL",80,9600,"Pave","No alley","Reg","Lvl","AllPub","Inside","Gtl","NAmes","Norm","Norm","1Fam","1Story",5,5,1967,1967,"Other","CompShg","HdBoard","HdBoard","None",0,"TA","TA","CBlock","TA","TA","No","Unf",0,"Unf",0,1568,1568,"GasA","TA","Y","SBrkr",1568,0,0,1568,0,0,1,1,3,1,"TA",7,"Typ",0,"No fireplace","Attchd","Unf","2","TA","TA","Y",160,40,0,0,0,0,"No","No fence","None",0,3,2009,143000,40,1.5,42
"20","RL",70,9100,"Pave","No alley","Reg","Lvl","AllPub","Inside","Gtl","NAmes","Norm","Norm","1Fam","1Story",5,6,1965,1965,"Gable","CompShg","VinylSd","VinylSd","None",0,"TA","TA","CBlock","TA","TA","No","BLQ",338,"Other",466,121,925,"GasA","Ex","Y","SBrkr",925,0,0,925,0,1,1,0,2,1,"TA",5,"Typ",0,"No fireplace","Other","Unf","Other","TA","TA","Y",0,0,0,0,0,0,"No","Other","None",0,7,2009,117500,0,1.5,44
"85","RL",0,16500,"Pave","No alley","Reg","Lvl","AllPub","Inside","Gtl","NWAmes","Norm","Norm","1Fam","Other",6,5,1971,1971,"Other","CompShg","HdBoard","HdBoard","Other",509,"TA","TA","CBlock","Gd","TA","Other","GLQ",962,"Unf",0,270,1232,"GasA","Other","Y","SBrkr",1320,0,0,1320,0,1,2,0,3,1,"TA",5,"Typ",1,"Gd","Attchd","RFn","2","TA","TA","Y",0,20,0,0,0,0,"No","No fence","None",0,5,2009,172500,20,2.5,38
"20","RL",0,9790,"Pave","No alley","Reg","Lvl","AllPub","Inside","Gtl","NWAmes","Other","Norm","1Fam","1Story",6,5,1967,1967,"Gable","CompShg","BrkFace","Wd Sdng","None",0,"TA","TA","CBlock","TA","TA","No","Rec",251,"Other",630,491,1372,"GasA","TA","Y","SBrkr",1342,0,0,1342,0,0,2,0,3,1,"TA",7,"Typ",1,"Gd","Attchd","Unf","2","TA","TA","Y",0,0,0,0,197,0,"No","No fence","None",0,9,2009,161500,197,2,42
"20","RL",60,7436,"Pave","No alley","Reg","Lvl","AllPub","Inside","Gtl","NAmes","Norm","Norm","1Fam","1Story",4,7,1960,1960,"Gable","CompShg","VinylSd","VinylSd","None",0,"TA","TA","CBlock","TA","TA","No","ALQ",734,"Unf",0,160,894,"GasA","Other","Y","SBrkr",894,0,0,894,1,0,1,0,2,1,"TA",5,"Typ",1,"Other","Other","Unf","2","TA","TA","Y",0,0,0,360,0,0,"No","Other","None",0,8,2009,141500,360,2,49
"20","RL",65,8125,"Pave","No alley","Reg","Lvl","AllPub","Inside","Gtl","NAmes","Norm","Norm","1Fam","1Story",5,7,1959,1959,"Other","CompShg","MetalSd","MetalSd","None",0,"TA","TA","CBlock","TA","TA","No","BLQ",403,"Unf",0,461,864,"GasA","Ex","Y","SBrkr",864,0,0,864,0,0,1,0,3,1,"TA",5,"Typ",0,"No fireplace","Other","Unf","Other","TA","TA","Y",0,0,0,0,0,0,"No","No fence","None",0,9,2009,118000,0,1,50
"20","RL",70,9100,"Pave","No alley","Reg","Lvl","AllPub","Inside","Gtl","NAmes","Norm","Norm","1Fam","1Story",6,6,1959,1959,"Other","CompShg","Wd Sdng","Wd Sdng","None",0,"TA","TA","CBlock","TA","TA","No","Rec",612,"Unf",0,252,864,"GasA","Ex","Y","SBrkr",864,0,0,864,0,0,1,0,2,1,"TA",5,"Typ",0,"No fireplace","Other","Unf","Other","Other","Other","Y",0,0,0,0,0,0,"No","No fence","Other",450,10,2009,127500,0,1,50
"20","RL",0,9450,"Pave","No alley","Other","Lvl","AllPub","Other","Gtl","NAmes","Norm","Norm","1Fam","1Story",4,5,1957,1957,"Gable","CompShg","Wd Sdng","Wd Sdng","Other",160,"TA","TA","CBlock","TA","TA","No","BLQ",775,"Unf",0,265,1040,"GasA","TA","Y","SBrkr",1362,0,0,1362,1,0,1,0,3,1,"TA",6,"Typ",1,"Gd","Attchd","RFn","Other","TA","TA","Y",0,0,84,0,0,0,"No","Other","None",0,5,2009,140000,84,2,52
"20","RL",0,13495,"Pave","No alley","Other","Lvl","AllPub","Other","Gtl","NAmes","Norm","Norm","1Fam","1Story",5,6,1956,1956,"Gable","CompShg","Wd Sdng","Wd Sdng","Other",70,"TA","Other","CBlock","TA","TA","No","BLQ",625,"Other",201,222,1048,"GasA","Other","Y","SBrkr",1728,0,0,1728,1,0,2,0,3,1,"TA",7,"Other",1,"Gd","Other","Unf","2","TA","TA","Y",0,99,0,0,0,0,"No","No fence","None",0,7,2009,177625,99,3,53
"20","RL",100,10004,"Pave","No alley","Reg","Lvl","AllPub","Inside","Gtl","NAmes","Norm","Norm","1Fam","1Story",6,6,1964,1964,"Gable","CompShg","HdBoard","Plywood","Other",180,"TA","TA","CBlock","TA","TA","No","Rec",196,"Other",345,975,1516,"GasA","TA","Y","SBrkr",1516,0,0,1516,0,0,1,1,3,1,"TA",6,"Typ",0,"No fireplace","Attchd","RFn","2","TA","TA","Y",0,0,0,0,152,0,"No","No fence","None",0,2,2009,167000,152,1.5,45
"20","RL",85,9350,"Pave","No alley","Reg","Lvl","AllPub","Inside","Gtl","NAmes","Norm","Norm","1Fam","1Story",5,6,1961,1995,"Gable","CompShg","Wd Sdng","Wd Sdng","Other",217,"TA","TA","CBlock","TA","TA","No","ALQ",310,"Other",512,491,1313,"GasA","TA","Y","SBrkr",1313,0,0,1313,1,0,1,1,3,1,"Other",6,"Typ",1,"TA","Attchd","RFn","2","TA","TA","Y",172,28,0,0,121,0,"No","Other","None",0,2,2009,153000,149,2.5,14
"20","RL",0,11000,"Pave","No alley","Other","Lvl","AllPub","Other","Gtl","NAmes","Norm","Norm","1Fam","1Story",5,6,1966,1966,"Gable","CompShg","Plywood","Plywood","Other",200,"TA","TA","CBlock","TA","TA","Other","BLQ",740,"Other",230,184,1154,"GasA","Ex","Y","SBrkr",1154,0,0,1154,0,0,1,1,3,1,"TA",6,"Typ",1,"Other","Attchd","RFn","2","TA","TA","Y",0,58,0,0,0,0,"No","Other","None",0,11,2009,154000,58,1.5,43
"60","RL",0,8970,"Pave","No alley","Other","Lvl","AllPub","Other","Gtl","NAmes","Norm","Norm","1Fam","Other",5,6,1965,1965,"Gable","CompShg","MetalSd","MetalSd","None",0,"TA","Other","CBlock","TA","TA","No","ALQ",388,"Unf",0,356,744,"GasA","TA","Y","SBrkr",825,1315,0,2140,0,0,2,1,4,1,"TA",7,"Typ",1,"TA","Attchd","Fin","2","TA","TA","Y",0,40,264,0,0,0,"No","Other","None",0,6,2009,177500,304,2.5,44
"80","RL",0,12095,"Pave","No alley","Other","Lvl","AllPub","Other","Gtl","NAmes","Norm","Norm","1Fam","Other",6,6,1964,1964,"Gable","CompShg","MetalSd","HdBoard","Other",115,"TA","Other","CBlock","TA","TA","Other","Rec",564,"Unf",0,563,1127,"GasA","TA","Y","SBrkr",1445,0,0,1445,0,0,1,1,3,1,"TA",7,"Typ",1,"Other","Attchd","RFn","2","TA","TA","Y",180,0,0,0,0,0,"No","Other","None",0,8,2009,158000,0,1.5,45
"20","RL",80,9600,"Pave","No alley","Reg","Lvl","AllPub","Other","Gtl","NAmes","Norm","Norm","1Fam","1Story",5,6,1959,1959,"Gable","CompShg","MetalSd","MetalSd","Other",132,"TA","TA","CBlock","TA","TA","No","ALQ",991,"Unf",0,50,1041,"GasA","Ex","Y","SBrkr",1041,0,0,1041,1,0,1,0,3,1,"TA",6,"Typ",0,"No fireplace","Attchd","RFn","Other","TA","TA","Y",224,88,0,0,0,0,"No","Other","None",0,7,2009,124500,88,2,50
"80","RL",85,11475,"Pave","No alley","Reg","Lvl","AllPub","Other","Gtl","NAmes","Norm","Norm","1Fam","Other",6,6,1961,1961,"Other","CompShg","HdBoard","HdBoard","Other",90,"TA","TA","CBlock","TA","TA","Other","ALQ",568,"Unf",0,640,1208,"GasA","Ex","Y","SBrkr",1576,0,0,1576,1,0,1,0,4,1,"Other",7,"Typ",1,"Other","Other","Fin","2","TA","TA","Y",85,0,0,0,0,0,"No","No fence","None",0,9,2009,174500,0,2,48
"20","RL",68,9768,"Pave","No alley","Reg","Lvl","AllPub","Inside","Gtl","NAmes","Norm","Norm","1Fam","1Story",5,5,1955,1955,"Gable","CompShg","Wd Sdng","Wd Sdng","None",0,"TA","TA","CBlock","TA","TA","No","Rec",100,"Other",247,613,960,"GasA","Other","Y","SBrkr",960,0,0,960,1,0,1,0,2,1,"TA",5,"Typ",0,"No fireplace","Attchd","RFn","Other","TA","TA","Y",0,70,0,0,0,0,"No","Other","None",0,2,2009,122000,70,2,54
"30","RL",50,5330,"Pave","No alley","Reg","Other","AllPub","Inside","Gtl","BrkSide","Norm","Norm","1Fam","1Story",4,7,1940,1950,"Other","CompShg","VinylSd","VinylSd","None",0,"Other","TA","CBlock","TA","TA","No","Other",280,"Unf",0,140,420,"GasA","Other","Y","SBrkr",708,0,0,708,0,0,1,0,2,1,"Other",5,"Typ",0,"No fireplace","Other","Other","Other","Other","Other","Y",164,0,0,0,0,0,"No","No fence","None",0,12,2009,82500,0,1,59
"50","RL",0,7015,"Pave","No alley","Other","Other","AllPub","Other","Gtl","BrkSide","Norm","Norm","1Fam","Other",5,4,1950,1950,"Gable","CompShg","MetalSd","MetalSd","Other",161,"TA","TA","CBlock","TA","TA","No","Other",185,"Unf",0,524,709,"GasA","TA","Y","SBrkr",979,224,0,1203,1,0,1,0,3,1,"Other",5,"Typ",1,"TA","Other","Unf","Other","TA","TA","Y",0,0,248,0,0,0,"No","No fence","None",0,7,2009,110000,248,2,59
"20","RL",128,12160,"Pave","No alley","Reg","Lvl","AllPub","Inside","Gtl","NAmes","Other","Norm","1Fam","1Story",6,4,1953,1953,"Other","CompShg","Wd Sdng","Wd Sdng","Other",90,"TA","TA","CBlock","TA","TA","No","BLQ",1024,"Unf",0,481,1505,"GasA","Ex","Y","SBrkr",1505,0,0,1505,1,0,1,0,2,1,"TA",6,"Typ",1,"TA","Attchd","RFn","2","TA","TA","Y",0,0,0,162,0,0,"No","No fence","None",0,2,2009,149500,162,2,56
"20","RL",90,9900,"Pave","No alley","Reg","Lvl","AllPub","Inside","Gtl","NAmes","Other","Norm","1Fam","1Story",6,5,1967,1967,"Gable","CompShg","Other","Brk Cmn","None",0,"Other","TA","CBlock","TA","TA","No","Rec",1173,"Unf",0,507,1680,"GasA","TA","Y","SBrkr",1691,0,0,1691,1,0,1,0,2,1,"TA",5,"Typ",0,"No fireplace","Attchd","Unf","2","Other","TA","Y",0,67,260,0,0,0,"No","Other","None",0,4,2009,175000,327,2,42
"20","RL",80,9600,"Pave","No alley","Reg","Lvl","AllPub","Inside","Gtl","NAmes","Norm","Norm","1Fam","1Story",6,5,1953,1953,"Other","CompShg","HdBoard","HdBoard","Other",238,"TA","TA","CBlock","TA","TA","No","GLQ",1285,"Unf",0,131,1416,"GasA","TA","Y","SBrkr",1644,0,0,1644,1,0,1,0,3,1,"TA",7,"Typ",2,"Gd","Attchd","Fin","2","TA","TA","Y",110,0,0,0,0,0,"No","No fence","None",0,10,2009,167000,0,2,56
"20","RL",80,9600,"Pave","No alley","Reg","Lvl","AllPub","Inside","Gtl","NAmes","Norm","Norm","1Fam","1Story",5,6,1956,1956,"Other","CompShg","MetalSd","MetalSd","None",0,"TA","TA","CBlock","TA","TA","No","Rec",504,"Unf",0,546,1050,"GasA","Other","Y","SBrkr",1050,0,0,1050,0,0,1,0,2,1,"TA",5,"Typ",0,"No fireplace","Attchd","Unf","Other","TA","TA","Y",0,0,0,0,0,0,"No","No fence","None",0,6,2009,128900,0,1,53
"50","RL",80,9600,"Pave","No alley","Reg","Lvl","AllPub","Inside","Gtl","NAmes","Norm","Norm","1Fam","Other",6,8,1950,2005,"Gable","CompShg","VinylSd","VinylSd","None",0,"TA","Other","CBlock","TA","TA","No","BLQ",120,"Unf",0,736,856,"GasA","Ex","Y","SBrkr",1112,556,0,1668,0,0,1,1,3,1,"TA",6,"Other",0,"No fireplace","Attchd","Unf","Other","TA","TA","Y",0,0,0,0,0,0,"No","Other","None",0,9,2009,140000,0,1.5,4
"20","RL",80,9600,"Pave","No alley","Reg","Lvl","AllPub","Inside","Gtl","NAmes","Norm","Norm","1Fam","1Story",5,7,1950,2007,"Gable","CompShg","MetalSd","MetalSd","None",0,"Other","TA","CBlock","TA","TA","No","ALQ",607,"Unf",0,506,1113,"GasA","Other","Y","SBrkr",1113,0,0,1113,0,0,1,0,3,1,"Other",5,"Typ",1,"Gd","Attchd","Unf","Other","TA","TA","Y",0,80,120,0,0,0,"No","No fence","None",0,7,2009,147000,200,1,2
"90","RL",65,8944,"Pave","No alley","Reg","Lvl","AllPub","Inside","Gtl","NAmes","Norm","Norm","Other","1Story",5,5,1967,1967,"Gable","CompShg","Plywood","Plywood","None",0,"TA","TA","CBlock","TA","TA","No","Unf",0,"Unf",0,1584,1584,"GasA","TA","Y","SBrkr",1584,0,0,1584,0,0,2,0,4,2,"TA",8,"Other",0,"No fireplace","Other","Unf","Other","TA","TA","Y",0,152,0,0,0,0,"No","No fence","None",0,4,2009,124000,152,2,42
"20","RL",92,10573,"Pave","No alley","Other","Lvl","AllPub","Other","Gtl","NAmes","Norm","Norm","1Fam","1Story",6,6,1961,1961,"Other","CompShg","MetalSd","MetalSd","Other",3,"TA","TA","CBlock","TA","TA","No","Rec",1312,"Unf",0,141,1453,"GasA","Ex","Y","SBrkr",1453,0,0,1453,1,0,2,0,3,1,"TA",6,"Typ",1,"TA","Attchd","RFn","2","TA","TA","Y",0,49,0,0,288,0,"No","Other","None",0,4,2009,187500,337,3,48
"20","RL",0,9500,"Pave","No alley","Other","Lvl","AllPub","Inside","Gtl","NAmes","Norm","Norm","1Fam","1Story",6,5,1963,1963,"Gable","CompShg","Plywood","Plywood","Other",247,"TA","TA","CBlock","Gd","TA","No","BLQ",609,"Unf",0,785,1394,"GasA","Other","Y","SBrkr",1394,0,0,1394,1,0,1,1,3,1,"TA",6,"Typ",2,"Gd","Attchd","RFn","2","TA","TA","Y",0,76,0,0,185,0,"No","No fence","None",0,7,2009,159000,261,2.5,46
"20","RL",80,14695,"Pave","No alley","Other","Lvl","AllPub","Inside","Gtl","NAmes","Norm","Norm","1Fam","1Story",6,8,1966,2008,"Gable","CompShg","MetalSd","MetalSd","Other",210,"TA","Other","CBlock","TA","TA","No","ALQ",1387,"Unf",0,175,1562,"GasA","Other","Y","SBrkr",1567,0,0,1567,1,0,2,0,2,1,"Other",5,"Typ",2,"Gd","Attchd","Unf","2","TA","TA","Y",0,110,0,0,342,0,"No","Other","None",0,7,2009,256000,452,3,1
"60","RL",85,13600,"Pave","No alley","Reg","Lvl","AllPub","Inside","Gtl","NAmes","Norm","Norm","1Fam","Other",7,6,1965,1990,"Gable","CompShg","HdBoard","HdBoard","Other",176,"TA","TA","CBlock","TA","TA","No","BLQ",454,"Unf",0,314,768,"GasA","TA","Y","SBrkr",1186,800,0,1986,0,0,2,1,3,1,"TA",7,"Typ",3,"Other","Attchd","Unf","2","TA","TA","Y",0,42,0,0,189,0,"No","No fence","None",0,10,2009,205000,231,2.5,19
"60","RL",100,13000,"Pave","No alley","Reg","Lvl","AllPub","Other","Gtl","NAmes","Norm","Norm","1Fam","Other",6,6,1968,1968,"Gable","CompShg","VinylSd","VinylSd","Other",576,"TA","Other","CBlock","Gd","TA","No","Rec",448,"Unf",0,448,896,"GasA","TA","Y","SBrkr",1182,960,0,2142,0,0,2,1,4,1,"Other",8,"Typ",1,"Gd","Attchd","Fin","Other","TA","TA","Y",0,72,0,0,252,0,"No","No fence","None",0,6,2009,193500,324,2.5,41
"20","RL",120,13560,"Pave","No alley","Reg","Lvl","AllPub","Other","Gtl","NAmes","Norm","Norm","1Fam","1Story",6,3,1968,1968,"Other","CompShg","Wd Sdng","Wd Sdng","Other",216,"TA","TA","CBlock","Other","Other","No","Unf",0,"Unf",0,1392,1392,"GasA","Other","Y","SBrkr",1392,0,0,1392,1,0,1,0,2,1,"TA",5,"Other",2,"TA","Attchd","RFn","2","TA","TA","Y",0,0,240,0,0,0,"No","No fence","None",0,7,2009,110000,240,2,41
"50","RL",0,12513,"Pave","No alley","Other","Lvl","AllPub","Other","Gtl","NAmes","Other","Norm","1Fam","Other",4,4,1920,2007,"Gable","CompShg","VinylSd","VinylSd","None",0,"TA","Other","Other","TA","Other","No","Unf",0,"Unf",0,715,715,"GasA","Other","Y","SBrkr",1281,457,0,1738,0,0,2,0,4,1,"TA",7,"Typ",1,"Gd","Attchd","Unf","Other","TA","TA","Y",55,0,0,0,0,0,"No","No fence","None",0,6,2009,104900,0,2,2
"20","RL",73,8760,"Pave","No alley","Reg","Lvl","AllPub","Inside","Gtl","NAmes","Norm","Norm","1Fam","1Story",5,7,1956,1956,"Gable","CompShg","Wd Sdng","Wd Sdng","Other",164,"Other","TA","CBlock","TA","TA","No","ALQ",856,"Unf",0,313,1169,"GasA","TA","Y","SBrkr",1144,0,0,1144,1,0,1,0,3,1,"TA",6,"Typ",0,"No fireplace","Attchd","RFn","Other","TA","TA","Y",257,0,0,0,0,0,"No","No fence","None",0,6,2009,150000,0,2,53
"20","RL",70,8400,"Pave","No alley","Reg","Lvl","AllPub","Inside","Gtl","NAmes","Norm","Norm","1Fam","1Story",6,3,1957,1957,"Other","CompShg","BrkFace","BrkFace","None",0,"TA","TA","CBlock","TA","TA","No","ALQ",189,"Other",661,628,1478,"GasA","Other","Y","SBrkr",1478,0,0,1478,1,0,1,1,3,1,"TA",6,"Typ",2,"Gd","Attchd","RFn","2","TA","TA","Y",114,0,0,0,216,0,"No","No fence","None",0,6,2009,156500,216,2.5,52
"20","RL",0,12285,"Pave","No alley","Other","Lvl","AllPub","Inside","Gtl","NAmes","Norm","Norm","1Fam","1Story",7,6,1960,1960,"Gable","CompShg","Plywood","Plywood","Other",128,"TA","TA","CBlock","TA","TA","No","BLQ",544,"Unf",0,785,1329,"GasA","Other","Y","SBrkr",1329,0,0,1329,0,0,1,1,3,1,"TA",5,"Typ",2,"Gd","Attchd","Unf","2","TA","TA","Y",0,0,203,0,0,0,"No","No fence","None",0,8,2009,176000,203,1.5,49
"20","RL",66,9240,"Pave","No alley","Other","Lvl","AllPub","Inside","Gtl","NAmes","Norm","Norm","1Fam","1Story",6,8,1959,1998,"Other","CompShg","MetalSd","MetalSd","None",0,"Other","TA","CBlock","TA","TA","No","ALQ",708,"Unf",0,280,988,"GasA","TA","Y","SBrkr",988,0,0,988,1,0,2,0,3,1,"Other",6,"Typ",0,"No fireplace","Attchd","Unf","Other","TA","TA","Y",156,0,0,0,0,0,"No","No fence","None",0,6,2009,149500,0,3,11
"20","RL",80,9600,"Pave","No alley","Reg","Lvl","AllPub","Inside","Gtl","NAmes","Other","Norm","1Fam","1Story",6,6,1958,1988,"Other","CompShg","Wd Sdng","Wd Sdng","Other",183,"TA","TA","CBlock","TA","TA","No","Rec",620,"Other",620,0,1240,"GasA","Other","Y","SBrkr",1632,0,0,1632,1,0,2,0,3,1,"TA",6,"Other",1,"Gd","Attchd","RFn","Other","TA","TA","Y",289,0,0,0,0,0,"No","Other","None",0,4,2009,139000,0,3,21
"20","RL",66,12400,"Pave","No alley","Other","Lvl","AllPub","Inside","Gtl","NAmes","Other","Norm","1Fam","1Story",6,7,1958,1998,"Other","CompShg","Wd Sdng","Wd Sdng","Other",176,"TA","TA","CBlock","TA","Other","No","Rec",585,"Unf",0,630,1215,"GasA","TA","Y","Other",1215,0,0,1215,0,0,1,0,3,1,"TA",6,"Typ",0,"No fireplace","Attchd","Unf","Other","TA","TA","Y",0,0,0,0,234,0,"No","No fence","None",0,6,2009,155000,234,1,11
"20","RL",70,8750,"Pave","No alley","Reg","Lvl","AllPub","Inside","Gtl","NAmes","Norm","Norm","1Fam","1Story",5,5,1955,1955,"Gable","CompShg","AsbShng","AsbShng","None",0,"TA","TA","CBlock","TA","TA","No","Rec",172,"Other",483,727,1382,"GasA","Other","Y","Other",1382,0,0,1382,0,1,1,0,3,1,"Other",6,"Typ",0,"No fireplace","Attchd","Unf","Other","TA","TA","Y",280,0,0,0,0,0,"No","Other","None",0,7,2009,153000,0,1.5,54
"80","RL",120,19296,"Pave","No alley","Reg","Lvl","AllPub","Other","Gtl","NAmes","Other","Norm","1Fam","Other",6,5,1962,1962,"Gable","CompShg","Wd Sdng","Wd Sdng","Other",399,"TA","TA","CBlock","TA","TA","Other","Rec",672,"Other",690,0,1362,"GasA","TA","Y","SBrkr",1382,0,0,1382,1,0,1,0,3,1,"TA",6,"Typ",1,"TA","Attchd","Unf","2","TA","TA","Y",0,0,252,0,0,0,"No","Other","None",0,5,2009,176000,252,2,47
"20","RL",74,8532,"Pave","No alley","Reg","Lvl","AllPub","Inside","Gtl","NAmes","Norm","Norm","1Fam","1Story",5,6,1954,1990,"Other","CompShg","Wd Sdng","Wd Sdng","Other",650,"TA","TA","CBlock","TA","TA","No","Rec",1213,"Unf",0,84,1297,"GasA","Other","Y","SBrkr",1297,0,0,1297,0,1,1,0,3,1,"TA",5,"Typ",1,"TA","Attchd","Fin","2","TA","TA","Y",0,0,0,0,0,0,"No","No fence","None",0,10,2009,153000,0,1.5,19
"90","RL",76,9482,"Pave","No alley","Reg","Lvl","AllPub","Inside","Gtl","NAmes","Norm","Norm","Other","1Story",5,4,1958,1958,"Other","CompShg","Wd Sdng","Wd Sdng","Other",657,"TA","TA","PConc","TA","TA","No","Unf",0,"Unf",0,1866,1866,"GasA","Ex","Y","SBrkr",1866,0,0,1866,0,0,2,0,4,2,"TA",8,"Typ",0,"No fireplace","Other","Unf","2","TA","Other","Y",0,0,0,0,0,0,"No","No fence","None",0,12,2009,135000,0,2,51
"20","RL",53,8128,"Pave","No alley","Other","Lvl","AllPub","Other","Gtl","NAmes","Norm","Norm","1Fam","1Story",6,7,1954,1954,"Other","CompShg","MetalSd","MetalSd","Other",80,"TA","TA","CBlock","TA","TA","No","ALQ",490,"Unf",0,572,1062,"GasA","Other","Y","SBrkr",1062,0,0,1062,1,0,1,0,3,1,"TA",6,"Typ",0,"No fireplace","Attchd","Unf","Other","TA","TA","Y",0,0,0,0,0,0,"No","No fence","None",0,2,2009,131000,0,2,55
"20","RL",79,10634,"Pave","No alley","Reg","Lvl","AllPub","Inside","Gtl","NAmes","Norm","Norm","1Fam","1Story",5,6,1953,1953,"Gable","CompShg","MetalSd","MetalSd","None",0,"TA","TA","PConc","TA","TA","No","BLQ",428,"Other",180,0,608,"GasA","TA","Y","SBrkr",1319,0,0,1319,1,0,1,0,3,1,"TA",5,"Other",0,"No fireplace","Attchd","Unf","Other","TA","TA","Y",66,0,0,0,0,0,"No","Other","None",0,11,2009,123000,0,2,56
"20","RL",67,13070,"Pave","No alley","Reg","Lvl","AllPub","Other","Gtl","NAmes","Norm","Norm","1Fam","1Story",5,5,1951,1951,"Other","CompShg","MetalSd","MetalSd","None",0,"TA","TA","CBlock","TA","TA","No","Rec",308,"Unf",0,323,631,"GasA","TA","Y","Other",1112,0,0,1112,0,0,1,0,2,1,"TA",5,"Typ",0,"No fireplace","Other","Unf","2","TA","TA","Y",0,0,0,0,255,0,"No","No fence","None",0,10,2009,126000,255,1,58
"20","RL",60,10434,"Pave","No alley","Reg","Lvl","AllPub","Inside","Gtl","NAmes","Norm","Norm","1Fam","1Story",4,5,1955,1955,"Gable","CompShg","Plywood","Plywood","None",0,"TA","TA","CBlock","TA","TA","No","Unf",0,"Unf",0,1005,1005,"GasA","TA","Y","SBrkr",1005,0,0,1005,0,0,1,0,2,1,"Other",5,"Typ",1,"TA","Other","Unf","2","Other","Other","Y",0,0,0,0,0,0,"No","No fence","None",0,11,2009,115000,0,1,54
"20","RL",75,14559,"Pave","No alley","Reg","Lvl","AllPub","Inside","Gtl","NAmes","Norm","Norm","1Fam","1Story",5,7,1951,2000,"Other","CompShg","Wd Sdng","Wd Sdng","Other",70,"Other","TA","CBlock","TA","TA","No","BLQ",650,"Other",180,178,1008,"GasA","Ex","Y","SBrkr",1363,0,0,1363,1,0,1,0,2,1,"TA",6,"Other",2,"TA","Other","Unf","Other","TA","TA","Y",324,42,0,0,168,0,"No","No fence","Other",2000,6,2009,164900,210,2,9
"30","RL",80,8480,"Pave","No alley","Reg","Lvl","AllPub","Other","Gtl","NAmes","Norm","Norm","1Fam","1Story",5,6,1945,1950,"Gable","CompShg","MetalSd","MetalSd","None",0,"TA","Other","CBlock","TA","TA","No","BLQ",700,"Unf",0,93,793,"GasA","TA","Y","SBrkr",793,0,0,793,1,0,1,0,2,1,"Other",4,"Typ",0,"No fireplace","Other","Unf","Other","TA","TA","Y",0,0,0,0,0,0,"No","No fence","None",0,8,2009,113000,0,2,59
"20","RL",60,7626,"Pave","No alley","Reg","Lvl","AllPub","Inside","Gtl","NAmes","Norm","Norm","1Fam","1Story",5,8,1952,2005,"Other","CompShg","Wd Sdng","Wd Sdng","None",0,"Other","TA","CBlock","TA","TA","No","GLQ",931,"Unf",0,100,1031,"GasA","Other","Y","SBrkr",1031,0,0,1031,1,0,1,0,2,1,"Other",5,"Typ",0,"No fireplace","Attchd","Unf","Other","TA","TA","Y",0,0,0,0,0,0,"No","Other","None",0,3,2009,145500,0,2,4
"20","RL",75,9533,"Pave","No alley","Reg","Lvl","AllPub","Inside","Gtl","NAmes","Norm","Norm","1Fam","1Story",5,5,1953,1953,"Other","CompShg","Wd Sdng","Wd Sdng","Other",140,"TA","TA","Other","Other","Other","Other","Other",0,"Other",0,0,0,"GasA","TA","Y","Other",1210,0,0,1210,0,0,1,1,2,1,"TA",7,"Typ",0,"No fireplace","Attchd","Fin","Other","TA","TA","Y",208,0,100,0,0,0,"No","Other","None",0,8,2009,102900,100,1.5,56
"60","RL",78,11419,"Pave","No alley","Reg","Lvl","AllPub","Other","Gtl","NAmes","Other","Norm","1Fam","Other",7,7,1948,1999,"Gable","CompShg","WdShing","Wd Shng","None",0,"TA","TA","CBlock","TA","TA","Other","ALQ",699,"Unf",0,0,699,"GasA","Ex","Y","Other",801,726,0,1527,1,0,1,1,3,1,"TA",6,"Typ",1,"Gd","Attchd","Unf","2","TA","TA","Y",0,0,134,0,0,0,"No","Other","None",0,12,2009,152500,134,2.5,10
"20","RL",60,9600,"Pave","No alley","Reg","Lvl","AllPub","Inside","Gtl","NAmes","Norm","Norm","1Fam","1Story",5,6,1950,1950,"Gable","CompShg","Wd Sdng","Wd Sdng","None",0,"TA","TA","CBlock","TA","TA","No","BLQ",390,"Unf",0,810,1200,"GasA","TA","Y","SBrkr",1200,0,0,1200,0,0,1,0,3,1,"TA",6,"Typ",0,"No fireplace","Attchd","Fin","Other","TA","TA","Y",126,0,0,0,0,0,"No","Other","None",0,8,2009,129900,0,1,59
"20","RL",50,8000,"Pave","No alley","Reg","Lvl","AllPub","Inside","Gtl","NAmes","Norm","Norm","1Fam","1Story",6,6,1948,2002,"Gable","CompShg","VinylSd","VinylSd","None",0,"TA","Other","CBlock","TA","TA","No","ALQ",680,"Unf",0,292,972,"GasA","Ex","Y","SBrkr",972,0,0,972,1,0,1,0,2,1,"TA",5,"Typ",1,"Gd","Other","Unf","Other","TA","TA","Y",0,0,0,0,0,0,"No","No fence","None",0,5,2009,132000,0,2,7
"20","RL",53,5470,"Pave","No alley","Reg","Lvl","AllPub","Inside","Gtl","OldTown","Norm","Norm","1Fam","1Story",3,5,1958,1958,"Gable","CompShg","MetalSd","MetalSd","None",0,"TA","TA","CBlock","TA","TA","No","Unf",0,"Unf",0,792,792,"GasA","Other","Y","Other",792,0,0,792,0,0,1,0,2,1,"TA",4,"Typ",0,"No fireplace","Attchd","Unf","Other","Other","TA","Y",0,90,0,0,0,0,"No","No fence","None",0,8,2009,99900,90,1,51
"50","RL",60,10410,"Pave","No alley","Reg","Lvl","AllPub","Inside","Gtl","OldTown","Norm","Norm","1Fam","Other",5,7,1916,1987,"Gable","CompShg","HdBoard","HdBoard","None",0,"TA","TA","CBlock","Other","TA","No","Unf",0,"Unf",0,660,660,"GasA","Ex","Y","SBrkr",808,704,144,1656,0,0,2,1,3,1,"TA",8,"Other",0,"No fireplace","Other","Unf","Other","Other","Other","Other",0,0,0,140,0,0,"No","Other","None",0,8,2009,135000,140,2.5,22
"60","RL",60,10800,"Pave","No alley","Reg","Lvl","AllPub","Inside","Gtl","OldTown","Norm","Norm","1Fam","Other",5,7,1939,2006,"Gable","CompShg","VinylSd","VinylSd","None",0,"TA","Other","Other","TA","TA","No","Unf",0,"Unf",0,676,676,"GasA","Ex","Y","SBrkr",676,676,0,1352,0,1,2,0,4,1,"Other",7,"Typ",0,"No fireplace","Other","Unf","2","TA","TA","Y",187,0,128,0,0,0,"No","No fence","None",0,8,2009,149000,128,2.5,3
"70","RL",80,8146,"Pave","No alley","Reg","Lvl","AllPub","Other","Gtl","OldTown","Norm","Norm","1Fam","Other",4,8,1900,2003,"Gable","CompShg","MetalSd","MetalSd","None",0,"Other","Other","Other","Other","TA","No","Unf",0,"Unf",0,405,405,"GasA","Other","Y","SBrkr",717,322,0,1039,0,0,1,0,2,1,"TA",6,"Typ",0,"No fireplace","Other","Unf","Other","TA","TA","Other",0,0,168,0,111,0,"No","No fence","None",0,5,2009,114000,279,1,6
"30","RL",52,9022,"Pave","No alley","Reg","Lvl","AllPub","Inside","Gtl","OldTown","Norm","Norm","1Fam","1Story",5,8,1924,2006,"Gable","CompShg","VinylSd","VinylSd","None",0,"Other","TA","Other","TA","TA","No","Unf",0,"Unf",0,768,768,"GasA","Ex","Y","SBrkr",792,0,0,792,0,0,1,0,2,1,"Other",5,"Typ",0,"No fireplace","Other","Unf","Other","Other","Other","Other",316,0,120,0,0,0,"No","No fence","None",0,5,2009,109500,120,1,3
"30","RL",60,10230,"Pave","Other","Reg","Lvl","AllPub","Inside","Gtl","OldTown","Norm","Norm","1Fam","1Story",5,7,1925,1950,"Gable","CompShg","MetalSd","MetalSd","None",0,"TA","TA","Other","TA","TA","No","Unf",0,"Unf",0,1054,1054,"GasA","Ex","Y","SBrkr",1078,0,0,1078,0,0,1,0,3,1,"Other",6,"Typ",0,"No fireplace","Other","Unf","Other","TA","TA","Other",0,0,0,0,112,0,"No","Other","None",0,12,2009,125000,112,1,59
"50","RL",60,10410,"Pave","Other","Reg","Lvl","AllPub","Inside","Gtl","OldTown","Norm","Norm","1Fam","Other",4,5,1915,1950,"Gable","CompShg","MetalSd","MetalSd","None",0,"TA","TA","Other","TA","TA","No","Unf",0,"Unf",0,1313,1313,"GasA","TA","Y","SBrkr",1313,0,1064,2377,0,0,2,0,3,1,"Other",8,"Other",1,"TA","Other","Unf","2","TA","TA","Y",0,0,432,0,0,0,"No","No fence","None",0,6,2009,142900,432,2,59
"70","RL",60,7200,"Pave","No alley","Reg","Lvl","AllPub","Other","Gtl","OldTown","Other","Norm","1Fam","Other",7,9,1910,2008,"Gable","CompShg","VinylSd","VinylSd","None",0,"Other","Other","PConc","TA","TA","No","Unf",0,"Unf",0,560,560,"GasA","Ex","Y","SBrkr",930,760,0,1690,0,0,2,0,4,1,"Other",5,"Typ",0,"No fireplace","Other","Unf","2","TA","TA","Y",0,0,112,0,0,0,"No","No fence","None",0,8,2009,156500,112,2,1
"30","RL",90,5400,"Pave","No alley","Reg","Lvl","AllPub","Inside","Gtl","OldTown","Other","Norm","1Fam","1Story",2,5,1940,1950,"Gable","CompShg","Stucco","Stucco","None",0,"Other","TA","PConc","Other","TA","No","Unf",0,"Unf",0,416,416,"GasA","Other","Other","Other",599,0,0,599,1,0,1,0,2,1,"Other",4,"Typ",0,"No fireplace","Other","Other","Other","Other","Other","Other",0,81,0,0,0,0,"No","No fence","None",0,6,2009,59000,81,2,59
"50","RL",90,5400,"Pave","No alley","Reg","Lvl","AllPub","Other","Gtl","OldTown","Other","Norm","1Fam","Other",4,6,1920,1950,"Gable","CompShg","Other","Other","None",0,"Other","TA","PConc","TA","TA","No","ALQ",315,"Other",105,420,840,"GasA","Ex","Y","SBrkr",840,534,0,1374,0,0,1,0,2,1,"TA",6,"Typ",0,"No fireplace","Other","Fin","Other","TA","TA","Y",0,0,198,0,0,0,"No","No fence","None",0,10,2009,105000,198,1,59
"30","RL",60,10800,"Pave","Other","Reg","Lvl","AllPub","Inside","Gtl","OldTown","Norm","Norm","1Fam","1Story",5,7,1920,1950,"Gable","CompShg","Wd Sdng","Wd Sdng","None",0,"TA","TA","Other","TA","TA","No","Unf",0,"Unf",0,720,720,"GasA","TA","Other","SBrkr",846,0,0,846,0,0,1,0,2,1,"Other",4,"Typ",0,"No fireplace","Other","Fin","2","TA","TA","Other",0,0,0,0,0,0,"No","No fence","None",0,6,2009,106000,0,1,59
"30","RL",60,10800,"Pave","Other","Reg","Lvl","AllPub","Other","Gtl","OldTown","Norm","Norm","1Fam","1Story",3,5,1890,1998,"Gable","CompShg","VinylSd","VinylSd","None",0,"TA","TA","Other","TA","TA","No","Unf",0,"Unf",0,630,630,"GasA","TA","Y","Other",725,0,0,725,0,0,1,1,1,1,"TA",4,"Typ",0,"No fireplace","Other","Unf","Other","TA","TA","Y",0,30,0,0,0,0,"No","No fence","None",0,11,2009,78500,30,1.5,11
"90","RL",81,9671,"Pave","No alley","Reg","Lvl","AllPub","Other","Gtl","NAmes","Other","Norm","Other","Other",6,5,1969,1969,"Gable","CompShg","MetalSd","MetalSd","Other",480,"TA","TA","CBlock","TA","TA","No","Unf",0,"Unf",0,1248,1248,"GasA","TA","Y","SBrkr",1248,1296,0,2544,0,0,2,2,6,2,"TA",12,"Typ",0,"No fireplace","Attchd","RFn","Other","TA","TA","Y",0,0,0,0,0,0,"No","No fence","None",0,8,2009,190000,0,3,40
"20","RL",83,10143,"Pave","No alley","Reg","Lvl","AllPub","Inside","Gtl","NAmes","Norm","Norm","1Fam","1Story",6,7,1963,1963,"Gable","CompShg","HdBoard","HdBoard","Other",295,"TA","TA","CBlock","TA","TA","No","Rec",384,"Unf",0,996,1380,"GasA","Other","Y","SBrkr",1380,0,0,1380,0,0,1,1,3,1,"TA",6,"Typ",0,"No fireplace","Attchd","Unf","Other","TA","TA","Y",0,0,0,0,216,0,"No","Other","None",0,6,2009,154000,216,1.5,46
"20","RL",77,11500,"Pave","No alley","Other","Lvl","AllPub","Inside","Gtl","NAmes","Norm","Norm","1Fam","1Story",6,4,1967,1967,"Gable","CompShg","HdBoard","HdBoard","None",0,"Other","TA","CBlock","TA","Other","No","BLQ",872,"Other",60,108,1040,"GasA","Other","Y","SBrkr",1040,0,0,1040,1,0,1,0,3,1,"TA",6,"Other",1,"Other","Attchd","RFn","2","TA","TA","Y",0,0,156,0,0,0,"No","Other","None",0,5,2009,163000,156,2,42
"90","RL",91,11643,"Pave","No alley","Reg","Lvl","AllPub","Inside","Gtl","NAmes","Other","Norm","Other","Other",5,5,1969,1969,"Gable","CompShg","MetalSd","MetalSd","Other",368,"TA","TA","CBlock","TA","TA","No","Other",500,"Unf",0,748,1248,"GasA","TA","Y","SBrkr",1338,1296,0,2634,1,1,2,2,6,2,"TA",12,"Typ",0,"No fireplace","Other","Unf","Other","TA","TA","Y",0,0,0,0,0,0,"No","No fence","None",0,8,2009,200000,0,4.5,40
"20","RL",62,8010,"Pave","No alley","Reg","Lvl","AllPub","Inside","Gtl","NAmes","Norm","Norm","1Fam","1Story",6,9,1958,2007,"Other","CompShg","Wd Sdng","Wd Sdng","None",0,"Other","Other","CBlock","TA","TA","Other","GLQ",745,"Unf",0,206,951,"GasA","Other","Y","SBrkr",951,0,0,951,1,0,1,0,2,1,"Other",6,"Typ",0,"No fireplace","Other","Unf","2","TA","TA","Y",0,0,42,0,0,0,"No","No fence","Other",450,9,2009,143500,42,2,2
"20","RL",90,10454,"Pave","No alley","Other","Lvl","AllPub","Other","Gtl","NAmes","Norm","Norm","1Fam","1Story",6,6,1957,1957,"Other","CompShg","Plywood","Plywood","Other",143,"TA","TA","CBlock","TA","TA","No","Rec",546,"Unf",0,559,1105,"GasA","Other","Y","Other",1105,0,0,1105,0,0,1,0,3,1,"TA",5,"Typ",0,"No fireplace","Other","Unf","Other","TA","TA","Y",0,0,0,0,0,0,"No","No fence","None",0,4,2009,135000,0,1,52
"20","RL",64,8712,"Pave","No alley","Other","Lvl","AllPub","Inside","Gtl","NAmes","Norm","Norm","1Fam","1Story",5,7,1957,2000,"Other","CompShg","MetalSd","MetalSd","None",0,"TA","Other","CBlock","TA","TA","Other","BLQ",860,"Unf",0,132,992,"GasA","TA","Y","SBrkr",1306,0,0,1306,1,0,1,0,2,1,"TA",5,"Typ",0,"No fireplace","Other","Unf","Other","TA","TA","Y",0,0,0,0,0,0,"No","No fence","None",0,5,2009,153000,0,2,9
"20","RL",0,17600,"Pave","No alley","Other","Lvl","AllPub","Inside","Gtl","NAmes","Norm","Norm","1Fam","1Story",6,5,1960,1960,"Gable","CompShg","Wd Sdng","Wd Sdng","Other",30,"TA","TA","CBlock","TA","TA","No","BLQ",1270,"Unf",0,208,1478,"GasA","Ex","Y","Other",1478,0,0,1478,1,0,2,0,3,1,"TA",6,"Typ",2,"Gd","Attchd","Unf","2","TA","TA","Y",0,40,0,0,0,0,"No","No fence","None",0,12,2009,157500,40,3,49
"20","RL",80,9000,"Pave","No alley","Other","Other","AllPub","Inside","Other","NAmes","Norm","Norm","1Fam","1Story",6,6,1958,1958,"Other","Other","Wd Sdng","Wd Sdng","Other",82,"TA","TA","CBlock","Gd","TA","Other","Unf",0,"Unf",0,160,160,"GasA","Other","Y","SBrkr",1142,0,0,1142,0,0,1,0,2,1,"TA",5,"Typ",1,"Gd","Other","RFn","Other","TA","TA","Y",0,28,64,0,0,0,"No","No fence","None",0,4,2009,113500,92,1,51
"Other","RL",60,12144,"Pave","No alley","Reg","Lvl","AllPub","Inside","Gtl","NAmes","Norm","Norm","1Fam","1Story",5,7,1949,1950,"Gable","CompShg","HdBoard","HdBoard","None",0,"Other","TA","CBlock","TA","TA","No","Rec",375,"Unf",0,457,832,"GasA","Other","Y","SBrkr",1036,0,232,1268,0,0,1,0,3,1,"TA",6,"Typ",1,"Gd","Attchd","Unf","Other","TA","TA","Y",0,28,0,0,0,0,"No","No fence","Other",0,9,2009,133000,28,1,59
"90","RL",60,8544,"Pave","No alley","Reg","Lvl","AllPub","Other","Gtl","NAmes","Norm","Norm","Other","1Story",3,4,1950,1950,"Gable","CompShg","BrkFace","BrkFace","None",0,"TA","TA","Other","Other","Other","Other","Other",0,"Other",0,0,0,"Other","Other","Other","Other",1040,0,0,1040,0,0,2,0,2,2,"TA",6,"Typ",0,"No fireplace","Other","Unf","2","TA","TA","Y",0,0,0,0,0,0,"No","No fence","None",0,6,2009,92900,0,2,59
"90","RL",60,7200,"Pave","No alley","Reg","Lvl","AllPub","Inside","Gtl","NAmes","Norm","Norm","Other","1Story",4,5,1949,1950,"Gable","CompShg","BrkFace","Other","None",0,"TA","TA","Other","Other","Other","Other","Other",0,"Other",0,0,0,"Other","Other","Other","Other",1040,0,0,1040,0,0,2,0,2,2,"TA",6,"Typ",0,"No fireplace","Other","Unf","2","TA","TA","Y",0,0,0,0,0,0,"No","No fence","None",0,6,2009,90000,0,2,59
"50","RL",60,7200,"Pave","No alley","Reg","Lvl","AllPub","Inside","Gtl","NAmes","Norm","Norm","1Fam","Other",5,4,1950,1982,"Gable","CompShg","VinylSd","Wd Sdng","None",0,"TA","TA","CBlock","TA","TA","No","Rec",180,"Other",352,676,1208,"GasA","Other","Y","Other",1136,768,0,1904,1,0,1,1,3,1,"TA",7,"Other",0,"No fireplace","Attchd","Unf","Other","TA","TA","Y",0,0,168,0,0,0,"No","Other","None",0,5,2009,138000,168,2.5,27
"20","RL",71,7350,"Pave","No alley","Reg","Lvl","AllPub","Inside","Gtl","NAmes","Norm","Norm","1Fam","1Story",5,6,1958,1958,"Other","CompShg","BrkFace","BrkFace","None",0,"TA","TA","CBlock","TA","TA","No","Unf",0,"Unf",0,1041,1041,"GasA","Other","Y","SBrkr",1041,0,0,1041,0,0,1,0,3,1,"TA",6,"Typ",0,"No fireplace","Attchd","RFn","Other","TA","TA","Y",0,0,0,0,0,0,"No","Other","None",0,3,2009,128000,0,1,51
"20","RL",60,7200,"Pave","No alley","Reg","Lvl","AllPub","Other","Gtl","NAmes","Norm","Norm","1Fam","1Story",5,7,1952,1952,"Gable","CompShg","MetalSd","MetalSd","None",0,"TA","Other","CBlock","TA","Other","No","ALQ",630,"Other",102,0,732,"GasA","TA","Y","SBrkr",732,0,0,732,1,0,1,0,2,1,"TA",4,"Typ",0,"No fireplace","Other","Unf","Other","TA","TA","Y",0,68,0,0,0,0,"No","No fence","None",0,9,2009,118900,68,2,57
"80","RL",80,8000,"Pave","No alley","Reg","Lvl","AllPub","Inside","Gtl","NAmes","Norm","Norm","1Fam","Other",5,5,1959,1959,"Gable","CompShg","BrkFace","Plywood","None",0,"TA","TA","CBlock","Gd","TA","Other","GLQ",433,"Other",95,0,528,"GasA","TA","Y","SBrkr",1183,0,0,1183,1,0,1,0,3,1,"TA",6,"Typ",0,"No fireplace","Attchd","RFn","Other","TA","TA","Y",0,0,0,0,0,0,"No","Other","None",0,7,2009,138000,0,2,50
"20","RL",70,7931,"Pave","No alley","Reg","Lvl","AllPub","Inside","Gtl","NAmes","Norm","Norm","1Fam","1Story",5,5,1959,1959,"Other","CompShg","BrkFace","Plywood","None",0,"TA","TA","CBlock","TA","TA","No","BLQ",1148,"Unf",0,0,1148,"GasA","TA","Y","SBrkr",1148,0,0,1148,1,0,1,0,3,1,"TA",6,"Typ",0,"No fireplace","Attchd","Unf","Other","TA","TA","Y",0,0,0,0,0,0,"No","Other","None",0,7,2009,132500,0,2,50
"50","RL",60,10800,"Pave","No alley","Reg","Lvl","AllPub","Inside","Gtl","NAmes","Other","Norm","1Fam","Other",4,7,1949,1996,"Gable","CompShg","MetalSd","MetalSd","None",0,"TA","TA","CBlock","TA","TA","No","Unf",0,"Unf",0,832,832,"GasA","TA","Y","Other",832,629,0,1461,0,0,2,0,4,1,"TA",6,"Typ",0,"No fireplace","Other","Unf","Other","TA","TA","Y",0,204,0,0,0,0,"No","No fence","None",0,8,2009,133500,204,2,13
"60","RL",76,7570,"Pave","No alley","Reg","Lvl","AllPub","Other","Gtl","NAmes","Norm","Norm","1Fam","Other",6,5,1964,1964,"Gable","CompShg","HdBoard","HdBoard","Other",420,"TA","TA","CBlock","TA","TA","No","Unf",0,"Unf",0,780,780,"GasA","TA","Y","SBrkr",993,813,0,1806,0,0,1,1,4,1,"TA",8,"Typ",0,"No fireplace","Attchd","Unf","2","TA","TA","Y",0,55,0,0,0,0,"No","No fence","None",0,3,2009,144750,55,1.5,45
"90","RL",75,8604,"Pave","No alley","Other","Lvl","AllPub","Inside","Gtl","NAmes","Norm","Norm","Other","Other",5,7,1978,1978,"Gable","CompShg","Plywood","Plywood","Other",124,"TA","Other","CBlock","Gd","TA","Other","GLQ",941,"Unf",0,0,941,"GasA","Other","Y","SBrkr",941,0,0,941,1,0,1,0,2,1,"Other",4,"Typ",0,"No fireplace","Attchd","Unf","2","TA","TA","Y",0,40,0,0,0,0,"No","No fence","None",0,11,2009,145000,40,2,31
"20","RL",80,7936,"Pave","No alley","Reg","Lvl","AllPub","Inside","Gtl","NAmes","Norm","Norm","1Fam","1Story",6,6,1963,1963,"Other","CompShg","HdBoard","HdBoard","None",0,"TA","TA","CBlock","TA","TA","No","BLQ",826,"Unf",0,219,1045,"GasA","TA","Y","SBrkr",1045,0,0,1045,1,0,1,0,3,1,"TA",6,"Typ",1,"Other","Attchd","RFn","Other","TA","TA","Y",0,0,0,0,0,0,"No","No fence","None",0,4,2009,127000,0,2,46
"20","RL",60,6600,"Pave","No alley","Reg","Lvl","AllPub","Inside","Gtl","NAmes","Other","Norm","1Fam","1Story",5,5,1962,1962,"Other","CompShg","MetalSd","MetalSd","None",0,"TA","TA","CBlock","TA","TA","No","Unf",0,"Unf",0,894,894,"GasA","Other","Other","SBrkr",894,0,0,894,0,0,1,0,2,1,"TA",5,"Typ",0,"No fireplace","Other","Unf","Other","TA","TA","Y",0,0,0,0,0,0,"No","No fence","None",0,8,2009,109500,0,1,47
"50","Other",0,3950,"Pave","Other","Reg","Other","AllPub","Inside","Gtl","OldTown","Other","Norm","1Fam","Other",6,8,1926,2004,"Gable","CompShg","MetalSd","MetalSd","None",0,"TA","TA","CBlock","TA","TA","No","Rec",468,"Unf",0,350,818,"GasA","TA","Y","SBrkr",818,406,0,1224,0,0,1,0,3,1,"TA",5,"Typ",0,"No fireplace","Other","Unf","Other","TA","TA","Other",0,0,116,0,0,0,"No","No fence","None",0,12,2009,115000,116,1,5
"50","Other",60,10440,"Pave","Other","Reg","Lvl","AllPub","Other","Gtl","OldTown","Norm","Norm","1Fam","Other",5,6,1910,1981,"Gable","CompShg","Wd Sdng","Wd Sdng","None",0,"TA","TA","PConc","TA","TA","No","Unf",0,"Unf",0,440,440,"GasA","Other","Y","SBrkr",682,548,0,1230,0,0,1,1,2,1,"TA",5,"Typ",0,"No fireplace","Other","Unf","2","TA","TA","Y",74,0,128,0,0,0,"No","Other","None",0,5,2009,110000,128,1.5,28
"50","Other",68,4080,"Pave","Other","Reg","Lvl","AllPub","Inside","Gtl","OldTown","Norm","Norm","1Fam","Other",6,8,1935,1998,"Gable","CompShg","Wd Sdng","Wd Sdng","None",0,"TA","TA","PConc","TA","TA","No","Unf",0,"Unf",0,901,901,"GasA","Other","Y","SBrkr",861,517,0,1378,0,0,1,0,3,1,"Other",6,"Typ",0,"No fireplace","Other","Unf","Other","Other","Other","Other",54,0,40,0,0,0,"No","No fence","None",0,6,2009,128900,40,1,11
"90","Other",57,10307,"Pave","Other","Reg","Lvl","AllPub","Inside","Gtl","OldTown","Norm","Norm","Other","Other",6,5,1910,1950,"Gable","CompShg","Wd Sdng","Wd Sdng","None",0,"TA","TA","CBlock","TA","TA","Other","Other",633,"Unf",0,339,972,"GasA","Other","Other","Other",972,972,0,1944,1,0,2,0,4,2,"TA",12,"Typ",0,"No fireplace","Other","Unf","2","Other","TA","Other",0,28,169,0,0,0,"No","No fence","None",0,6,2009,103500,197,3,59
"50","Other",90,15660,"Pave","No alley","Reg","Lvl","AllPub","Inside","Gtl","OldTown","Norm","Norm","1Fam","Other",5,8,1910,2003,"Gable","CompShg","VinylSd","VinylSd","None",0,"TA","Other","CBlock","TA","TA","No","Unf",0,"Unf",0,240,240,"GasA","TA","Y","SBrkr",810,496,0,1306,0,0,1,1,3,1,"Other",6,"Typ",0,"No fireplace","Other","Unf","2","Other","TA","Other",0,0,0,0,0,0,"No","Other","None",0,7,2009,130000,0,1.5,6
"70","Other",90,9900,"Pave","No alley","Reg","Lvl","AllPub","Other","Gtl","OldTown","Norm","Norm","1Fam","Other",5,8,1910,2002,"Gable","CompShg","VinylSd","VinylSd","None",0,"Other","TA","CBlock","TA","TA","No","Unf",0,"Unf",0,504,504,"GasA","Ex","Y","SBrkr",764,700,0,1464,0,0,2,0,3,1,"TA",7,"Typ",0,"No fireplace","Other","Other","Other","Other","Other","Other",0,0,176,0,0,0,"No","No fence","None",0,3,2009,129000,176,2,7
"70","Other",57,6406,"Pave","Other","Reg","Lvl","AllPub","Inside","Gtl","OldTown","Norm","Norm","1Fam","Other",5,6,1939,1950,"Gable","CompShg","Wd Sdng","Wd Sdng","None",0,"TA","TA","Other","TA","TA","No","ALQ",421,"Unf",0,269,690,"GasA","TA","Y","Other",868,690,0,1558,0,0,1,1,3,1,"TA",7,"Typ",1,"Gd","Other","Unf","2","TA","TA","Y",0,36,0,0,182,0,"No","Other","None",0,10,2009,150000,218,1.5,59
"70","Other",60,6600,"Pave","No alley","Reg","Lvl","AllPub","Other","Gtl","OldTown","Norm","Norm","1Fam","Other",5,4,1892,1965,"Gable","CompShg","Wd Sdng","Wd Sdng","None",0,"TA","TA","Other","TA","TA","No","Unf",0,"Unf",0,994,994,"GasA","TA","Other","SBrkr",1378,994,0,2372,0,0,2,0,4,2,"TA",11,"Other",0,"No fireplace","Attchd","RFn","Other","TA","TA","Y",0,287,0,0,0,0,"No","No fence","None",0,12,2009,107500,287,2,44
"190","Other",63,7627,"Pave","No alley","Reg","Lvl","AllPub","Other","Gtl","OldTown","Other","Norm","Other","Other",4,6,1920,1950,"Gable","CompShg","AsbShng","AsbShng","None",0,"Other","TA","Other","Other","Other","No","Unf",0,"Unf",0,600,600,"GasA","Other","Other","SBrkr",1101,600,0,1701,0,0,2,0,4,2,"Other",8,"Typ",0,"No fireplace","Other","Other","Other","Other","Other","Other",0,0,148,0,0,0,"No","No fence","None",0,10,2009,94550,148,2,59
"90","Other",60,7596,"Pave","Other","Reg","Lvl","AllPub","Inside","Gtl","OldTown","Other","Norm","Other","Other",5,5,1952,1952,"Other","CompShg","Wd Sdng","Wd Sdng","Other",360,"TA","TA","CBlock","TA","TA","No","Unf",0,"Unf",0,960,960,"GasA","Other","Y","SBrkr",960,1000,0,1960,0,0,2,0,4,2,"TA",10,"Typ",0,"No fireplace","Other","Unf","2","TA","TA","Other",0,0,0,0,0,0,"No","No fence","None",0,7,2009,124500,0,2,57
"60","Other",60,3378,"Pave","Other","Reg","Other","AllPub","Inside","Gtl","OldTown","Norm","Norm","1Fam","Other",7,8,1946,1992,"Gable","CompShg","HdBoard","HdBoard","None",0,"TA","Other","CBlock","TA","TA","No","Unf",0,"Unf",0,651,651,"GasA","Other","Y","SBrkr",707,682,0,1389,0,0,1,1,3,1,"TA",6,"Typ",2,"Gd","Other","Unf","Other","TA","TA","Other",0,0,126,0,0,0,"No","No fence","None",0,9,2009,135000,126,1.5,17
"50","Other",56,10134,"Pave","Other","Reg","Lvl","AllPub","Inside","Gtl","OldTown","Norm","Norm","1Fam","Other",5,5,1910,1950,"Gable","CompShg","MetalSd","MetalSd","None",0,"TA","TA","Other","Other","TA","No","Unf",0,"Unf",0,801,801,"GasA","Other","Other","SBrkr",801,646,0,1447,0,0,1,0,3,1,"TA",6,"Typ",0,"No fireplace","Other","Other","Other","Other","Other","Other",80,0,244,0,0,0,"No","No fence","None",0,7,2009,103000,244,1,59
"20","Other",60,6000,"Pave","Other","Reg","Other","AllPub","Inside","Other","OldTown","Norm","Norm","Other","1Story",4,4,1953,1953,"Gable","CompShg","MetalSd","MetalSd","None",0,"Other","TA","CBlock","Other","TA","No","Unf",0,"Unf",0,936,936,"GasA","TA","Other","SBrkr",936,0,0,936,0,0,1,0,2,1,"TA",4,"Other",0,"No fireplace","Other","Unf","2","TA","TA","Y",0,32,112,0,0,0,"No","No fence","None",0,2,2009,93000,144,1,56
"50","Other",50,6000,"Pave","No alley","Reg","Lvl","AllPub","Inside","Gtl","OldTown","Norm","Norm","1Fam","Other",5,7,1950,1970,"Gable","CompShg","Wd Sdng","Wd Sdng","None",0,"TA","Other","CBlock","TA","TA","No","BLQ",384,"Unf",0,384,768,"GasA","TA","Y","Other",768,560,0,1328,0,0,1,1,3,1,"TA",6,"Typ",0,"No fireplace","Other","Unf","Other","TA","TA","Y",0,12,0,0,0,0,"No","Other","None",0,3,2009,129500,12,1.5,39
"190","Other",50,6000,"Pave","No alley","Reg","Lvl","AllPub","Inside","Gtl","OldTown","Norm","Norm","Other","Other",5,4,1954,1954,"Gable","CompShg","Wd Sdng","Wd Sdng","None",0,"TA","TA","CBlock","TA","TA","No","Unf",0,"Unf",0,811,811,"GasA","TA","Y","Other",811,576,0,1387,0,0,2,0,3,2,"Other",7,"Typ",0,"No fireplace","Other","Unf","Other","TA","TA","Y",0,0,0,0,0,0,"No","No fence","None",0,11,2009,93000,0,2,55
"30","Other",62,7404,"Pave","No alley","Reg","Lvl","AllPub","Other","Gtl","OldTown","Norm","Norm","1Fam","1Story",4,6,1920,1950,"Gable","CompShg","MetalSd","MetalSd","None",0,"TA","TA","Other","Other","TA","No","Unf",0,"Unf",0,861,861,"GasA","TA","Y","SBrkr",861,0,0,861,0,0,1,0,2,1,"TA",5,"Typ",0,"No fireplace","Other","Unf","2","TA","TA","Other",0,0,128,0,0,0,"No","No fence","None",0,11,2009,80000,128,1,59
"30","Other",50,5925,"Pave","No alley","Reg","Lvl","AllPub","Other","Gtl","OldTown","Norm","Norm","1Fam","1Story",2,4,1940,1950,"Gable","CompShg","MetalSd","MetalSd","None",0,"TA","Other","Other","Other","Other","Other","Other",0,"Other",0,0,0,"GasA","Other","Other","Other",612,0,0,612,0,0,1,0,1,1,"TA",4,"Typ",0,"No fireplace","Other","Unf","Other","TA","Other","Other",0,0,25,0,0,0,"No","No fence","None",0,10,2009,45000,25,1,59
"30","Other",50,5784,"Pave","No alley","Reg","Lvl","AllPub","Inside","Gtl","OldTown","Other","Norm","1Fam","1Story",5,8,1938,1996,"Gable","CompShg","MetalSd","MetalSd","None",0,"TA","TA","Other","Other","TA","No","Unf",0,"Unf",0,190,190,"GasA","Other","Y","Other",886,0,0,886,0,0,1,0,2,1,"TA",4,"Typ",0,"No fireplace","Attchd","Unf","Other","TA","TA","Y",144,20,80,0,0,0,"No","No fence","None",0,12,2009,91300,100,1,13
"30","Other",60,8520,"Pave","No alley","Reg","Lvl","AllPub","Inside","Gtl","OldTown","Norm","Norm","1Fam","1Story",5,8,1923,1950,"Gable","CompShg","Stucco","Stucco","None",0,"Other","TA","PConc","Other","TA","No","Unf",0,"Unf",0,624,624,"GasA","TA","Y","SBrkr",792,0,0,792,0,0,1,0,2,1,"TA",5,"Typ",0,"No fireplace","Other","Unf","Other","TA","TA","Y",0,0,81,0,0,0,"No","Other","None",0,2,2009,99500,81,1,59
"70","Other",60,9600,"Pave","No alley","Reg","Lvl","AllPub","Inside","Gtl","OldTown","Norm","Norm","1Fam","Other",4,4,1910,1950,"Gable","CompShg","VinylSd","VinylSd","None",0,"Other","Other","Other","Other","TA","No","Unf",0,"Unf",0,677,677,"GasA","TA","Y","SBrkr",833,677,0,1510,0,0,2,0,3,1,"Other",7,"Typ",0,"No fireplace","Other","Unf","2","TA","TA","Other",0,0,160,0,0,0,"No","No fence","None",0,6,2009,87500,160,2,59
"50","Other",50,3500,"Pave","Other","Reg","Lvl","AllPub","Inside","Gtl","OldTown","Norm","Norm","1Fam","Other",5,7,1947,1950,"Gable","CompShg","AsbShng","AsbShng","None",0,"TA","TA","CBlock","TA","TA","No","Other",312,"Unf",0,408,720,"GasA","TA","Y","SBrkr",720,564,0,1284,0,0,1,1,2,1,"TA",5,"Typ",0,"No fireplace","Other","Unf","Other","TA","TA","Y",0,35,0,0,0,0,"No","Other","None",0,4,2009,110000,35,1.5,59
"75","Other",90,8100,"Pave","No alley","Reg","Lvl","AllPub","Other","Gtl","OldTown","Norm","Norm","1Fam","Other",5,5,1898,1965,"Other","CompShg","AsbShng","AsbShng","None",0,"TA","TA","PConc","TA","TA","No","Unf",0,"Unf",0,849,849,"GasA","TA","Other","Other",1075,1063,0,2138,0,0,2,0,2,3,"TA",11,"Typ",0,"No fireplace","Other","Unf","2","Other","Other","Other",40,156,0,0,0,0,"No","Other","None",0,11,2009,106000,156,2,44
"70","Other",65,11700,"Pave","Other","Other","Lvl","AllPub","Other","Gtl","OldTown","Norm","Norm","1Fam","Other",7,7,1880,2003,"Other","CompShg","Stucco","Stucco","None",0,"Other","TA","Other","TA","Other","No","Unf",0,"Unf",0,1240,1240,"Other","TA","Other","SBrkr",1320,1320,0,2640,0,0,1,1,4,1,"Other",8,"Typ",1,"Gd","Other","Unf","Other","TA","TA","Other",181,0,386,0,0,0,"No","No fence","None",0,5,2009,265979,386,1.5,6
"70","Other",70,8400,"Pave","No alley","Reg","Lvl","AllPub","Other","Gtl","OldTown","Other","Norm","1Fam","Other",6,7,1900,1950,"Gable","CompShg","Stucco","BrkFace","None",0,"TA","TA","Other","Other","Other","Other","Unf",0,"Unf",0,917,917,"GasA","Other","Y","Other",1090,917,0,2007,0,0,2,0,3,1,"Other",8,"Typ",0,"No fireplace","Other","Unf","Other","TA","TA","Y",0,235,0,0,0,0,"No","No fence","None",0,6,2009,160000,235,2,59
"70","Other",60,3600,"Pave","Other","Reg","Lvl","AllPub","Inside","Gtl","OldTown","Norm","Norm","1Fam","Other",6,7,1917,2007,"Gable","CompShg","Stucco","Stucco","None",0,"TA","TA","Other","TA","TA","No","Unf",0,"Unf",0,624,624,"GasA","Ex","Y","SBrkr",664,624,0,1288,1,0,1,0,3,1,"Other",5,"Typ",1,"Gd","Attchd","Unf","Other","TA","TA","Other",0,103,0,0,0,0,"No","No fence","None",0,5,2009,119000,103,2,2
"70","Other",121,17671,"Pave","Other","Reg","Lvl","AllPub","Other","Gtl","OldTown","Other","Norm","1Fam","Other",8,9,1882,1986,"Gable","CompShg","Wd Sdng","Wd Sdng","None",0,"Other","Other","Other","TA","TA","No","BLQ",216,"Unf",0,700,916,"GasA","Other","Y","SBrkr",916,826,0,1742,0,0,1,1,4,1,"Other",8,"Typ",1,"Gd","Attchd","Unf","2","TA","TA","Other",0,169,0,0,0,0,"No","No fence","None",0,11,2009,168000,169,1.5,23
"70","Other",50,9000,"Pave","No alley","Reg","Lvl","AllPub","Inside","Gtl","OldTown","Other","Norm","1Fam","Other",7,9,1920,1988,"Other","CompShg","VinylSd","VinylSd","None",0,"TA","Other","PConc","TA","TA","No","ALQ",624,"Unf",0,26,650,"GasA","Ex","Y","SBrkr",832,650,0,1482,0,1,1,0,3,1,"TA",7,"Typ",0,"No fireplace","Other","Unf","2","TA","TA","Y",0,0,0,0,0,0,"No","No fence","None",0,7,2009,143000,0,1.5,21
"30","Other",60,7200,"Pave","No alley","Reg","Lvl","AllPub","Inside","Gtl","OldTown","Norm","Norm","1Fam","1Story",5,4,1910,2006,"Other","CompShg","MetalSd","Stucco","None",0,"TA","TA","Other","TA","TA","No","ALQ",247,"Other",465,310,1022,"Other","TA","Other","SBrkr",1022,0,0,1022,1,0,1,0,2,1,"TA",4,"Other",0,"No fireplace","Other","Unf","Other","TA","TA","Y",0,30,226,0,0,0,"No","No fence","None",0,6,2009,85000,256,2,3
"50","Other",98,8820,"Pave","No alley","Reg","Lvl","AllPub","Other","Gtl","OldTown","Norm","Norm","1Fam","Other",5,6,1890,1996,"Other","CompShg","VinylSd","VinylSd","None",0,"TA","TA","Other","TA","TA","No","Other",1088,"Unf",0,0,1088,"GasA","TA","Y","SBrkr",1188,561,120,1869,0,0,1,0,2,1,"TA",7,"Typ",0,"No fireplace","Other","Unf","2","TA","TA","Y",48,0,244,0,0,0,"No","Other","None",0,9,2009,124900,244,1,13
"70","Other",60,9720,"Pave","Other","Reg","Lvl","AllPub","Inside","Gtl","OldTown","Norm","Norm","1Fam","Other",6,7,1910,2002,"Gable","CompShg","MetalSd","MetalSd","None",0,"TA","TA","PConc","TA","TA","No","Unf",0,"Unf",0,741,741,"GasA","Ex","Y","SBrkr",780,741,0,1521,0,0,1,0,4,1,"Other",8,"Typ",0,"No fireplace","Other","Unf","Other","TA","TA","Y",0,0,238,0,0,0,"No","Other","None",0,9,2009,146500,238,1,7
"70","RL",144,21384,"Pave","No alley","Reg","Lvl","AllPub","Inside","Gtl","BrkSide","Norm","Norm","1Fam","Other",5,6,1923,2004,"Gable","CompShg","Wd Sdng","Wd Sdng","None",0,"TA","TA","CBlock","TA","TA","Other","GLQ",1309,"Unf",0,15,1324,"GasA","Ex","Y","SBrkr",1072,504,0,1576,2,0,1,1,3,1,"Other",6,"Typ",1,"TA","Attchd","RFn","2","TA","TA","Y",0,312,0,0,0,0,"No","No fence","None",0,5,2009,223500,312,3.5,5
"30","RL",0,6615,"Pave","No alley","Reg","Lvl","AllPub","Inside","Gtl","BrkSide","Norm","Norm","1Fam","1Story",6,6,1923,1950,"Gable","CompShg","MetalSd","MetalSd","None",0,"TA","TA","Other","TA","TA","No","Unf",0,"Unf",0,1022,1022,"GasA","TA","Other","Other",1432,0,0,1432,0,0,1,0,3,1,"Other",6,"Typ",1,"Gd","Other","Unf","Other","Other","TA","Y",266,61,0,0,0,0,"No","Other","None",0,9,2009,149000,61,1,59
"50","RL",55,7264,"Pave","No alley","Reg","Lvl","AllPub","Inside","Gtl","BrkSide","Norm","Norm","1Fam","Other",7,7,1925,2007,"Gable","CompShg","Wd Sdng","Wd Sdng","None",0,"Other","Other","Other","TA","TA","No","Unf",0,"Unf",0,952,952,"Other","Other","Other","SBrkr",952,596,0,1548,0,0,2,1,3,1,"Other",5,"Typ",0,"No fireplace","Other","Unf","2","TA","TA","Y",74,0,0,0,144,0,"No","No fence","None",0,10,2009,205000,144,2.5,2
"70","RL",50,4960,"Pave","No alley","Reg","Lvl","AllPub","Inside","Gtl","BrkSide","Other","Norm","1Fam","Other",5,7,1930,1982,"Gable","CompShg","WdShing","Wd Shng","None",0,"TA","TA","CBlock","TA","TA","No","Unf",0,"Unf",0,297,297,"GasA","Ex","Y","SBrkr",1001,653,0,1654,0,0,2,0,3,1,"TA",7,"Typ",1,"Gd","Other","Unf","Other","TA","TA","Other",244,60,0,0,0,0,"No","No fence","None",0,5,2009,137000,60,2,27
"30","RL",0,8854,"Pave","No alley","Reg","Lvl","AllPub","Inside","Gtl","BrkSide","Norm","Norm","1Fam","Other",6,6,1916,1950,"Gable","CompShg","Wd Sdng","Wd Sdng","None",0,"TA","TA","Other","TA","TA","No","Unf",0,"Unf",0,952,952,"Other","Other","Other","Other",952,0,0,952,0,0,1,0,2,1,"Other",4,"Typ",1,"Gd","Other","Unf","Other","Other","Other","Other",0,98,0,0,40,0,"No","No fence","None",0,5,2009,121000,138,1,59
"50","Other",50,6000,"Pave","No alley","Reg","Lvl","AllPub","Inside","Gtl","BrkSide","Norm","Norm","1Fam","Other",4,6,1936,1950,"Gable","CompShg","MetalSd","MetalSd","None",0,"TA","TA","Other","TA","TA","No","BLQ",672,"Unf",0,0,672,"GasA","TA","Y","SBrkr",757,567,0,1324,0,0,1,0,3,1,"TA",6,"Typ",0,"No fireplace","Other","Unf","Other","TA","TA","Y",0,0,0,0,0,0,"No","No fence","None",0,7,2009,128000,0,1,59
"50","Other",50,6000,"Pave","No alley","Reg","Lvl","AllPub","Inside","Gtl","BrkSide","Norm","Norm","1Fam","Other",6,9,1937,2000,"Gable","CompShg","MetalSd","MetalSd","None",0,"Other","TA","Other","TA","TA","No","Unf",0,"Unf",0,698,698,"GasA","TA","Y","SBrkr",786,390,0,1176,0,0,1,0,2,1,"TA",4,"Typ",0,"No fireplace","Other","Unf","2","TA","TA","Other",210,0,0,0,0,0,"No","No fence","None",0,7,2009,134900,0,1,9
"50","Other",50,6000,"Pave","No alley","Reg","Lvl","AllPub","Other","Gtl","BrkSide","Norm","Norm","1Fam","Other",5,8,1925,1997,"Gable","CompShg","Wd Sdng","Wd Sdng","None",0,"TA","TA","Other","TA","TA","No","Unf",0,"Unf",0,884,884,"GasA","Ex","Y","SBrkr",884,464,0,1348,1,0,1,0,3,1,"TA",5,"Typ",1,"Other","Other","Unf","Other","TA","TA","Other",0,0,208,0,0,0,"No","No fence","None",0,5,2009,117000,208,2,12
"50","Other",50,6000,"Pave","No alley","Reg","Lvl","AllPub","Inside","Gtl","BrkSide","Norm","Norm","1Fam","Other",6,6,1939,1950,"Gable","CompShg","MetalSd","MetalSd","None",0,"TA","Other","CBlock","TA","TA","No","Unf",0,"Unf",0,780,780,"GasA","Ex","Y","Other",825,587,0,1412,0,0,1,0,4,1,"TA",6,"Typ",1,"Gd","Other","Unf","Other","TA","TA","Y",45,0,0,0,0,0,"No","No fence","None",0,5,2009,132500,0,1,59
"50","Other",60,6000,"Pave","No alley","Reg","Lvl","AllPub","Other","Gtl","BrkSide","Norm","Norm","1Fam","Other",5,5,1924,1950,"Gable","CompShg","Stucco","Stucco","Other",444,"TA","TA","Other","TA","TA","No","Rec",220,"Unf",0,248,468,"GasA","Other","Y","SBrkr",822,320,0,1142,0,0,1,0,3,1,"TA",6,"Typ",0,"No fireplace","Attchd","Fin","Other","TA","TA","Y",0,0,98,0,0,0,"No","No fence","None",0,6,2009,93000,98,1,59
"45","Other",50,6000,"Pave","No alley","Reg","Lvl","AllPub","Inside","Gtl","BrkSide","Norm","Norm","1Fam","Other",6,7,1926,2004,"Gable","CompShg","Wd Sdng","Wd Sdng","None",0,"Other","TA","PConc","TA","TA","No","Unf",0,"Unf",0,884,884,"GasA","Other","Y","SBrkr",904,0,0,904,0,0,1,0,2,1,"TA",4,"Typ",0,"No fireplace","Other","Unf","Other","TA","TA","Y",0,0,105,0,0,0,"No","No fence","None",0,1,2009,119000,105,1,5
"30","Other",60,6911,"Pave","No alley","Reg","Lvl","AllPub","Other","Gtl","BrkSide","Other","Norm","1Fam","1Story",5,5,1924,1950,"Gable","CompShg","Wd Sdng","Wd Sdng","None",0,"TA","TA","PConc","TA","TA","Other","Other",405,"Unf",0,740,1145,"GasA","TA","Y","SBrkr",1301,0,0,1301,0,0,1,0,2,1,"Other",5,"Other",0,"No fireplace","Other","Unf","2","TA","TA","Y",0,0,0,0,0,0,"No","No fence","None",0,10,2009,100000,0,1,59
"50","Other",51,6120,"Pave","No alley","Reg","Lvl","AllPub","Other","Gtl","BrkSide","Norm","Norm","1Fam","Other",5,6,1936,1950,"Gable","CompShg","Wd Sdng","Wd Sdng","None",0,"TA","Other","Other","TA","TA","No","Unf",0,"Unf",0,927,927,"GasA","TA","Y","SBrkr",1067,472,0,1539,0,0,1,1,3,1,"TA",5,"Typ",0,"No fireplace","Other","Unf","2","TA","TA","Y",112,0,0,0,0,0,"No","Other","None",0,4,2009,141500,0,1.5,59
"50","Other",51,6120,"Pave","No alley","Reg","Lvl","AllPub","Inside","Gtl","BrkSide","Norm","Norm","1Fam","Other",4,7,1935,1995,"Gable","CompShg","AsbShng","AsbShng","None",0,"TA","TA","Other","TA","TA","No","Unf",0,"Unf",0,884,884,"GasA","Ex","Y","SBrkr",989,584,0,1573,0,0,1,0,3,1,"Other",6,"Typ",0,"No fireplace","Other","Unf","Other","TA","TA","Y",0,0,54,0,120,0,"No","No fence","None",0,7,2009,133000,174,1,14
"30","Other",51,6120,"Pave","No alley","Reg","Lvl","AllPub","Inside","Gtl","BrkSide","Norm","Norm","1Fam","1Story",2,3,1936,1950,"Gable","CompShg","AsbShng","AsbShng","None",0,"Other","Other","Other","TA","Other","No","Unf",0,"Unf",0,264,264,"Other","Other","Other","Other",800,0,0,800,0,0,1,0,1,1,"Other",4,"Other",1,"Other","Other","Other","Other","Other","Other","Other",0,0,0,0,0,0,"No","No fence","None",0,1,2009,60000,0,1,59
"30","Other",51,6120,"Pave","No alley","Reg","Lvl","AllPub","Other","Gtl","BrkSide","Norm","Norm","1Fam","1Story",5,7,1931,1993,"Gable","CompShg","Wd Sdng","Wd Sdng","None",0,"TA","TA","Other","TA","TA","No","BLQ",209,"Unf",0,506,715,"GasA","TA","Y","Other",875,0,0,875,1,0,1,0,2,1,"TA",5,"Typ",0,"No fireplace","Other","Unf","Other","Other","TA","Y",48,0,0,0,0,0,"No","No fence","None",0,11,2009,105000,0,2,16
"50","Other",51,6120,"Pave","No alley","Reg","Lvl","AllPub","Inside","Gtl","BrkSide","Norm","Norm","1Fam","Other",5,6,1938,1950,"Gable","CompShg","Wd Sdng","Wd Sdng","None",0,"TA","TA","Other","TA","Other","No","Other",273,"Unf",0,679,952,"GasA","TA","Y","Other",994,588,0,1582,0,0,2,0,3,1,"TA",6,"Typ",1,"Gd","Other","Unf","Other","Other","TA","Y",189,0,34,150,0,0,"No","No fence","None",0,2,2009,150000,184,2,59
"30","Other",50,8635,"Pave","No alley","Reg","Lvl","AllPub","Inside","Gtl","BrkSide","Norm","Norm","1Fam","1Story",5,5,1925,1950,"Other","CompShg","Wd Sdng","Wd Sdng","None",0,"TA","Other","Other","TA","TA","No","Other",134,"Unf",0,938,1072,"GasA","TA","Y","SBrkr",1072,0,0,1072,1,0,1,0,2,1,"TA",5,"Typ",0,"No fireplace","Other","Unf","Other","Other","TA","Other",0,0,105,0,0,0,"No","No fence","None",0,8,2009,126500,105,2,59
"75","RL",0,11888,"Pave","Other","Other","Other","AllPub","Inside","Gtl","BrkSide","Other","Norm","1Fam","Other",6,6,1916,1994,"Gable","CompShg","Wd Sdng","Wd Shng","None",0,"TA","TA","Other","TA","TA","No","Unf",0,"Unf",0,844,844,"GasA","Other","Other","Other",1445,689,0,2134,0,0,2,0,5,1,"Other",10,"Typ",0,"No fireplace","Other","Unf","2","TA","TA","Y",0,60,268,0,0,0,"No","No fence","None",0,7,2009,214500,328,2,15
"70","RL",60,11414,"Pave","No alley","Other","Lvl","AllPub","Other","Gtl","BrkSide","Other","Other","1Fam","Other",7,8,1910,1993,"Gable","CompShg","HdBoard","HdBoard","None",0,"TA","Other","Other","Gd","TA","No","Unf",0,"Unf",0,728,728,"GasA","TA","Other","SBrkr",1136,883,0,2019,0,0,1,0,3,1,"Other",8,"Typ",0,"No fireplace","Other","Unf","2","TA","TA","Y",509,135,0,0,0,0,"No","Other","None",0,10,2009,167500,135,1,16
"70","Other",57,8094,"Pave","Other","Reg","Lvl","AllPub","Inside","Gtl","OldTown","Norm","Norm","1Fam","Other",6,6,1915,1950,"Gable","CompShg","MetalSd","MetalSd","None",0,"TA","TA","PConc","TA","TA","No","Unf",0,"Unf",0,1048,1048,"GasA","Other","Y","Other",1048,720,0,1768,0,0,2,0,3,1,"TA",8,"Typ",0,"No fireplace","Other","Unf","2","Other","Other","Y",0,0,150,0,0,0,"No","No fence","None",0,6,2009,155000,150,2,59
"70","Other",50,2500,"Pave","Other","Reg","Lvl","AllPub","Other","Gtl","OldTown","Norm","Norm","1Fam","Other",7,8,1915,2005,"Gable","CompShg","Stucco","Stucco","None",0,"Other","TA","PConc","TA","TA","No","ALQ",299,"Unf",0,611,910,"GasA","Ex","Y","SBrkr",916,910,0,1826,1,0,1,1,4,1,"Other",7,"Other",1,"Gd","Attchd","Unf","Other","Other","Other","Y",0,0,0,0,0,0,"No","No fence","None",0,6,2009,155000,0,2.5,4
"70","Other",68,9928,"Pave","Other","Reg","Lvl","AllPub","Inside","Gtl","OldTown","Norm","Norm","1Fam","Other",7,8,1915,1994,"Gable","CompShg","Wd Sdng","Wd Sdng","None",0,"TA","Other","Other","TA","TA","No","Unf",0,"Unf",0,672,672,"GasA","Other","Y","SBrkr",1272,672,0,1944,0,0,2,0,3,1,"TA",8,"Other",0,"No fireplace","Other","Unf","Other","TA","TA","Other",24,28,0,0,0,0,"No","No fence","Other",400,6,2009,179900,28,2,15
"70","Other",57,6876,"Pave","No alley","Reg","Lvl","AllPub","Inside","Gtl","IDOTRR","Norm","Norm","1Fam","Other",6,5,1927,1950,"Gable","CompShg","Plywood","Plywood","None",0,"TA","TA","CBlock","TA","Other","No","BLQ",522,"Unf",0,198,720,"GasA","Other","Y","SBrkr",1146,784,0,1930,1,0,2,0,4,1,"TA",8,"Typ",0,"No fireplace","Attchd","Unf","Other","TA","TA","Y",0,0,213,0,0,0,"No","Other","None",0,8,2009,149000,213,3,59
"30","Other",52,6240,"Pave","Other","Reg","Lvl","AllPub","Inside","Gtl","IDOTRR","Norm","Norm","1Fam","Other",4,5,1925,1950,"Gable","CompShg","MetalSd","MetalSd","None",0,"TA","TA","CBlock","TA","TA","No","BLQ",152,"Unf",0,628,780,"GasA","TA","Y","Other",848,0,360,1208,0,0,1,0,2,1,"TA",5,"Typ",0,"No fireplace","Other","Unf","2","TA","TA","Y",0,23,112,0,0,0,"No","No fence","None",0,1,2009,103000,135,1,59
"70","Other",0,5775,"Pave","No alley","Other","Other","AllPub","Other","Other","OldTown","Other","Norm","1Fam","Other",6,7,1915,2002,"Gable","CompShg","Wd Sdng","Wd Sdng","None",0,"TA","TA","Other","TA","TA","No","Unf",0,"Unf",0,483,483,"GasA","Ex","Y","SBrkr",741,686,0,1427,0,0,1,0,3,1,"Other",7,"Typ",0,"No fireplace","Attchd","Unf","Other","TA","TA","Y",0,24,112,0,0,0,"No","No fence","None",0,2,2009,123000,136,1,7
"190","Other",41,5852,"Pave","No alley","Other","Other","AllPub","Other","Gtl","OldTown","Other","Norm","Other","Other",7,5,1902,2000,"Gable","CompShg","MetalSd","MetalSd","Other",188,"TA","Other","Other","TA","Other","No","Rec",169,"Unf",0,851,1020,"GasA","TA","Other","Other",978,886,0,1864,0,0,2,1,6,1,"TA",9,"Typ",0,"No fireplace","Other","Other","Other","Other","Other","Other",0,188,102,0,0,0,"No","No fence","None",0,5,2009,97500,290,2.5,9
"50","Other",60,5160,"Pave","No alley","Reg","Lvl","AllPub","Other","Gtl","IDOTRR","Norm","Norm","1Fam","Other",6,6,1927,1950,"Gable","CompShg","MetalSd","MetalSd","None",0,"TA","Other","Other","TA","TA","No","Unf",0,"Unf",0,1204,1204,"GasA","TA","Y","Other",1204,462,0,1666,0,0,1,0,3,1,"TA",4,"Typ",0,"No fireplace","Other","Unf","Other","Other","TA","Y",0,0,148,0,0,0,"No","No fence","None",0,8,2009,135000,148,1,59
"190","Other",60,10320,"Pave","Other","Reg","Other","AllPub","Inside","Gtl","IDOTRR","Other","Norm","Other","Other",6,7,1915,1965,"Gable","CompShg","MetalSd","MetalSd","None",0,"TA","Other","CBlock","TA","TA","No","Rec",276,"Other",262,160,698,"GasA","Ex","Y","Other",754,649,0,1403,1,0,1,1,3,1,"TA",7,"Typ",0,"No fireplace","Other","Unf","Other","TA","TA","Y",0,0,288,0,0,0,"No","No fence","None",0,2,2009,116000,288,2.5,44
"20","RL",50,4280,"Pave","No alley","Other","Lvl","AllPub","Inside","Gtl","Sawyer","Norm","Norm","1Fam","1Story",4,9,1946,2001,"Gable","CompShg","MetalSd","MetalSd","None",0,"TA","Other","CBlock","Other","TA","No","Unf",0,"Unf",0,560,560,"GasA","Ex","Y","Other",704,0,0,704,0,1,1,0,2,1,"Other",4,"Typ",0,"No fireplace","Other","Unf","Other","TA","TA","Y",0,0,24,0,0,0,"No","No fence","None",0,9,2009,88750,24,1.5,8
"90","RL",0,10547,"Pave","No alley","Other","Lvl","AllPub","Inside","Gtl","Edwards","Norm","Norm","Other","Other",5,5,1978,1978,"Gable","CompShg","Plywood","Plywood","None",0,"TA","TA","PConc","Gd","Other","Other","GLQ",1152,"Unf",0,0,1152,"GasA","TA","Y","SBrkr",1152,0,0,1152,2,0,2,0,2,2,"TA",6,"Typ",0,"No fireplace","Other","Unf","Other","TA","Other","Other",0,0,0,0,0,0,"No","No fence","None",0,7,2009,159900,0,4,31
"30","RL",0,10020,"Pave","No alley","Other","Other","AllPub","Inside","Other","Edwards","Norm","Norm","1Fam","1Story",1,1,1922,1950,"Gable","CompShg","Wd Sdng","Wd Sdng","None",0,"Other","Other","Other","Other","Other","Other","BLQ",350,"Unf",0,333,683,"GasA","Other","Other","Other",904,0,0,904,1,0,0,1,1,1,"Other",4,"Other",0,"No fireplace","Other","Other","Other","Other","Other","Y",0,0,0,0,0,0,"No","No fence","None",0,3,2009,61000,0,1.5,59
"70","Other",54,6629,"Pave","No alley","Reg","Lvl","AllPub","Inside","Gtl","Edwards","Other","Norm","1Fam","Other",6,6,1925,1950,"Other","CompShg","Wd Sdng","Wd Sdng","None",0,"TA","Other","Other","TA","TA","No","BLQ",551,"Unf",0,121,672,"GasA","TA","Other","SBrkr",697,672,0,1369,1,0,2,0,3,1,"TA",6,"Typ",0,"No fireplace","Other","Unf","Other","TA","TA","Y",147,0,0,0,0,0,"No","No fence","None",0,7,2009,103600,0,3,59
"50","RL",60,9780,"Pave","No alley","Reg","Lvl","AllPub","Inside","Gtl","Edwards","Norm","Norm","1Fam","Other",5,3,1934,1950,"Gable","CompShg","MetalSd","MetalSd","None",0,"TA","TA","PConc","TA","TA","No","Unf",0,"Unf",0,585,585,"GasA","TA","Other","Other",687,425,0,1112,1,0,2,0,4,1,"TA",6,"Typ",0,"No fireplace","Other","Unf","Other","Other","Other","Other",0,0,0,0,0,0,"No","No fence","None",0,3,2009,63000,0,3,59
"80","RL",70,12886,"Pave","No alley","Other","Lvl","AllPub","Inside","Gtl","Sawyer","Norm","Norm","1Fam","Other",5,6,1963,1999,"Gable","CompShg","HdBoard","HdBoard","None",0,"TA","TA","CBlock","Gd","TA","Other","ALQ",444,"Unf",0,76,520,"GasA","Ex","Y","SBrkr",1464,0,0,1464,0,1,2,0,3,1,"TA",6,"Other",1,"TA","Attchd","RFn","2","TA","TA","Y",302,0,0,0,100,0,"No","No fence","None",0,10,2009,175000,100,2.5,10
"20","RL",80,8816,"Pave","No alley","Reg","Lvl","AllPub","Other","Gtl","Sawyer","Other","Norm","1Fam","1Story",5,6,1963,1963,"Gable","CompShg","VinylSd","VinylSd","None",0,"TA","TA","PConc","TA","TA","No","Rec",651,"Unf",0,470,1121,"GasA","TA","Y","SBrkr",1121,0,0,1121,1,0,1,0,3,1,"TA",5,"Typ",0,"No fireplace","Other","Unf","2","TA","TA","Y",0,80,0,0,0,0,"No","Other","None",0,6,2009,139000,80,2,46
"60","RL",70,11184,"Pave","No alley","Reg","Lvl","AllPub","Inside","Gtl","Sawyer","Norm","Norm","1Fam","Other",6,5,1978,1978,"Other","CompShg","HdBoard","HdBoard","Other",92,"TA","TA","CBlock","TA","TA","No","Other",226,"Other",500,192,918,"GasA","Other","Y","SBrkr",918,765,0,1683,0,0,2,1,3,1,"TA",7,"Typ",1,"TA","Attchd","RFn","2","TA","TA","Y",243,0,0,0,0,0,"No","No fence","None",0,7,2009,172500,0,2.5,31
"20","RL",65,7800,"Pave","No alley","Reg","Lvl","AllPub","Inside","Gtl","Sawyer","Norm","Norm","1Fam","1Story",5,7,1967,2004,"Other","CompShg","HdBoard","HdBoard","Other",89,"TA","TA","PConc","TA","TA","No","ALQ",450,"Unf",0,414,864,"GasA","Ex","Y","SBrkr",899,0,0,899,0,0,1,0,3,1,"Other",5,"Typ",0,"No fireplace","Attchd","Fin","Other","TA","TA","Y",64,0,0,0,0,0,"No","Other","None",0,6,2009,130000,0,1,5
"85","RL",0,8014,"Pave","No alley","Other","Lvl","AllPub","Other","Gtl","Sawyer","Norm","Norm","1Fam","Other",6,5,1978,1978,"Gable","CompShg","Plywood","HdBoard","Other",23,"TA","TA","CBlock","Gd","TA","Other","GLQ",456,"Unf",0,0,456,"GasA","TA","Y","SBrkr",1034,0,0,1034,0,1,1,0,3,1,"TA",5,"Typ",1,"Other","Other","Fin","2","TA","TA","Y",0,0,0,0,0,0,"No","No fence","None",0,6,2009,149900,0,1.5,31
"85","RL",0,7252,"Pave","No alley","Other","Lvl","AllPub","Other","Gtl","Sawyer","Norm","Norm","1Fam","Other",5,5,1982,1982,"Other","CompShg","Wd Sdng","Wd Sdng","None",0,"TA","TA","CBlock","Gd","TA","Other","GLQ",685,"Unf",0,173,858,"GasA","TA","Y","SBrkr",858,0,0,858,1,0,1,0,2,1,"TA",5,"Typ",0,"No fireplace","Other","Unf","2","TA","TA","Y",120,0,0,0,0,0,"No","No fence","None",0,4,2009,134900,0,2,27
"85","RL",74,8740,"Pave","No alley","Other","Lvl","AllPub","Inside","Gtl","Sawyer","Norm","Norm","1Fam","Other",5,6,1982,1982,"Other","CompShg","HdBoard","HdBoard","None",0,"TA","TA","CBlock","TA","TA","Other","ALQ",672,"Unf",0,168,840,"GasA","TA","Y","SBrkr",860,0,0,860,1,0,1,0,2,1,"TA",4,"Typ",0,"No fireplace","Other","Unf","2","TA","TA","Y",0,0,0,0,0,0,"No","No fence","None",0,7,2009,137000,0,2,27
"20","RL",0,11616,"Pave","No alley","Reg","Lvl","AllPub","Inside","Gtl","Sawyer","Norm","Norm","1Fam","1Story",5,5,1962,1962,"Gable","CompShg","Wd Sdng","Wd Sdng","Other",116,"TA","TA","CBlock","TA","TA","No","Other",170,"Other",670,252,1092,"GasA","TA","Y","SBrkr",1092,0,0,1092,0,1,1,0,3,1,"TA",6,"Typ",1,"Other","Attchd","Unf","Other","TA","TA","Y",0,20,144,0,0,0,"No","No fence","None",0,9,2009,139000,164,1.5,47
"80","RL",88,15400,"Pave","No alley","Reg","Lvl","AllPub","Inside","Gtl","Sawyer","Norm","Norm","1Fam","Other",5,5,1961,1961,"Other","CompShg","HdBoard","HdBoard","None",0,"TA","TA","CBlock","TA","Other","No","Unf",0,"Unf",0,552,552,"GasA","TA","Y","SBrkr",904,611,259,1774,0,0,2,0,4,1,"TA",8,"Typ",1,"TA","Attchd","Unf","Other","TA","TA","Y",290,40,0,0,0,0,"No","No fence","None",0,7,2009,165000,40,2,48
"80","RL",88,15312,"Pave","No alley","Reg","Lvl","AllPub","Inside","Gtl","Sawyer","Norm","Norm","1Fam","Other",6,5,1960,1960,"Other","CompShg","Wd Sdng","Wd Sdng","Other",54,"TA","TA","CBlock","TA","TA","Other","BLQ",588,"Unf",0,550,1138,"GasA","Ex","Y","SBrkr",1138,0,0,1138,0,1,1,0,3,1,"TA",6,"Typ",1,"TA","Attchd","RFn","2","TA","TA","Y",0,0,0,0,140,0,"No","Other","None",0,3,2009,148000,140,1.5,49
"80","RL",0,15584,"Pave","No alley","Reg","Lvl","AllPub","Inside","Gtl","ClearCr","Norm","Norm","1Fam","Other",5,5,1956,1956,"Other","CompShg","Wd Sdng","Wd Sdng","Other",366,"TA","TA","CBlock","TA","TA","Other","Unf",0,"Unf",0,825,825,"GasA","Ex","Y","SBrkr",2071,0,0,2071,0,1,1,1,4,1,"TA",9,"Typ",1,"TA","Attchd","Unf","Other","TA","TA","Y",131,28,0,0,0,0,"No","No fence","None",0,10,2009,165000,28,2,53
"20","RL",0,9000,"Pave","No alley","Reg","Lvl","AllPub","Other","Gtl","Sawyer","Norm","Norm","1Fam","1Story",2,2,1947,1950,"Gable","CompShg","Wd Sdng","Wd Sdng","None",0,"TA","TA","Other","Other","Other","Other","Other",0,"Other",0,0,0,"GasA","Other","Other","SBrkr",660,0,0,660,0,0,1,0,2,1,"Other",5,"Other",0,"No fireplace","Other","Other","Other","Other","Other","Other",0,0,100,0,0,0,"No","No fence","None",0,6,2009,63900,100,1,59
"50","RL",0,11250,"Pave","No alley","Reg","Lvl","AllPub","Inside","Gtl","ClearCr","Norm","Norm","1Fam","Other",4,5,1957,1989,"Gable","CompShg","Wd Sdng","Wd Sdng","None",0,"TA","TA","CBlock","TA","TA","Other","Unf",0,"Unf",0,1104,1104,"GasA","Ex","Y","Other",1104,684,0,1788,1,0,1,0,5,1,"TA",8,"Other",2,"TA","Attchd","Unf","Other","TA","TA","Y",120,0,0,0,0,0,"No","No fence","None",0,11,2009,161500,0,2,20
"20","RL",0,17140,"Pave","No alley","Reg","Lvl","AllPub","Inside","Gtl","Edwards","Norm","Norm","1Fam","1Story",4,6,1956,1956,"Gable","CompShg","VinylSd","VinylSd","None",0,"TA","TA","CBlock","TA","TA","No","ALQ",1059,"Unf",0,75,1134,"GasA","Ex","Y","Other",1229,0,0,1229,0,0,1,0,3,1,"TA",6,"Typ",0,"No fireplace","Attchd","RFn","Other","TA","TA","Y",0,0,0,0,0,0,"No","No fence","None",0,4,2009,135000,0,1,53
"30","RL",0,12342,"Pave","No alley","Other","Lvl","AllPub","Inside","Gtl","Edwards","Norm","Norm","1Fam","1Story",4,5,1940,1950,"Gable","CompShg","VinylSd","VinylSd","None",0,"TA","TA","CBlock","TA","TA","No","BLQ",262,"Unf",0,599,861,"GasA","Ex","Y","SBrkr",861,0,0,861,0,0,1,0,1,1,"TA",4,"Typ",0,"No fireplace","Other","Unf","2","TA","TA","Y",158,0,0,0,0,0,"No","No fence","None",0,3,2009,82500,0,1,59
"20","RL",0,10708,"Pave","No alley","Other","Lvl","AllPub","Inside","Gtl","ClearCr","Norm","Norm","1Fam","1Story",5,5,1955,1993,"Other","CompShg","Wd Sdng","Wd Sdng","None",0,"Other","TA","CBlock","TA","TA","No","Other",379,"Other",768,470,1617,"GasA","Ex","Y","Other",1867,0,0,1867,1,0,1,0,2,1,"TA",7,"Typ",3,"Gd","Attchd","Fin","Other","TA","TA","Y",476,0,0,0,142,0,"No","Other","None",0,11,2009,190000,142,2,16
"20","RL",0,13680,"Pave","No alley","Other","Lvl","AllPub","Other","Gtl","Edwards","Norm","Norm","1Fam","1Story",3,5,1955,1955,"Other","CompShg","BrkFace","Wd Sdng","None",0,"TA","TA","Other","Other","Other","Other","Other",0,"Other",0,0,0,"GasA","Ex","Y","Other",1733,0,0,1733,0,0,2,0,4,1,"TA",8,"Other",1,"Gd","Attchd","Unf","2","TA","TA","Y",0,0,0,0,0,0,"No","No fence","None",0,6,2009,139600,0,2,54
"20","RL",0,15635,"Pave","No alley","Other","Lvl","AllPub","Other","Gtl","Edwards","Norm","Norm","1Fam","1Story",4,5,1954,1954,"Gable","CompShg","VinylSd","VinylSd","None",0,"TA","TA","CBlock","Other","Other","Other","Other",0,"Other",0,0,0,"GasA","TA","Y","SBrkr",1383,0,0,1383,0,0,1,0,2,1,"TA",6,"Other",0,"No fireplace","Attchd","Unf","2","Other","TA","Y",0,0,90,0,110,0,"No","No fence","None",0,10,2009,122000,200,1,55
"20","RL",73,9855,"Pave","No alley","Reg","Lvl","AllPub","Other","Gtl","Edwards","Norm","Norm","1Fam","1Story",6,5,1956,1956,"Other","CompShg","Wd Sdng","Wd Sdng","None",0,"TA","TA","CBlock","TA","TA","No","Unf",0,"Unf",0,1436,1436,"GasA","Other","Y","SBrkr",1689,0,0,1689,0,0,1,0,3,1,"TA",7,"Typ",1,"Gd","Attchd","Unf","2","TA","TA","Y",0,0,0,0,0,0,"No","Other","None",0,11,2009,127500,0,1,53
"20","RL",68,9571,"Pave","No alley","Reg","Lvl","AllPub","Inside","Gtl","Edwards","Norm","Norm","1Fam","1Story",5,5,1956,1956,"Other","CompShg","MetalSd","MetalSd","None",0,"TA","TA","CBlock","TA","TA","No","Rec",257,"Unf",0,816,1073,"GasA","TA","Y","Other",1073,0,0,1073,1,0,1,0,2,1,"TA",5,"Typ",0,"No fireplace","Attchd","Unf","Other","TA","TA","Y",0,0,0,0,0,0,"No","Other","None",0,2,2009,121500,0,2,53
"60","RL",50,9350,"Pave","No alley","Reg","Other","AllPub","Inside","Gtl","Edwards","Norm","Norm","1Fam","Other",6,7,1946,1950,"Other","CompShg","MetalSd","MetalSd","None",0,"TA","TA","CBlock","TA","TA","No","BLQ",342,"Unf",0,405,747,"GasA","Ex","Y","SBrkr",892,747,0,1639,0,0,1,1,3,1,"Other",6,"Typ",1,"Gd","Other","Unf","Other","TA","TA","Y",0,50,0,0,0,0,"No","No fence","None",0,7,2009,154400,50,1.5,59
"30","RL",50,9340,"Pave","No alley","Reg","Lvl","AllPub","Inside","Gtl","Edwards","Norm","Norm","1Fam","1Story",4,6,1941,1950,"Other","CompShg","MetalSd","MetalSd","None",0,"TA","TA","CBlock","TA","TA","No","Rec",344,"Unf",0,328,672,"GasA","TA","Y","SBrkr",672,0,0,672,1,0,1,0,2,1,"TA",4,"Typ",0,"No fireplace","Attchd","Unf","Other","TA","TA","Other",0,113,0,0,0,0,"No","No fence","None",0,8,2009,113000,113,2,59
"20","RL",62,7440,"Pave","No alley","Reg","Lvl","AllPub","Inside","Gtl","Edwards","Norm","Norm","1Fam","1Story",5,6,1954,1954,"Gable","CompShg","Wd Sdng","Wd Sdng","None",0,"TA","TA","CBlock","Gd","TA","No","BLQ",173,"Unf",0,916,1089,"Other","TA","Y","SBrkr",1089,0,0,1089,1,0,1,0,3,1,"TA",5,"Typ",1,"Gd","Other","RFn","Other","TA","TA","Other",328,0,0,0,0,0,"No","Other","None",0,9,2009,125000,0,2,55
"20","RL",0,11500,"Pave","No alley","Other","Lvl","AllPub","Other","Gtl","Edwards","Norm","Norm","1Fam","1Story",4,3,1957,1957,"Gable","CompShg","Wd Sdng","Wd Sdng","None",0,"TA","Other","Other","Other","Other","Other","Other",0,"Other",0,0,0,"GasA","Ex","Other","SBrkr",845,0,0,845,0,0,1,0,3,1,"TA",5,"Typ",0,"No fireplace","Other","Unf","Other","TA","TA","Other",186,0,0,0,0,0,"No","No fence","None",0,1,2009,84000,0,1,52
"120","RL",42,4235,"Pave","No alley","Reg","Lvl","AllPub","Inside","Gtl","Edwards","Norm","Norm","Other","1Story",5,5,1984,1984,"Gable","CompShg","HdBoard","HdBoard","Other",149,"Other","TA","CBlock","Gd","TA","Other","GLQ",552,"Other",393,104,1049,"GasA","TA","Y","SBrkr",1049,0,0,1049,1,0,2,0,2,1,"Other",5,"Typ",0,"No fireplace","Attchd","Fin","Other","TA","TA","Y",0,105,0,0,0,0,"No","No fence","None",0,2,2009,139500,105,3,25
"50","RL",60,11409,"Pave","No alley","Reg","Lvl","AllPub","Inside","Gtl","Edwards","Norm","Norm","1Fam","Other",5,4,1949,2008,"Gable","CompShg","Wd Sdng","Wd Sdng","None",0,"TA","TA","CBlock","TA","TA","No","Other",292,"Unf",0,476,768,"GasA","Other","Y","SBrkr",1148,568,0,1716,0,0,1,1,3,1,"TA",8,"Other",1,"Gd","Attchd","Unf","Other","TA","TA","Y",0,0,0,0,160,0,"No","No fence","None",0,1,2009,131000,160,1.5,1
"50","RL",60,9060,"Pave","No alley","Reg","Lvl","AllPub","Inside","Gtl","Edwards","Norm","Norm","1Fam","Other",6,5,1939,1950,"Gable","CompShg","WdShing","Wd Shng","None",0,"TA","TA","Other","TA","TA","Other","Rec",204,"Unf",0,356,560,"GasA","TA","Y","SBrkr",698,560,0,1258,0,0,1,0,2,1,"TA",6,"Typ",0,"No fireplace","Other","Unf","Other","TA","TA","Other",0,0,0,0,0,0,"No","Other","None",0,10,2009,105000,0,1,59
"70","RL",60,9084,"Pave","No alley","Reg","Lvl","AllPub","Inside","Gtl","Edwards","Other","Norm","1Fam","Other",4,5,1940,1950,"Gable","CompShg","MetalSd","MetalSd","None",0,"TA","TA","CBlock","TA","TA","Other","Unf",0,"Unf",0,755,755,"GasA","TA","Y","SBrkr",755,755,0,1510,1,0,1,0,4,1,"TA",7,"Typ",1,"Gd","Other","Unf","Other","Other","Other","Other",120,0,0,0,0,0,"No","Other","None",0,10,2009,108000,0,2,59
"80","RL",74,10778,"Pave","No alley","Other","Lvl","AllPub","Inside","Gtl","SawyerW","Other","Norm","1Fam","Other",7,6,1990,1991,"Gable","CompShg","HdBoard","HdBoard","None",0,"Other","TA","PConc","Gd","TA","No","GLQ",460,"Other",286,308,1054,"GasA","Other","Y","SBrkr",1061,0,0,1061,1,0,1,1,1,1,"Other",4,"Typ",0,"No fireplace","Attchd","Unf","2","TA","TA","Y",114,36,0,0,0,0,"No","No fence","None",0,7,2009,162000,36,2.5,18
"80","RL",66,19255,"Pave","No alley","Other","Lvl","AllPub","Inside","Gtl","SawyerW","Norm","Norm","1Fam","Other",6,5,1983,1983,"Gable","CompShg","Wd Sdng","Wd Sdng","Other",100,"Other","TA","CBlock","Gd","TA","Other","Rec",70,"Other",450,0,520,"GasA","Other","Y","SBrkr",1338,0,0,1338,0,0,1,1,2,1,"Other",5,"Other",1,"Other","Attchd","Unf","2","TA","TA","Y",0,0,0,0,0,0,"No","No fence","Other",600,9,2009,156500,0,1.5,26
"50","RL",79,12327,"Pave","No alley","Other","Other","AllPub","Inside","Other","SawyerW","Norm","Norm","1Fam","Other",8,8,1983,2009,"Gable","CompShg","Wd Sdng","Wd Sdng","None",0,"Other","TA","CBlock","Gd","TA","Other","GLQ",1441,"Unf",0,55,1496,"GasA","Ex","Y","SBrkr",1496,636,0,2132,1,0,1,1,1,1,"Other",5,"Other",1,"Gd","Other","Fin","2","Other","TA","Y",349,40,0,0,0,0,"No","No fence","None",0,9,2009,316600,40,2.5,0
"20","RL",90,14684,"Pave","No alley","Other","Lvl","AllPub","Other","Gtl","SawyerW","Norm","Norm","1Fam","1Story",7,7,1990,1991,"Other","CompShg","HdBoard","HdBoard","Other",234,"Other","TA","CBlock","Gd","TA","Other","ALQ",485,"Other",177,1496,2158,"GasA","Other","Y","SBrkr",2196,0,0,2196,0,0,2,0,3,1,"Other",7,"Typ",1,"TA","Attchd","RFn","Other","TA","TA","Y",84,70,0,0,0,0,"No","No fence","None",0,6,2009,271900,70,2,18
"60","RL",75,9317,"Pave","No alley","Reg","Lvl","AllPub","Inside","Gtl","SawyerW","Norm","Norm","1Fam","Other",7,5,1993,1993,"Gable","CompShg","HdBoard","HdBoard","Other",137,"Other","TA","PConc","Gd","TA","No","ALQ",513,"Unf",0,227,740,"GasA","Ex","Y","SBrkr",1006,769,0,1775,1,0,2,1,3,1,"Other",7,"Typ",1,"TA","Attchd","Unf","2","TA","TA","Y",234,72,192,0,0,0,"No","No fence","None",0,7,2009,213000,264,3.5,16
"60","RL",85,10560,"Pave","No alley","Reg","Lvl","AllPub","Other","Gtl","SawyerW","Norm","Norm","1Fam","Other",7,5,1993,1994,"Gable","CompShg","VinylSd","VinylSd","None",0,"Other","Other","PConc","Gd","Other","No","GLQ",474,"Unf",0,605,1079,"GasA","Ex","Y","SBrkr",1079,800,0,1879,1,0,2,1,3,1,"Other",8,"Typ",1,"TA","Attchd","RFn","2","TA","TA","Y",400,100,144,0,0,0,"No","Other","None",0,8,2009,239900,244,3.5,15
"60","RL",80,9828,"Pave","No alley","Other","Lvl","AllPub","Inside","Gtl","SawyerW","Norm","Norm","1Fam","Other",8,5,1995,1995,"Gable","CompShg","VinylSd","VinylSd","None",0,"Other","TA","PConc","Gd","TA","No","GLQ",584,"Unf",0,544,1128,"GasA","Ex","Y","SBrkr",1142,878,0,2020,0,0,2,1,3,1,"Other",8,"Typ",1,"TA","Attchd","RFn","2","TA","TA","Y",0,155,0,0,0,0,"No","No fence","None",0,6,2009,239500,155,2.5,14
"70","RL",120,26400,"Pave","No alley","Reg","Other","AllPub","Other","Gtl","SawyerW","Other","Norm","1Fam","Other",5,7,1880,2007,"Gable","CompShg","HdBoard","HdBoard","None",0,"Other","TA","PConc","Other","Other","Other","Other",0,"Other",0,0,0,"GasA","Ex","Y","SBrkr",1288,728,0,2016,0,0,1,0,4,1,"TA",7,"Other",1,"TA","Attchd","Unf","2","TA","TA","Other",0,0,0,0,0,0,"No","No fence","None",0,6,2009,131000,0,1,2
"90","RL",0,11855,"Pave","No alley","Reg","Lvl","AllPub","Inside","Gtl","SawyerW","Norm","Norm","Other","Other",7,5,2000,2000,"Other","CompShg","VinylSd","VinylSd","Other",23,"TA","TA","PConc","Other","TA","No","GLQ",820,"Unf",0,348,1168,"GasA","Ex","Y","SBrkr",1168,1619,0,2787,2,0,4,2,6,2,"TA",8,"Typ",2,"TA","Other","Fin","Other","TA","TA","Y",312,0,0,0,0,0,"No","No fence","None",0,10,2009,269500,0,7,9
"90","RL",0,7939,"Pave","No alley","Reg","Lvl","AllPub","Inside","Gtl","SawyerW","Other","Norm","Other","Other",7,5,2000,2000,"Other","CompShg","VinylSd","VinylSd","Other",23,"TA","TA","PConc","Other","TA","No","GLQ",820,"Unf",0,348,1168,"GasA","Ex","Y","SBrkr",1168,1619,0,2787,2,0,4,2,6,2,"TA",8,"Typ",2,"TA","Other","Fin","Other","TA","TA","Y",312,0,0,0,0,0,"No","No fence","None",0,10,2009,269500,0,7,9
"90","RL",0,7976,"Pave","No alley","Reg","Lvl","AllPub","Inside","Gtl","SawyerW","Other","Norm","Other","Other",7,5,2000,2000,"Other","CompShg","VinylSd","VinylSd","Other",23,"TA","TA","PConc","Other","TA","No","GLQ",820,"Unf",0,348,1168,"GasA","Ex","Y","SBrkr",1168,1619,0,2787,2,0,4,2,6,2,"TA",8,"Typ",2,"TA","Other","Fin","Other","TA","TA","Y",312,0,0,0,0,0,"No","No fence","None",0,10,2009,269500,0,7,9
"20","RL",79,10637,"Pave","No alley","Reg","Lvl","AllPub","Inside","Gtl","CollgCr","Norm","Norm","1Fam","1Story",8,5,2007,2008,"Other","CompShg","VinylSd","VinylSd","Other",336,"Other","TA","PConc","Other","TA","Other","GLQ",1288,"Unf",0,417,1705,"GasA","Ex","Y","SBrkr",1718,0,0,1718,1,0,2,0,3,1,"Other",7,"Typ",1,"Gd","Attchd","RFn","Other","TA","TA","Y",208,44,0,0,0,0,"No","No fence","None",0,9,2009,297000,44,3,1
"20","RL",61,10226,"Pave","No alley","Other","Lvl","AllPub","Inside","Gtl","CollgCr","Norm","Norm","1Fam","1Story",8,5,2008,2008,"Gable","CompShg","VinylSd","VinylSd","Other",270,"Other","TA","PConc","Other","TA","Other","Unf",0,"Unf",0,1622,1622,"GasA","Ex","Y","SBrkr",1630,0,0,1630,1,0,2,0,3,1,"Other",8,"Typ",1,"Gd","Attchd","RFn","Other","TA","TA","Y",172,42,0,0,0,0,"No","No fence","None",0,1,2009,295493,42,3,1
"20","RL",65,10816,"Pave","No alley","Other","Lvl","AllPub","Inside","Gtl","CollgCr","Norm","Norm","1Fam","1Story",9,5,2008,2008,"Gable","CompShg","VinylSd","VinylSd","Other",364,"Other","TA","PConc","Other","TA","Other","GLQ",1104,"Unf",0,616,1720,"GasA","Ex","Y","SBrkr",1720,0,0,1720,1,0,2,0,3,1,"Other",8,"Typ",1,"Gd","Attchd","RFn","Other","TA","TA","Y",208,104,0,0,0,0,"No","No fence","None",0,11,2009,332000,104,3,1
"20","RL",71,9178,"Pave","No alley","Reg","Lvl","AllPub","Inside","Gtl","CollgCr","Norm","Norm","1Fam","1Story",8,5,2008,2008,"Gable","CompShg","VinylSd","VinylSd","None",0,"Other","TA","PConc","Gd","TA","Other","Unf",0,"Unf",0,1468,1468,"GasA","Ex","Y","SBrkr",1468,0,0,1468,0,0,2,0,3,1,"Other",6,"Typ",1,"Gd","Attchd","RFn","Other","TA","TA","Y",192,142,0,0,0,0,"No","No fence","None",0,6,2009,239900,142,2,1
"60","RL",68,10769,"Pave","No alley","Other","Lvl","AllPub","Inside","Gtl","CollgCr","Norm","Norm","1Fam","Other",8,5,2007,2007,"Gable","CompShg","VinylSd","VinylSd","None",0,"Other","TA","PConc","Gd","TA","Other","GLQ",20,"Unf",0,846,866,"GasA","Ex","Y","SBrkr",866,902,0,1768,0,0,2,1,3,1,"Other",7,"Typ",0,"No fireplace","Attchd","RFn","2","TA","TA","Y",144,105,0,0,0,0,"No","No fence","None",0,4,2009,212000,105,2.5,2
"20","RL",77,11422,"Pave","No alley","Other","Lvl","AllPub","Inside","Gtl","CollgCr","Norm","Norm","1Fam","1Story",8,5,2007,2008,"Other","CompShg","VinylSd","VinylSd","Other",352,"Other","TA","PConc","Other","TA","Other","GLQ",1359,"Unf",0,479,1838,"GasA","Ex","Y","SBrkr",1838,0,0,1838,1,0,2,0,3,1,"Other",7,"Typ",2,"Gd","Attchd","RFn","2","TA","TA","Y",154,222,0,0,0,0,"No","No fence","None",0,4,2009,272500,222,3,1
"20","RL",122,11923,"Pave","No alley","Other","Lvl","AllPub","Other","Gtl","CollgCr","Norm","Norm","1Fam","1Story",9,5,2007,2007,"Gable","CompShg","VinylSd","VinylSd","None",0,"Other","TA","PConc","Other","TA","No","Unf",0,"Unf",0,1800,1800,"GasA","Ex","Y","SBrkr",1800,0,0,1800,0,0,2,0,2,1,"Other",7,"Typ",0,"No fireplace","Attchd","Fin","2","TA","TA","Y",288,136,0,0,0,0,"No","No fence","None",0,5,2009,239000,136,2,2
"20","RL",64,6762,"Pave","No alley","Reg","Lvl","AllPub","Inside","Gtl","CollgCr","Norm","Norm","1Fam","1Story",7,5,2007,2007,"Gable","CompShg","VinylSd","VinylSd","None",0,"Other","TA","PConc","Gd","TA","Other","GLQ",902,"Unf",0,380,1282,"GasA","Ex","Y","SBrkr",1290,0,0,1290,1,0,2,0,2,1,"Other",6,"Typ",1,"Gd","Attchd","RFn","2","TA","TA","Y",168,0,0,0,0,0,"No","No fence","None",0,5,2009,200000,0,3,2
"20","RL",95,10324,"Pave","No alley","Other","Lvl","AllPub","Other","Gtl","CollgCr","Norm","Norm","1Fam","1Story",8,5,2008,2008,"Gable","CompShg","VinylSd","VinylSd","Other",140,"Other","TA","PConc","Gd","TA","Other","GLQ",872,"Unf",0,382,1254,"GasA","Ex","Y","SBrkr",1254,0,0,1254,1,0,2,0,2,1,"Other",5,"Typ",0,"No fireplace","Attchd","RFn","Other","TA","TA","Y",168,92,0,0,0,0,"No","No fence","None",0,3,2009,221800,92,3,1
"20","RL",64,7314,"Pave","No alley","Reg","Lvl","AllPub","Inside","Gtl","CollgCr","Norm","Norm","1Fam","1Story",7,5,2007,2007,"Gable","CompShg","VinylSd","VinylSd","Other",82,"Other","TA","PConc","Gd","TA","Other","GLQ",724,"Unf",0,508,1232,"GasA","Ex","Y","SBrkr",1232,0,0,1232,1,0,2,0,2,1,"Other",6,"Typ",0,"No fireplace","Attchd","RFn","2","TA","TA","Y",132,0,0,0,0,0,"No","No fence","None",0,2,2009,194500,0,3,2
"20","RL",78,11645,"Pave","No alley","Reg","Lvl","AllPub","Inside","Gtl","CollgCr","Norm","Norm","1Fam","1Story",8,5,2005,2006,"Gable","CompShg","VinylSd","VinylSd","Other",76,"Other","TA","PConc","Other","TA","Other","GLQ",24,"Unf",0,1474,1498,"GasA","Ex","Y","SBrkr",1498,0,0,1498,0,0,2,0,3,1,"Other",7,"Typ",1,"Gd","Attchd","Fin","Other","TA","TA","Y",144,98,0,0,0,0,"No","No fence","None",0,3,2009,237000,98,2,3
"60","RL",79,11646,"Pave","No alley","Other","Lvl","AllPub","Inside","Gtl","CollgCr","Norm","Norm","1Fam","Other",6,5,2005,2006,"Gable","CompShg","VinylSd","VinylSd","None",0,"Other","TA","PConc","Gd","TA","Other","Unf",0,"Unf",0,704,704,"GasA","Ex","Y","SBrkr",704,718,0,1422,0,0,2,1,3,1,"Other",7,"Typ",1,"Gd","Attchd","Fin","2","TA","TA","Y",36,28,0,0,0,0,"No","No fence","None",0,7,2009,173000,28,2.5,3
"80","RL",0,12800,"Pave","No alley","Reg","Other","AllPub","Inside","Other","SawyerW","Norm","Norm","1Fam","Other",7,5,1989,1989,"Gable","CompShg","Wd Sdng","Wd Sdng","Other",145,"Other","TA","PConc","Gd","TA","Other","GLQ",1518,"Unf",0,0,1518,"GasA","Other","Y","SBrkr",1644,0,0,1644,1,1,2,0,2,1,"Other",5,"Typ",1,"TA","Attchd","Fin","2","TA","TA","Y",80,0,0,0,396,0,"No","No fence","None",0,8,2009,275000,396,3.5,20
"60","RL",0,16698,"Pave","No alley","Other","Other","AllPub","Other","Other","ClearCr","Norm","Norm","1Fam","Other",7,5,1992,1993,"Gable","CompShg","VinylSd","VinylSd","None",0,"Other","TA","PConc","Gd","TA","Other","GLQ",800,"Unf",0,649,1449,"GasA","Other","Y","SBrkr",944,815,0,1759,1,0,2,1,3,1,"Other",7,"Typ",1,"TA","Attchd","Unf","2","TA","TA","Y",150,193,0,0,0,0,"No","No fence","None",0,6,2009,233500,193,3.5,16
"20","RL",82,12464,"Pave","No alley","Other","Other","AllPub","Other","Other","CollgCr","Norm","Norm","1Fam","1Story",5,5,1996,1996,"Gable","CompShg","VinylSd","VinylSd","None",0,"TA","Other","PConc","Gd","TA","No","GLQ",732,"Unf",0,308,1040,"GasA","Other","Y","SBrkr",1040,0,0,1040,1,0,1,0,3,1,"Other",6,"Typ",0,"No fireplace","Other","Unf","2","TA","TA","Y",168,0,0,0,0,0,"No","Other","None",0,11,2009,152000,0,2,13
"20","RL",65,9757,"Pave","No alley","Reg","Other","AllPub","Inside","Other","CollgCr","Norm","Norm","1Fam","1Story",5,7,1994,1994,"Gable","CompShg","VinylSd","VinylSd","None",0,"TA","Other","PConc","TA","TA","No","ALQ",755,"Unf",0,235,990,"GasA","Ex","Y","SBrkr",990,0,0,990,1,0,1,0,3,1,"TA",5,"Typ",0,"No fireplace","Attchd","RFn","Other","TA","TA","Y",66,0,0,0,92,0,"No","No fence","None",0,10,2009,143000,92,2,15
"60","RL",65,15426,"Pave","No alley","Other","Lvl","AllPub","Inside","Gtl","CollgCr","Norm","Norm","1Fam","Other",6,5,1997,1997,"Gable","CompShg","VinylSd","VinylSd","None",0,"TA","TA","PConc","Gd","TA","No","GLQ",821,"Unf",0,107,928,"GasA","Ex","Y","SBrkr",928,836,0,1764,1,0,2,1,3,1,"Other",7,"Typ",0,"No fireplace","Attchd","RFn","2","TA","TA","Y",276,99,0,0,0,0,"No","Other","None",0,8,2009,231500,99,3.5,12
"60","RL",43,10667,"Pave","No alley","Other","Lvl","AllPub","Other","Gtl","CollgCr","Other","Norm","1Fam","Other",7,6,1996,1996,"Gable","CompShg","VinylSd","VinylSd","None",0,"Other","TA","PConc","Gd","TA","Other","GLQ",385,"Other",344,70,799,"GasA","Ex","Y","SBrkr",827,834,0,1661,1,0,2,1,3,1,"Other",6,"Typ",1,"TA","Attchd","RFn","2","TA","TA","Y",158,61,0,0,0,0,"No","No fence","None",0,4,2009,212000,61,3.5,13
"20","RL",65,14753,"Pave","No alley","Other","Other","AllPub","Inside","Gtl","CollgCr","Other","Norm","1Fam","1Story",7,5,1998,1998,"Gable","CompShg","VinylSd","VinylSd","None",0,"TA","TA","PConc","Gd","TA","Other","GLQ",950,"Unf",0,513,1463,"GasA","Ex","Y","SBrkr",1463,0,0,1463,1,0,2,0,3,1,"TA",5,"Typ",0,"No fireplace","Attchd","Fin","2","TA","TA","Y",0,81,0,0,0,0,"No","Other","None",0,12,2009,207000,81,3,11
"20","RL",112,10859,"Pave","No alley","Reg","Lvl","AllPub","Other","Gtl","CollgCr","Norm","Norm","1Fam","1Story",5,5,1994,1995,"Gable","CompShg","VinylSd","VinylSd","None",0,"TA","TA","PConc","Gd","TA","No","Unf",0,"Unf",0,1097,1097,"GasA","Ex","Y","SBrkr",1097,0,0,1097,0,0,1,1,3,1,"TA",6,"Typ",0,"No fireplace","Attchd","Unf","2","TA","TA","Y",392,64,0,0,0,0,"No","No fence","None",0,6,2009,145000,64,1.5,14
"20","RL",60,8072,"Pave","No alley","Reg","Lvl","AllPub","Inside","Gtl","CollgCr","Norm","Norm","1Fam","1Story",5,5,1994,1995,"Gable","CompShg","VinylSd","VinylSd","None",0,"TA","Other","PConc","Gd","Other","No","ALQ",746,"Unf",0,244,990,"GasA","Ex","Y","SBrkr",990,0,0,990,1,0,1,0,3,1,"TA",5,"Typ",0,"No fireplace","Other","Unf","2","TA","TA","Y",0,64,0,0,0,0,"No","No fence","None",0,5,2009,138000,64,2,14
"60","RL",80,10400,"Pave","No alley","Reg","Lvl","AllPub","Other","Gtl","CollgCr","Norm","Norm","1Fam","Other",7,5,1998,1998,"Gable","CompShg","VinylSd","VinylSd","None",0,"TA","TA","PConc","Gd","TA","Other","Unf",0,"Unf",0,866,866,"GasA","Ex","Y","SBrkr",866,913,0,1779,0,0,2,1,3,1,"Other",6,"Typ",0,"No fireplace","Attchd","RFn","2","TA","TA","Y",198,36,0,0,0,0,"No","No fence","None",0,3,2009,197900,36,2.5,11
"20","RL",78,10335,"Pave","No alley","Other","Lvl","AllPub","Inside","Gtl","CollgCr","Norm","Norm","1Fam","1Story",7,5,1999,1999,"Gable","CompShg","VinylSd","VinylSd","Other",183,"Other","TA","PConc","Gd","TA","Other","GLQ",679,"Unf",0,811,1490,"GasA","Ex","Y","SBrkr",1501,0,0,1501,1,0,2,0,3,1,"Other",6,"Typ",0,"No fireplace","Attchd","RFn","2","TA","TA","Y",144,29,0,0,0,0,"No","No fence","None",0,6,2009,204000,29,3,10
"20","RL",68,9017,"Pave","No alley","Other","Lvl","AllPub","Inside","Gtl","CollgCr","Norm","Norm","1Fam","1Story",7,5,1999,1999,"Gable","CompShg","VinylSd","VinylSd","None",0,"Other","TA","PConc","Gd","TA","Other","GLQ",560,"Unf",0,871,1431,"GasA","Ex","Y","SBrkr",1431,0,0,1431,1,0,2,0,3,1,"Other",6,"Typ",0,"No fireplace","Attchd","Fin","2","TA","TA","Y",0,35,0,0,0,0,"No","No fence","None",0,9,2009,192000,35,3,10
"60","RL",70,8750,"Pave","No alley","Reg","Lvl","AllPub","Inside","Gtl","CollgCr","Norm","Norm","1Fam","Other",6,5,1998,1998,"Gable","CompShg","VinylSd","VinylSd","Other",120,"TA","TA","PConc","Gd","TA","No","GLQ",606,"Unf",0,322,928,"GasA","Ex","Y","SBrkr",928,844,0,1772,1,0,2,1,3,1,"TA",7,"Typ",1,"TA","Attchd","RFn","2","TA","TA","Y",150,96,0,0,0,0,"No","No fence","None",0,4,2009,200000,96,3.5,11
"60","RL",68,8935,"Pave","No alley","Other","Lvl","AllPub","Inside","Gtl","CollgCr","Norm","Norm","1Fam","Other",7,5,2002,2002,"Gable","CompShg","VinylSd","VinylSd","Other",95,"Other","TA","PConc","Gd","TA","No","Unf",0,"Unf",0,831,831,"GasA","Ex","Y","SBrkr",831,829,0,1660,0,0,2,1,3,1,"Other",7,"Typ",0,"No fireplace","Attchd","RFn","2","TA","TA","Y",144,68,0,0,0,0,"No","No fence","None",0,7,2009,195000,68,2.5,7
"20","RL",67,9808,"Pave","No alley","Other","Lvl","AllPub","Inside","Gtl","CollgCr","Norm","Norm","1Fam","1Story",7,5,2002,2002,"Gable","CompShg","VinylSd","VinylSd","Other",110,"Other","TA","PConc","Gd","TA","No","GLQ",788,"Unf",0,785,1573,"GasA","Ex","Y","SBrkr",1573,0,0,1573,1,0,2,0,3,1,"Other",6,"Typ",0,"No fireplace","Attchd","RFn","2","TA","TA","Y",0,72,0,0,0,0,"No","No fence","None",0,3,2009,227000,72,3,7
"60","RL",79,12420,"Pave","No alley","Reg","Lvl","AllPub","Inside","Gtl","CollgCr","Norm","Norm","1Fam","Other",7,5,2001,2001,"Gable","CompShg","VinylSd","VinylSd","None",0,"Other","TA","PConc","Gd","TA","No","GLQ",666,"Unf",0,278,944,"GasA","Ex","Y","SBrkr",944,896,0,1840,1,0,2,1,3,1,"Other",6,"Typ",0,"No fireplace","Attchd","RFn","2","TA","TA","Y",0,45,0,0,0,0,"No","No fence","None",0,6,2009,230000,45,3.5,8
"20","RL",67,16285,"Pave","No alley","Other","Lvl","AllPub","Inside","Gtl","CollgCr","Norm","Norm","1Fam","1Story",7,5,2001,2002,"Gable","CompShg","VinylSd","VinylSd","None",0,"Other","TA","PConc","Gd","TA","No","Unf",0,"Unf",0,1413,1413,"GasA","Ex","Y","SBrkr",1430,0,0,1430,0,0,2,0,3,1,"Other",6,"Typ",0,"No fireplace","Attchd","RFn","2","TA","TA","Y",0,33,0,0,0,0,"No","No fence","None",0,6,2009,187100,33,2,7
"20","RL",65,10739,"Pave","No alley","Other","Lvl","AllPub","Inside","Gtl","CollgCr","Norm","Norm","1Fam","1Story",7,5,2002,2001,"Gable","CompShg","VinylSd","VinylSd","Other",68,"Other","TA","PConc","Gd","TA","No","GLQ",1259,"Unf",0,172,1431,"GasA","Ex","Y","SBrkr",1444,0,0,1444,1,0,2,0,3,1,"Other",6,"Typ",0,"No fireplace","Attchd","RFn","2","TA","TA","Y",144,40,0,0,0,0,"No","No fence","None",0,4,2009,203000,40,3,8
"20","RL",60,8430,"Pave","No alley","Reg","Other","AllPub","Inside","Other","CollgCr","Norm","Norm","1Fam","1Story",5,5,1978,1978,"Gable","CompShg","HdBoard","HdBoard","Other",136,"TA","TA","CBlock","Gd","TA","No","Rec",616,"Unf",0,424,1040,"GasA","TA","Y","SBrkr",1040,0,0,1040,0,0,2,0,3,1,"TA",5,"Typ",0,"No fireplace","Other","Other","Other","Other","Other","Y",0,0,0,0,0,0,"No","No fence","None",0,8,2009,124000,0,2,31
"20","RL",0,16269,"Pave","No alley","Other","Lvl","AllPub","Other","Gtl","CollgCr","Norm","Norm","1Fam","1Story",5,5,1978,1978,"Gable","CompShg","MetalSd","MetalSd","Other",76,"TA","TA","Other","Gd","TA","Other","GLQ",625,"Unf",0,282,907,"GasA","TA","Y","SBrkr",907,0,0,907,0,0,1,0,3,1,"TA",5,"Typ",0,"No fireplace","Attchd","Unf","Other","TA","TA","Y",72,0,0,0,0,0,"No","Other","None",0,7,2009,140000,0,1,31
"20","RL",76,6950,"Pave","No alley","Other","Lvl","AllPub","Inside","Gtl","CollgCr","Norm","Norm","1Fam","1Story",5,7,1979,1979,"Gable","CompShg","HdBoard","HdBoard","Other",40,"TA","TA","CBlock","TA","TA","No","ALQ",710,"Other",72,132,914,"GasA","TA","Y","SBrkr",914,0,0,914,1,0,1,0,2,1,"TA",5,"Typ",0,"No fireplace","Attchd","Unf","2","TA","TA","Y",0,0,0,0,0,0,"No","No fence","None",0,10,2009,134900,0,2,30
"20","RL",61,8800,"Pave","No alley","Other","Lvl","AllPub","Inside","Gtl","CollgCr","Norm","Norm","1Fam","1Story",5,7,1977,2008,"Gable","CompShg","HdBoard","HdBoard","None",0,"TA","TA","CBlock","Gd","TA","Other","Other",532,"Other",144,364,1040,"GasA","TA","Y","SBrkr",1040,0,0,1040,0,0,2,0,3,1,"Other",5,"Typ",0,"No fireplace","Other","Unf","2","TA","TA","Y",0,0,0,0,288,0,"No","No fence","None",0,9,2009,150500,288,2,1
"20","RL",0,7000,"Pave","No alley","Other","Lvl","AllPub","Other","Gtl","CollgCr","Norm","Norm","1Fam","1Story",5,8,1978,2005,"Gable","CompShg","VinylSd","VinylSd","Other",90,"Other","Other","CBlock","TA","TA","No","ALQ",646,"Unf",0,218,864,"GasA","Ex","Y","SBrkr",864,0,0,864,1,0,1,0,3,1,"TA",6,"Typ",0,"No fireplace","Attchd","Unf","Other","TA","TA","Y",0,0,0,0,0,0,"No","Other","None",0,7,2009,136500,0,2,4
"20","RL",0,9286,"Pave","No alley","Other","Lvl","AllPub","Other","Other","CollgCr","Norm","Norm","1Fam","1Story",5,7,1977,1989,"Gable","CompShg","HdBoard","Plywood","None",0,"TA","TA","CBlock","Gd","Other","Other","ALQ",196,"Unf",0,1072,1268,"GasA","TA","Y","SBrkr",1268,0,0,1268,0,0,1,1,3,1,"Other",5,"Typ",0,"No fireplace","Other","Unf","Other","TA","TA","Y",173,0,0,0,0,0,"No","No fence","None",0,10,2009,143500,0,1.5,20
"20","RL",36,15523,"Pave","No alley","Other","Lvl","AllPub","Other","Gtl","CollgCr","Norm","Norm","1Fam","1Story",5,6,1972,1972,"Gable","CompShg","HdBoard","Plywood","None",0,"TA","TA","CBlock","TA","TA","Other","BLQ",460,"Unf",0,404,864,"GasA","Ex","Y","SBrkr",864,0,0,864,1,0,1,0,3,1,"TA",5,"Typ",1,"Other","Attchd","Unf","Other","TA","TA","Y",0,0,0,0,0,0,"No","No fence","None",0,8,2009,133500,0,2,37
"20","RL",60,7200,"Pave","No alley","Reg","Other","AllPub","Inside","Gtl","CollgCr","Norm","Norm","1Fam","1Story",5,5,1972,1972,"Other","CompShg","MetalSd","MetalSd","None",0,"TA","TA","CBlock","TA","TA","Other","Rec",777,"Unf",0,117,894,"GasA","TA","Y","SBrkr",894,0,0,894,0,0,1,0,2,1,"TA",6,"Typ",0,"No fireplace","Other","RFn","2","TA","TA","Y",215,0,0,0,0,0,"No","No fence","None",0,9,2009,123000,0,1,37
"85","RL",60,7200,"Pave","No alley","Reg","Lvl","AllPub","Inside","Gtl","CollgCr","Norm","Norm","1Fam","Other",5,8,1972,2003,"Gable","CompShg","WdShing","HdBoard","None",0,"TA","Other","CBlock","Gd","TA","Other","GLQ",660,"Unf",0,108,768,"GasA","Other","Y","SBrkr",768,0,0,768,0,1,1,0,2,1,"TA",5,"Typ",0,"No fireplace","Other","Fin","Other","TA","TA","Y",192,0,0,0,0,0,"No","Other","None",0,4,2009,133900,0,1.5,6
"85","RL",70,8445,"Pave","No alley","Reg","Lvl","AllPub","Other","Gtl","CollgCr","Norm","Norm","1Fam","Other",5,7,1972,2007,"Gable","CompShg","HdBoard","Wd Shng","None",0,"TA","TA","CBlock","Gd","TA","Other","GLQ",656,"Unf",0,112,768,"GasA","TA","Y","SBrkr",768,0,0,768,1,0,1,0,2,1,"TA",5,"Typ",0,"No fireplace","Other","Unf","2","TA","TA","Y",58,0,0,0,0,0,"No","Other","None",0,3,2009,133000,0,2,2
"20","RL",90,11664,"Pave","No alley","Reg","Lvl","AllPub","Other","Gtl","CollgCr","Norm","Norm","1Fam","1Story",7,5,2002,2002,"Other","CompShg","VinylSd","VinylSd","None",0,"Other","TA","PConc","Gd","TA","Other","GLQ",1234,"Unf",0,335,1569,"GasA","Ex","Y","SBrkr",1611,0,0,1611,1,0,2,0,3,1,"Other",6,"Typ",0,"No fireplace","Attchd","RFn","Other","TA","TA","Y",262,93,0,0,0,0,"No","No fence","None",0,9,2009,250000,93,3,7
"60","RL",0,12334,"Pave","No alley","Other","Lvl","AllPub","Inside","Gtl","CollgCr","Norm","Norm","1Fam","Other",8,5,2003,2003,"Gable","CompShg","VinylSd","VinylSd","Other",198,"Other","TA","PConc","Gd","TA","Other","Unf",0,"Unf",0,1068,1068,"GasA","Ex","Y","SBrkr",1068,1116,0,2184,0,0,2,1,4,1,"Other",8,"Typ",1,"Gd","Other","RFn","2","TA","TA","Y",192,132,0,0,0,0,"No","No fence","None",0,6,2009,254750,132,2.5,6
"20","RL",0,11838,"Pave","No alley","Reg","Lvl","AllPub","Inside","Gtl","CollgCr","Norm","Norm","1Fam","1Story",8,5,2001,2001,"Other","CompShg","VinylSd","VinylSd","None",0,"Other","TA","PConc","Gd","TA","Other","Unf",0,"Unf",0,1753,1753,"GasA","Ex","Y","SBrkr",1788,0,0,1788,0,0,2,0,3,1,"Other",7,"Typ",1,"TA","Attchd","RFn","2","TA","TA","Y",202,151,0,0,0,0,"No","No fence","None",0,6,2009,236500,151,2,8
"60","RL",0,11885,"Pave","No alley","Reg","Lvl","AllPub","Inside","Gtl","CollgCr","Norm","Norm","1Fam","Other",8,5,2001,2001,"Gable","CompShg","VinylSd","VinylSd","Other",108,"Other","TA","PConc","Gd","TA","Other","GLQ",990,"Unf",0,309,1299,"GasA","Ex","Y","SBrkr",1299,573,0,1872,1,0,2,1,3,1,"Other",7,"Typ",1,"TA","Other","RFn","2","TA","TA","Y",160,122,0,0,0,0,"No","No fence","None",0,11,2009,261500,122,3.5,8
"60","RL",0,11050,"Pave","No alley","Reg","Lvl","AllPub","Inside","Gtl","CollgCr","Other","Norm","1Fam","Other",9,5,2000,2000,"Other","CompShg","VinylSd","VinylSd","Other",204,"Other","TA","PConc","Other","TA","Other","GLQ",904,"Unf",0,536,1440,"GasA","Ex","Y","SBrkr",1476,677,0,2153,1,0,2,1,3,1,"Other",8,"Typ",2,"Other","Attchd","Fin","Other","TA","TA","Y",253,142,0,0,0,0,"No","No fence","None",0,5,2009,313000,142,3.5,9
"60","RL",70,8749,"Pave","No alley","Reg","Lvl","AllPub","Inside","Gtl","CollgCr","Norm","Norm","1Fam","Other",7,5,2002,2002,"Gable","CompShg","VinylSd","VinylSd","None",0,"Other","TA","PConc","Gd","TA","No","Unf",0,"Unf",0,840,840,"GasA","Ex","Y","SBrkr",840,885,0,1725,0,0,2,1,3,1,"Other",6,"Typ",0,"No fireplace","Attchd","RFn","2","TA","TA","Y",0,48,0,0,0,0,"No","No fence","None",0,11,2009,198500,48,2.5,7
"60","RL",0,11250,"Pave","No alley","Reg","Lvl","AllPub","Other","Gtl","CollgCr","Norm","Norm","1Fam","Other",7,5,2001,2001,"Gable","CompShg","VinylSd","VinylSd","None",0,"Other","TA","PConc","Gd","TA","No","Unf",0,"Unf",0,944,944,"GasA","Ex","Y","SBrkr",944,926,0,1870,0,0,2,1,3,1,"Other",6,"Typ",0,"No fireplace","Attchd","RFn","2","TA","TA","Y",256,43,0,0,0,0,"No","No fence","None",0,5,2009,211000,43,2.5,8
"20","RL",90,15750,"Pave","No alley","Reg","Lvl","AllPub","Other","Gtl","CollgCr","Other","Norm","1Fam","1Story",8,5,1999,2000,"Gable","CompShg","VinylSd","VinylSd","Other",260,"Other","TA","PConc","Gd","TA","Other","GLQ",1246,"Unf",0,216,1462,"GasA","Ex","Y","SBrkr",1513,0,0,1513,1,0,2,0,2,1,"Other",5,"Typ",1,"TA","Attchd","Fin","2","TA","TA","Y",135,34,0,0,0,0,"No","No fence","None",0,6,2009,220000,34,3,9
"20","RL",73,11883,"Pave","No alley","Reg","Lvl","AllPub","Inside","Gtl","CollgCr","Norm","Norm","1Fam","1Story",7,5,1996,1996,"Other","CompShg","VinylSd","VinylSd","Other",196,"Other","TA","PConc","Gd","TA","Other","GLQ",690,"Unf",0,814,1504,"GasA","Ex","Y","SBrkr",1504,0,0,1504,1,0,2,0,3,1,"Other",6,"Typ",1,"TA","Attchd","Fin","2","TA","TA","Y",115,66,0,0,0,0,"No","No fence","None",0,6,2009,203000,66,3,13
"20","RL",0,12782,"Pave","No alley","Reg","Lvl","AllPub","Inside","Gtl","CollgCr","Norm","Norm","1Fam","1Story",8,5,2002,2003,"Other","CompShg","HdBoard","HdBoard","Other",164,"Other","TA","PConc","Other","TA","Other","GLQ",1360,"Unf",0,462,1822,"GasA","Ex","Y","SBrkr",1828,0,0,1828,1,0,2,0,3,1,"Other",7,"Typ",1,"Gd","Attchd","Fin","2","TA","TA","Y",194,144,0,0,0,0,"No","No fence","None",0,6,2009,279500,144,3,6
"20","RL",70,8750,"Pave","No alley","Reg","Lvl","AllPub","Inside","Gtl","CollgCr","Norm","Norm","1Fam","1Story",7,5,1997,1998,"Gable","CompShg","VinylSd","VinylSd","Other",209,"Other","TA","PConc","Gd","TA","Other","GLQ",1111,"Unf",0,306,1417,"GasA","Ex","Y","SBrkr",1417,0,0,1417,1,0,2,0,3,1,"Other",7,"Typ",1,"TA","Attchd","Unf","2","TA","TA","Y",60,0,0,0,117,0,"No","No fence","None",0,8,2009,210000,117,3,11
"60","RL",0,9375,"Pave","No alley","Reg","Lvl","AllPub","Inside","Gtl","CollgCr","Norm","Norm","1Fam","Other",7,5,1997,1998,"Gable","CompShg","VinylSd","VinylSd","Other",573,"TA","TA","PConc","Gd","TA","No","GLQ",739,"Unf",0,318,1057,"GasA","Ex","Y","SBrkr",1057,977,0,2034,1,0,2,1,3,1,"Other",8,"Typ",0,"No fireplace","Attchd","RFn","2","TA","TA","Y",576,36,0,0,0,0,"No","Other","None",0,2,2009,219500,36,3.5,11
"60","RL",70,8750,"Pave","No alley","Reg","Lvl","AllPub","Inside","Gtl","CollgCr","Norm","Norm","1Fam","Other",7,5,1996,1996,"Gable","CompShg","VinylSd","VinylSd","None",0,"Other","TA","PConc","Gd","TA","No","Unf",0,"Unf",0,880,880,"GasA","Ex","Y","SBrkr",909,807,0,1716,0,0,2,1,2,1,"Other",7,"Typ",1,"TA","Attchd","RFn","2","TA","TA","Y",0,120,0,0,0,0,"No","No fence","None",0,7,2009,191000,120,2.5,13
"20","RL",70,9100,"Pave","No alley","Reg","Lvl","AllPub","Inside","Gtl","CollgCr","Norm","Norm","1Fam","1Story",7,5,2001,2001,"Gable","CompShg","VinylSd","VinylSd","None",0,"Other","TA","PConc","Gd","TA","No","Unf",0,"Unf",0,1212,1212,"GasA","Ex","Y","SBrkr",1212,0,0,1212,0,0,2,0,3,1,"Other",6,"Typ",0,"No fireplace","Attchd","RFn","2","TA","TA","Y",356,0,0,0,0,0,"No","No fence","None",0,6,2009,178000,0,2,8
"20","RL",75,9750,"Pave","No alley","Reg","Lvl","AllPub","Inside","Gtl","CollgCr","Norm","Norm","1Fam","1Story",7,5,2000,2001,"Gable","CompShg","VinylSd","VinylSd","Other",171,"Other","TA","PConc","Gd","TA","No","Unf",0,"Unf",0,1630,1630,"GasA","Ex","Y","SBrkr",1630,0,0,1630,0,0,2,0,3,1,"Other",6,"Typ",1,"TA","Attchd","Unf","2","TA","TA","Y",74,234,0,0,0,0,"No","No fence","None",0,10,2009,213000,234,2,8
"120","Other",0,4435,"Pave","No alley","Reg","Lvl","AllPub","Inside","Gtl","CollgCr","Norm","Norm","Other","1Story",6,5,2003,2004,"Gable","CompShg","VinylSd","VinylSd","Other",170,"Other","TA","PConc","Gd","TA","Other","GLQ",685,"Unf",0,163,848,"GasA","Ex","Y","SBrkr",848,0,0,848,1,0,1,0,1,1,"Other",4,"Typ",0,"No fireplace","Attchd","Fin","2","TA","TA","Y",140,0,0,0,0,0,"No","No fence","None",0,6,2009,144000,0,2,5
"120","Other",0,4435,"Pave","No alley","Reg","Lvl","AllPub","Inside","Gtl","CollgCr","Norm","Norm","Other","1Story",6,5,2003,2003,"Gable","CompShg","VinylSd","VinylSd","Other",170,"Other","TA","PConc","Gd","TA","Other","GLQ",685,"Unf",0,163,848,"GasA","Ex","Y","SBrkr",848,0,0,848,1,0,1,0,1,1,"Other",4,"Typ",0,"No fireplace","Attchd","Fin","2","TA","TA","Y",140,0,0,0,0,0,"No","No fence","None",0,5,2009,140000,0,2,6
"20","RL",85,10200,"Pave","No alley","Reg","Lvl","AllPub","Inside","Gtl","CollgCr","Norm","Norm","1Fam","1Story",8,5,2007,2007,"Gable","CompShg","VinylSd","VinylSd","Other",180,"Other","TA","PConc","Gd","TA","Other","GLQ",1478,"Unf",0,100,1578,"GasA","Ex","Y","SBrkr",1602,0,0,1602,1,0,2,0,3,1,"Other",7,"Typ",1,"Gd","Attchd","RFn","Other","TA","TA","Y",0,48,0,0,195,0,"No","No fence","None",0,1,2009,293200,243,3,2
"60","RL",65,9313,"Pave","No alley","Other","Lvl","AllPub","Inside","Gtl","CollgCr","Norm","Norm","1Fam","Other",7,5,2004,2004,"Gable","CompShg","VinylSd","VinylSd","None",0,"Other","TA","PConc","Gd","TA","No","Unf",0,"Unf",0,864,864,"GasA","Ex","Y","SBrkr",864,864,0,1728,0,0,2,1,3,1,"Other",7,"Typ",0,"No fireplace","Attchd","RFn","2","TA","TA","Y",187,56,0,0,0,0,"No","No fence","None",0,4,2009,190000,56,2.5,5
"20","RL",63,8487,"Pave","No alley","Reg","Lvl","AllPub","Other","Gtl","CollgCr","Norm","Norm","1Fam","1Story",7,5,2004,2004,"Gable","CompShg","VinylSd","VinylSd","Other",210,"Other","TA","PConc","Gd","TA","Other","GLQ",20,"Unf",0,1480,1500,"GasA","Ex","Y","SBrkr",1500,0,0,1500,0,0,2,0,3,1,"Other",6,"Typ",0,"No fireplace","Attchd","RFn","2","TA","TA","Y",192,36,0,0,0,0,"No","No fence","None",0,8,2009,190000,36,2,5
"60","RL",64,8633,"Pave","No alley","Reg","Lvl","AllPub","Other","Gtl","CollgCr","Norm","Norm","1Fam","Other",6,5,2005,2005,"Gable","CompShg","VinylSd","VinylSd","None",0,"Other","TA","PConc","Gd","TA","No","GLQ",193,"Unf",0,545,738,"GasA","Ex","Y","SBrkr",738,738,0,1476,1,0,2,1,3,1,"Other",7,"Typ",0,"No fireplace","Attchd","Fin","2","TA","TA","Y",100,35,0,0,0,0,"No","No fence","None",0,2,2009,173500,35,3.5,4
"60","RL",85,11069,"Pave","No alley","Reg","Lvl","AllPub","Other","Gtl","CollgCr","Norm","Norm","1Fam","Other",6,5,2007,2007,"Gable","CompShg","VinylSd","VinylSd","None",0,"Other","TA","PConc","Gd","TA","No","Unf",0,"Unf",0,608,608,"GasA","Ex","Y","SBrkr",608,788,0,1396,0,0,2,1,3,1,"Other",6,"Typ",1,"Gd","Other","Fin","2","TA","TA","Y",100,36,0,0,0,0,"No","No fence","None",0,7,2009,170000,36,2.5,2
"20","RL",67,8777,"Pave","No alley","Reg","Lvl","AllPub","Inside","Gtl","Edwards","Other","Norm","1Fam","1Story",4,5,1949,2003,"Gable","CompShg","VinylSd","VinylSd","None",0,"TA","TA","CBlock","Other","Other","Other","Other",0,"Other",0,0,0,"GasA","Ex","Y","SBrkr",1126,0,0,1126,0,0,2,0,2,1,"Other",5,"Typ",0,"No fireplace","Other","Fin","2","TA","TA","Other",0,96,0,0,0,0,"No","Other","None",0,5,2009,108000,96,2,6
"20","RL",75,9937,"Pave","No alley","Reg","Lvl","AllPub","Other","Gtl","Edwards","Norm","Norm","1Fam","1Story",5,7,1964,1999,"Other","CompShg","MetalSd","MetalSd","None",0,"TA","Other","PConc","TA","TA","No","BLQ",637,"Unf",0,849,1486,"GasA","Ex","Y","SBrkr",1486,0,0,1486,1,0,1,0,3,1,"TA",7,"Typ",0,"No fireplace","Other","Fin","2","TA","TA","Y",0,0,0,0,0,0,"No","Other","None",0,3,2009,167000,0,2,10
"20","RL",67,8877,"Pave","No alley","Reg","Lvl","AllPub","Inside","Other","Edwards","Norm","Norm","1Fam","1Story",4,6,1938,1958,"Gable","CompShg","MetalSd","MetalSd","None",0,"TA","TA","CBlock","TA","TA","Other","ALQ",690,"Unf",0,126,816,"GasA","Ex","Y","SBrkr",816,0,0,816,1,0,1,0,2,1,"TA",3,"Typ",1,"Gd","Other","Unf","Other","Other","Other","Y",0,0,0,0,0,0,"No","No fence","None",0,5,2009,100000,0,2,51
"85","RL",64,7301,"Pave","No alley","Reg","Lvl","AllPub","Other","Gtl","Edwards","Norm","Norm","1Fam","Other",7,5,2003,2003,"Gable","CompShg","HdBoard","HdBoard","Other",500,"Other","TA","Other","Other","Other","Other","Other",0,"Other",0,0,0,"GasA","Ex","Y","SBrkr",495,1427,0,1922,0,0,3,0,4,1,"Other",7,"Typ",1,"Other","Other","RFn","2","TA","TA","Y",0,0,177,0,0,0,"No","No fence","None",0,7,2009,198500,177,3,6
"60","RL",75,7950,"Pave","No alley","Other","Other","AllPub","Other","Gtl","Edwards","Norm","Norm","1Fam","Other",6,6,1977,1977,"Other","CompShg","HdBoard","Plywood","Other",140,"TA","TA","CBlock","TA","TA","No","BLQ",535,"Unf",0,155,690,"GasA","TA","Y","SBrkr",698,728,0,1426,0,0,1,1,3,1,"TA",6,"Typ",0,"No fireplace","Attchd","Fin","2","TA","TA","Y",252,0,0,0,0,0,"No","Other","None",0,7,2009,159500,0,1.5,32
"20","RL",80,10682,"Pave","No alley","Reg","Lvl","AllPub","Inside","Gtl","Edwards","Norm","Norm","1Fam","1Story",4,6,1960,1971,"Gable","CompShg","HdBoard","HdBoard","None",0,"TA","TA","CBlock","TA","TA","No","GLQ",399,"Unf",0,615,1014,"GasA","TA","Y","SBrkr",1149,0,0,1149,1,0,1,0,3,1,"TA",7,"Other",0,"No fireplace","Other","Fin","Other","TA","TA","Y",0,240,0,0,0,0,"No","Other","None",0,7,2009,127000,240,2,38
"20","RL",86,13286,"Pave","No alley","Other","Lvl","AllPub","Inside","Gtl","Edwards","Norm","Norm","1Fam","1Story",9,5,2007,2008,"Other","CompShg","CemntBd","CmentBd","Other",340,"Other","TA","PConc","Other","TA","No","GLQ",1234,"Unf",0,464,1698,"GasA","Ex","Y","SBrkr",1698,0,0,1698,1,0,2,0,3,1,"Other",8,"Typ",1,"Gd","Attchd","Fin","Other","TA","TA","Y",327,64,0,0,0,0,"No","No fence","None",0,2,2009,320000,64,3,1
"180","Other",35,3675,"Pave","No alley","Reg","Lvl","AllPub","Inside","Gtl","Edwards","Norm","Norm","Other","Other",6,5,2005,2006,"Gable","CompShg","VinylSd","VinylSd","Other",80,"TA","TA","Other","Gd","TA","Other","GLQ",547,"Unf",0,0,547,"GasA","Other","Y","SBrkr",1072,0,0,1072,1,0,1,0,2,1,"TA",5,"Typ",0,"No fireplace","Other","Fin","2","TA","TA","Y",0,28,0,0,0,0,"No","No fence","None",0,4,2009,145500,28,2,3
"20","RL",50,9405,"Pave","No alley","Reg","Lvl","AllPub","Inside","Gtl","Edwards","Norm","Norm","1Fam","1Story",5,9,1947,2008,"Other","CompShg","VinylSd","VinylSd","None",0,"TA","Other","CBlock","TA","TA","No","Unf",0,"Unf",0,698,698,"GasA","Ex","Y","SBrkr",698,0,0,698,0,1,1,0,2,1,"TA",4,"Typ",0,"No fireplace","Other","Other","Other","Other","Other","Y",0,200,0,0,0,0,"No","No fence","None",0,6,2009,118000,200,1.5,1
"20","RL",64,6410,"Pave","No alley","Reg","Other","AllPub","Inside","Other","Edwards","Norm","Norm","1Fam","1Story",4,5,1959,1959,"Gable","CompShg","AsbShng","AsbShng","None",0,"TA","TA","CBlock","TA","TA","No","Other",332,"Other",243,301,876,"GasA","TA","Y","Other",876,0,0,876,0,0,1,0,3,1,"TA",5,"Typ",0,"No fireplace","Other","Unf","Other","TA","TA","Y",0,0,0,0,0,0,"No","Other","None",0,3,2009,85000,0,1,50
"20","RL",70,11767,"Pave","No alley","Reg","Lvl","AllPub","Inside","Gtl","Edwards","Norm","Norm","1Fam","1Story",5,5,1950,1950,"Gable","CompShg","MetalSd","MetalSd","None",0,"TA","TA","CBlock","Other","TA","Other","Rec",1078,"Unf",0,0,1078,"GasA","TA","Y","Other",1368,0,0,1368,1,0,1,0,3,1,"TA",6,"Other",0,"No fireplace","Attchd","RFn","Other","TA","TA","Y",0,41,211,0,0,0,"No","No fence","Other",900,6,2009,120000,252,2,59
"50","RL",50,8405,"Pave","No alley","Reg","Lvl","AllPub","Inside","Gtl","Edwards","Norm","Norm","1Fam","Other",4,3,1945,1950,"Gable","CompShg","WdShing","Wd Shng","None",0,"TA","TA","Other","Other","Other","Other","Other",0,"Other",0,0,0,"Other","TA","Other","Other",1088,441,0,1529,0,0,2,0,4,1,"TA",9,"Other",0,"No fireplace","Other","Unf","Other","TA","TA","Other",92,0,185,0,0,0,"No","No fence","None",0,4,2009,98000,185,2,59
"30","RL",56,4060,"Pave","No alley","Reg","Lvl","AllPub","Other","Gtl","Edwards","Other","Norm","1Fam","1Story",5,8,1922,1950,"Gable","CompShg","Wd Sdng","Wd Sdng","None",0,"TA","TA","PConc","Other","TA","No","Unf",0,"Unf",0,864,864,"GasA","Ex","Y","SBrkr",864,0,0,864,0,0,1,0,2,1,"TA",4,"Typ",0,"No fireplace","Other","Other","Other","Other","Other","Y",0,96,0,0,0,0,"No","No fence","None",0,7,2009,99900,96,1,59
"20","RL",74,10206,"Pave","No alley","Reg","Lvl","AllPub","Other","Gtl","Edwards","Norm","Norm","1Fam","1Story",3,3,1952,1952,"Other","Other","Other","Brk Cmn","None",0,"TA","TA","Other","Other","Other","Other","Other",0,"Other",0,0,0,"Other","Other","Other","Other",944,0,0,944,0,0,1,0,2,1,"Other",4,"Other",0,"No fireplace","Other","Unf","2","TA","Other","Y",0,0,0,0,0,0,"No","No fence","None",0,7,2009,82000,0,1,57
"90","RL",65,10926,"Pave","No alley","Reg","Lvl","AllPub","Inside","Gtl","Edwards","Norm","Norm","Other","1Story",5,5,1959,1959,"Other","CompShg","VinylSd","VinylSd","Other",74,"TA","TA","CBlock","TA","TA","No","Unf",0,"Unf",0,1678,1678,"GasA","TA","Y","SBrkr",1678,0,0,1678,0,0,2,0,6,2,"TA",10,"Typ",0,"No fireplace","Other","Other","Other","Other","Other","Y",0,0,0,0,0,0,"No","No fence","None",0,8,2009,119900,0,2,50
"20","RL",70,11767,"Pave","No alley","Reg","Lvl","AllPub","Inside","Gtl","Edwards","Norm","Norm","1Fam","1Story",5,5,1956,1956,"Other","CompShg","HdBoard","HdBoard","Other",259,"TA","TA","CBlock","TA","TA","No","Rec",546,"Unf",0,604,1150,"GasA","Ex","Y","SBrkr",1560,0,0,1560,0,0,1,0,2,1,"TA",7,"Other",1,"TA","Attchd","Unf","Other","TA","TA","Y",0,0,0,0,0,0,"No","No fence","None",0,5,2009,103500,0,1,53
"50","RL",67,12354,"Pave","Other","Reg","Lvl","AllPub","Other","Gtl","Edwards","Norm","Norm","1Fam","Other",6,8,1920,2000,"Gable","CompShg","Wd Sdng","Wd Sdng","None",0,"TA","TA","Other","TA","Other","Other","Unf",0,"Unf",0,684,684,"GasA","Other","Y","SBrkr",684,512,0,1196,0,0,1,0,3,1,"Other",7,"Typ",0,"No fireplace","Other","Unf","2","TA","TA","Y",0,46,0,0,0,0,"No","Other","Other",800,8,2009,110000,46,1,9
"50","RL",45,8212,"Pave","Other","Reg","Lvl","AllPub","Inside","Gtl","Edwards","Norm","Norm","1Fam","Other",5,6,1941,1950,"Gable","CompShg","Wd Sdng","Wd Sdng","None",0,"TA","TA","CBlock","TA","TA","No","Rec",626,"Unf",0,94,720,"GasA","Ex","Y","SBrkr",854,444,0,1298,0,0,1,0,3,1,"TA",6,"Typ",2,"Gd","Other","Unf","Other","TA","TA","Y",84,0,0,0,0,0,"No","No fence","None",0,9,2009,122000,0,1,59
"50","RL",60,10998,"Pave","Other","Reg","Lvl","AllPub","Inside","Gtl","Edwards","Norm","Norm","1Fam","Other",5,5,1941,1960,"Gable","CompShg","Wd Sdng","Wd Sdng","None",0,"TA","TA","CBlock","TA","TA","No","Other",408,"Other",420,156,984,"GasA","Ex","Y","SBrkr",984,620,0,1604,0,0,2,0,3,1,"TA",6,"Other",0,"No fireplace","Other","Unf","2","TA","TA","Y",0,68,0,0,0,0,"No","No fence","None",0,7,2009,117000,68,2,49
"30","RL",60,8400,"Pave","No alley","Reg","Other","AllPub","Inside","Gtl","SWISU","Norm","Norm","1Fam","1Story",2,5,1920,1950,"Gable","CompShg","Wd Sdng","Wd Sdng","None",0,"TA","TA","CBlock","TA","Other","No","Rec",290,"Unf",0,0,290,"GasA","TA","Other","Other",438,0,0,438,0,0,1,0,1,1,"Other",3,"Typ",0,"No fireplace","Other","Unf","Other","TA","TA","Other",0,0,0,0,0,0,"No","No fence","None",0,1,2009,60000,0,1,59
"50","RL",60,9900,"Pave","No alley","Reg","Lvl","AllPub","Inside","Gtl","SWISU","Norm","Norm","1Fam","Other",6,7,1940,1950,"Gable","CompShg","VinylSd","VinylSd","None",0,"TA","TA","Other","TA","TA","No","Unf",0,"Unf",0,778,778,"GasA","TA","Y","SBrkr",944,545,0,1489,0,0,2,0,3,1,"TA",7,"Typ",1,"Gd","Other","Unf","Other","TA","TA","Y",335,0,0,0,0,0,"No","Other","None",0,7,2009,139500,0,2,59
"75","RL",102,15863,"Pave","No alley","Reg","Lvl","AllPub","Other","Gtl","SWISU","Norm","Norm","1Fam","Other",7,3,1920,1970,"Gable","CompShg","Wd Sdng","Plywood","None",0,"TA","TA","Other","TA","TA","No","GLQ",523,"Unf",0,301,824,"GasA","Ex","Y","SBrkr",1687,998,397,3082,1,0,2,1,5,1,"TA",12,"Typ",2,"TA","Other","Fin","2","TA","TA","Y",136,63,0,0,0,0,"No","No fence","None",0,8,2009,197000,63,3.5,39
"70","RL",43,5707,"Pave","No alley","Reg","Other","AllPub","Inside","Gtl","SWISU","Other","Norm","1Fam","Other",6,6,1935,1950,"Gable","CompShg","Wd Sdng","Wd Sdng","None",0,"TA","TA","Other","TA","TA","No","Unf",0,"Unf",0,583,583,"GasA","Other","Y","Other",647,595,0,1242,0,0,1,1,3,1,"TA",6,"Typ",1,"Gd","Other","Unf","Other","Other","TA","Y",329,96,0,0,0,0,"No","No fence","None",0,3,2009,105000,96,1.5,59
"50","RL",65,7804,"Pave","No alley","Reg","Lvl","AllPub","Inside","Gtl","SWISU","Norm","Norm","1Fam","Other",4,3,1928,1950,"Gable","CompShg","WdShing","Plywood","None",0,"TA","TA","Other","TA","TA","No","BLQ",622,"Unf",0,500,1122,"GasA","TA","Y","SBrkr",1328,653,0,1981,1,0,2,0,4,1,"Other",7,"Other",2,"TA","Other","Unf","2","TA","TA","Y",431,44,0,0,0,0,"No","Other","None",0,12,2009,135000,44,3,59
"30","RL",64,8574,"Pave","No alley","Reg","Lvl","AllPub","Inside","Gtl","Crawfor","Norm","Norm","1Fam","1Story",6,8,1916,2000,"Gable","CompShg","Stucco","Stucco","None",0,"Other","TA","Other","TA","TA","No","Unf",0,"Unf",0,816,816,"GasA","Ex","Y","SBrkr",1232,0,0,1232,0,0,1,0,3,1,"Other",6,"Typ",1,"Gd","Other","Unf","2","TA","TA","Y",0,0,180,0,0,0,"No","No fence","None",0,10,2009,147500,180,1,9
"50","RL",51,6171,"Pave","No alley","Reg","Lvl","AllPub","Inside","Gtl","SWISU","Norm","Norm","1Fam","Other",6,6,1925,1990,"Gable","CompShg","WdShing","Wd Shng","None",0,"TA","TA","Other","TA","TA","No","BLQ",264,"Unf",0,712,976,"GasA","Ex","Y","SBrkr",1160,448,0,1608,0,0,2,1,3,1,"Other",7,"Typ",1,"Gd","Other","Unf","Other","Other","TA","Y",147,16,0,0,0,0,"No","Other","None",0,10,2009,137450,16,2.5,19
"70","RL",60,7200,"Pave","No alley","Reg","Lvl","AllPub","Inside","Gtl","SWISU","Other","Norm","1Fam","Other",7,9,1936,2007,"Gable","CompShg","Wd Sdng","Wd Sdng","None",0,"Other","Other","PConc","Gd","Other","No","ALQ",350,"Other",210,0,560,"GasA","Ex","Y","SBrkr",575,560,0,1135,1,0,1,0,3,1,"Other",6,"Typ",0,"No fireplace","Other","RFn","2","TA","TA","Y",256,0,0,0,0,0,"No","Other","None",0,4,2009,155000,0,2,2
"50","RL",57,7558,"Pave","No alley","Reg","Other","AllPub","Inside","Gtl","Crawfor","Norm","Norm","1Fam","Other",6,6,1928,1950,"Gable","CompShg","BrkFace","Other","None",0,"TA","TA","Other","TA","TA","No","Unf",0,"Unf",0,896,896,"GasA","Other","Y","SBrkr",1172,741,0,1913,0,0,1,1,3,1,"TA",9,"Typ",1,"TA","Other","Unf","2","Other","Other","Y",0,0,0,0,0,0,"No","No fence","None",0,3,2009,177000,0,1.5,59
"50","RL",52,6292,"Pave","No alley","Reg","Lvl","AllPub","Inside","Gtl","SWISU","Norm","Norm","1Fam","Other",7,7,1928,1950,"Gable","CompShg","Wd Sdng","Wd Sdng","None",0,"TA","TA","Other","TA","TA","No","Unf",0,"Unf",0,861,861,"GasA","Other","Y","SBrkr",877,600,0,1477,0,1,2,0,3,1,"TA",6,"Typ",1,"Gd","Other","Unf","Other","TA","TA","Y",0,50,0,0,0,0,"No","No fence","None",0,8,2009,145000,50,2.5,59
"70","RL",53,7155,"Pave","No alley","Reg","Lvl","AllPub","Inside","Gtl","Crawfor","Norm","Norm","1Fam","Other",7,8,1918,1990,"Other","CompShg","Wd Sdng","Wd Sdng","None",0,"TA","TA","Other","TA","Other","Other","Unf",0,"Unf",0,600,600,"GasA","Ex","Y","SBrkr",628,600,0,1228,0,0,1,0,3,1,"TA",6,"Typ",1,"Gd","Other","Unf","Other","Other","TA","Y",0,113,0,0,195,0,"No","Other","None",0,5,2009,137000,308,1,19
"70","RL",53,10918,"Pave","No alley","Reg","Lvl","AllPub","Inside","Gtl","Crawfor","Norm","Norm","1Fam","Other",7,9,1926,2004,"Other","CompShg","MetalSd","MetalSd","None",0,"Other","TA","Other","Gd","TA","No","Unf",0,"Unf",0,1276,1276,"GasA","Ex","Y","SBrkr",1276,804,0,2080,0,0,1,1,3,1,"Other",9,"Typ",2,"Gd","Other","Unf","Other","TA","TA","Y",0,0,0,0,145,0,"No","Other","None",0,6,2009,234000,145,1.5,5
"50","RL",60,13680,"Pave","No alley","Reg","Other","AllPub","Inside","Other","Crawfor","Norm","Norm","1Fam","Other",5,6,1940,1950,"Gable","CompShg","Wd Sdng","Wd Sdng","None",0,"TA","TA","CBlock","TA","TA","No","ALQ",728,"Unf",0,112,840,"GasA","Ex","Y","SBrkr",840,727,0,1567,1,0,1,1,2,1,"TA",6,"Other",2,"TA","Other","Unf","2","TA","TA","Y",0,21,150,0,0,0,"No","Other","None",0,2,2009,205000,171,2.5,59
"70","RL",0,7500,"Pave","No alley","Other","Other","AllPub","Inside","Gtl","Crawfor","Norm","Norm","1Fam","Other",6,7,1942,1950,"Gable","CompShg","Wd Sdng","Wd Sdng","None",0,"TA","TA","CBlock","TA","TA","No","BLQ",547,"Unf",0,224,771,"GasA","Other","Y","SBrkr",753,741,0,1494,0,0,1,0,3,1,"Other",7,"Typ",2,"Gd","Attchd","Unf","Other","TA","TA","Other",0,0,0,0,224,0,"No","No fence","None",0,11,2009,177500,224,1,59
"50","RL",130,9600,"Pave","No alley","Other","Other","AllPub","Inside","Gtl","Crawfor","Norm","Norm","1Fam","Other",5,7,1940,1950,"Gable","CompShg","MetalSd","MetalSd","None",0,"Other","Other","Other","TA","Other","No","Rec",428,"Unf",0,300,728,"GasA","Ex","Y","SBrkr",976,332,0,1308,1,0,1,1,2,1,"TA",7,"Other",2,"TA","Other","Unf","Other","TA","TA","Y",0,70,0,0,0,0,"No","No fence","None",0,6,2009,160000,70,2.5,59
"20","RL",80,14680,"Pave","Other","Other","Other","AllPub","Inside","Gtl","Crawfor","Norm","Norm","1Fam","1Story",5,4,1960,1960,"Gable","CompShg","MetalSd","MetalSd","None",0,"TA","TA","CBlock","TA","TA","No","Rec",793,"Unf",0,480,1273,"GasA","Ex","Y","SBrkr",1273,0,0,1273,0,0,1,0,2,1,"TA",5,"Typ",0,"No fireplace","Attchd","Unf","Other","TA","TA","Y",483,0,0,0,115,0,"No","Other","None",0,6,2009,155000,115,1,49
"30","RL",80,13360,"Pave","Other","Other","Other","AllPub","Inside","Gtl","Crawfor","Norm","Norm","1Fam","1Story",5,7,1921,2006,"Gable","CompShg","Wd Sdng","Wd Sdng","None",0,"TA","Other","Other","Gd","TA","No","ALQ",713,"Unf",0,163,876,"GasA","Ex","Y","SBrkr",964,0,0,964,1,0,1,0,2,1,"TA",5,"Typ",0,"No fireplace","Other","Unf","2","TA","TA","Y",0,0,44,0,0,0,"No","No fence","None",0,8,2009,163500,44,2,3
"50","RL",54,7681,"Pave","No alley","Other","Lvl","AllPub","Other","Gtl","Crawfor","Norm","Norm","1Fam","Other",5,6,1921,1950,"Gable","CompShg","Wd Sdng","Wd Sdng","None",0,"TA","TA","Other","TA","TA","No","Unf",0,"Unf",0,731,731,"GasA","Ex","Y","SBrkr",820,523,0,1343,0,0,1,1,3,1,"TA",7,"Typ",1,"Gd","Other","Unf","Other","Other","TA","Y",192,0,102,0,0,0,"No","No fence","None",0,7,2009,154900,102,1.5,59
"90","RL",0,8145,"Pave","No alley","Other","Other","AllPub","Other","Gtl","Crawfor","Norm","Norm","Other","Other",7,6,1940,1950,"Gable","CompShg","Wd Sdng","Wd Sdng","None",0,"TA","TA","Other","TA","TA","No","Other",246,"Unf",0,674,920,"GasA","Ex","Y","SBrkr",1240,1240,0,2480,0,0,2,1,5,2,"TA",13,"Typ",2,"Gd","Other","Unf","2","TA","TA","Y",0,0,57,0,0,0,"No","No fence","None",0,7,2009,205000,57,2.5,59
"70","RL",75,12000,"Pave","No alley","Reg","Other","AllPub","Inside","Gtl","Crawfor","Norm","Norm","1Fam","Other",7,7,1941,1950,"Gable","CompShg","MetalSd","MetalSd","None",0,"TA","TA","CBlock","TA","TA","No","Rec",275,"Unf",0,429,704,"GasA","Ex","Y","SBrkr",860,704,0,1564,0,0,1,1,3,1,"Other",7,"Typ",1,"Gd","Attchd","Unf","Other","TA","TA","Y",0,0,0,0,0,0,"No","No fence","None",0,7,2009,174500,0,1.5,59
"20","RL",90,13339,"Pave","No alley","Other","Lvl","AllPub","Inside","Gtl","Crawfor","Norm","Norm","1Fam","1Story",6,6,1960,1960,"Gable","CompShg","HdBoard","Plywood","Other",132,"TA","TA","CBlock","TA","TA","No","Other",65,"Other",875,621,1561,"GasA","TA","Y","SBrkr",1561,0,0,1561,1,0,2,0,3,1,"TA",6,"Typ",1,"Gd","Attchd","Fin","2","TA","TA","Y",0,148,0,0,120,0,"No","No fence","None",0,5,2009,193000,268,3,49
"50","RL",78,15600,"Pave","No alley","Reg","Other","AllPub","Inside","Gtl","Crawfor","Norm","Norm","1Fam","Other",5,7,1949,2005,"Gable","CompShg","Other","Brk Cmn","None",0,"TA","TA","Other","TA","TA","No","BLQ",312,"Other",507,248,1067,"Other","Other","Other","SBrkr",986,537,0,1523,1,0,2,0,3,1,"Other",7,"Other",1,"TA","Attchd","Unf","Other","TA","TA","Y",0,0,81,0,0,0,"No","No fence","None",0,10,2009,158000,81,3,4
"20","RL",100,17500,"Pave","No alley","Reg","Other","AllPub","Other","Other","Crawfor","Other","Norm","1Fam","1Story",6,5,1954,1954,"Gable","CompShg","HdBoard","HdBoard","Other",420,"TA","TA","PConc","TA","TA","Other","Other",784,"Other",435,91,1310,"GasA","Ex","Y","SBrkr",1906,0,0,1906,1,0,1,1,3,1,"TA",6,"Typ",2,"Gd","Other","Unf","2","TA","TA","Y",0,201,0,0,0,0,"No","No fence","None",0,1,2009,224000,201,2.5,55
"160","Other",24,1733,"Pave","No alley","Reg","Lvl","AllPub","Inside","Gtl","Other","Norm","Norm","Other","Other",6,6,1980,1980,"Gable","CompShg","MetalSd","MetalSd","None",0,"TA","TA","CBlock","TA","TA","No","Unf",0,"Unf",0,516,516,"GasA","TA","Y","SBrkr",516,516,0,1032,0,0,1,0,2,1,"TA",5,"Typ",1,"TA","Other","Unf","2","TA","TA","Y",279,0,0,0,0,0,"No","Other","None",0,5,2009,115000,0,1,29
"160","Other",24,1488,"Pave","No alley","Reg","Lvl","AllPub","Inside","Gtl","Other","Norm","Norm","Other","Other",6,6,1980,1992,"Gable","CompShg","MetalSd","MetalSd","None",0,"TA","Other","CBlock","Gd","TA","Other","ALQ",471,"Unf",0,90,561,"GasA","TA","Y","SBrkr",561,668,0,1229,1,0,1,1,2,1,"Other",5,"Typ",1,"TA","Attchd","Fin","2","TA","TA","Y",176,0,0,0,0,0,"No","Other","None",0,10,2009,137000,0,2.5,17
"160","Other",24,1612,"Pave","No alley","Reg","Lvl","AllPub","Inside","Gtl","Other","Norm","Norm","Other","Other",6,6,1980,1980,"Gable","CompShg","MetalSd","MetalSd","None",0,"TA","TA","CBlock","Gd","TA","No","Unf",0,"Unf",0,561,561,"GasA","TA","Y","SBrkr",561,668,0,1229,0,0,1,1,2,1,"TA",5,"Typ",1,"TA","Attchd","Fin","2","TA","TA","Y",154,0,0,0,0,0,"No","Other","None",0,7,2009,121000,0,1.5,29
"160","Other",24,1300,"Pave","No alley","Reg","Lvl","AllPub","Inside","Gtl","Other","Norm","Norm","Other","Other",6,6,1980,1980,"Gable","CompShg","MetalSd","MetalSd","None",0,"TA","TA","CBlock","Gd","TA","No","ALQ",285,"Unf",0,276,561,"GasA","TA","Y","SBrkr",561,668,0,1229,0,0,1,1,2,1,"TA",5,"Typ",1,"TA","Attchd","Fin","2","TA","TA","Y",150,0,0,0,0,0,"No","Other","None",0,5,2009,124000,0,1.5,29
"80","RL",0,13607,"Pave","No alley","Other","Lvl","AllPub","Inside","Gtl","Crawfor","Norm","Norm","1Fam","Other",6,6,1986,1986,"Gable","CompShg","VinylSd","VinylSd","Other",242,"TA","Other","CBlock","TA","TA","No","ALQ",454,"Unf",0,118,572,"GasA","Other","Y","SBrkr",1182,800,0,1982,1,0,2,1,3,1,"TA",6,"Typ",1,"TA","Other","Fin","2","TA","TA","Y",400,112,0,0,0,0,"No","No fence","Other",1500,4,2009,208000,112,3.5,23
"20","RL",0,17597,"Pave","No alley","Reg","Other","AllPub","Inside","Gtl","Crawfor","Norm","Norm","1Fam","1Story",7,9,1971,2009,"Other","CompShg","BrkFace","BrkFace","None",0,"Other","Other","CBlock","Gd","TA","No","GLQ",803,"Other",419,581,1803,"GasA","TA","Y","SBrkr",2365,0,0,2365,1,0,2,0,3,1,"Other",7,"Other",2,"Gd","Attchd","Fin","2","TA","TA","Y",200,144,0,0,0,0,"No","Other","None",0,7,2009,315000,144,3,0
"20","RL",0,21695,"Pave","No alley","Other","Lvl","AllPub","Other","Gtl","Crawfor","Norm","Norm","1Fam","1Story",6,9,1988,2007,"Other","CompShg","Wd Sdng","Plywood","Other",260,"Other","Other","CBlock","Gd","TA","No","GLQ",808,"Unf",0,72,880,"GasA","Ex","Y","SBrkr",1680,0,0,1680,1,0,2,0,3,1,"Other",5,"Typ",1,"Gd","Attchd","Fin","2","TA","TA","Y",292,44,0,182,0,0,"No","No fence","None",0,12,2009,222000,226,3,2
"70","Other",59,10690,"Pave","No alley","Reg","Lvl","AllPub","Inside","Gtl","IDOTRR","Norm","Norm","1Fam","Other",5,7,1920,1997,"Other","CompShg","VinylSd","VinylSd","None",0,"TA","Other","CBlock","TA","Other","No","Rec",456,"Unf",0,216,672,"GasA","Other","Y","Other",672,672,0,1344,0,0,1,0,3,1,"TA",6,"Typ",0,"No fireplace","Other","Unf","Other","TA","Other","Y",0,128,218,0,0,0,"No","No fence","None",0,7,2009,147000,346,1,12
"70","Other",50,8660,"Pave","No alley","Reg","Other","AllPub","Inside","Gtl","IDOTRR","Norm","Norm","1Fam","Other",5,6,1900,1993,"Other","CompShg","AsbShng","AsbShng","None",0,"TA","TA","Other","TA","TA","No","Unf",0,"Unf",0,760,760,"GasA","Ex","Other","SBrkr",928,928,312,2168,0,0,2,0,5,1,"Other",11,"Typ",0,"No fireplace","Other","Unf","2","TA","TA","Y",467,160,78,0,0,0,"No","No fence","None",0,12,2009,123000,238,2,16
"70","Other",60,6402,"Pave","No alley","Reg","Lvl","AllPub","Other","Gtl","IDOTRR","Norm","Norm","1Fam","Other",5,5,1920,1950,"Gable","CompShg","Wd Sdng","Wd Shng","None",0,"TA","TA","PConc","TA","TA","Other","Unf",0,"Unf",0,596,596,"GasA","TA","Other","SBrkr",596,596,0,1192,0,0,1,0,3,1,"TA",6,"Typ",0,"No fireplace","Other","Unf","Other","Other","Other","Other",0,0,137,0,0,0,"No","Other","None",0,7,2009,78000,137,1,59
"60","RL",75,10125,"Pave","No alley","Reg","Lvl","AllPub","Inside","Gtl","Mitchel","Norm","Norm","1Fam","Other",8,5,2000,2001,"Gable","CompShg","CemntBd","CmentBd","None",0,"Other","TA","PConc","Gd","TA","No","ALQ",445,"Other",250,412,1107,"GasA","Ex","Y","SBrkr",1040,1012,0,2052,0,0,2,1,3,1,"Other",7,"Typ",1,"TA","Other","Fin","Other","TA","TA","Y",210,91,0,0,0,0,"No","No fence","None",0,5,2009,251000,91,2.5,8
"20","RL",43,12118,"Pave","No alley","Other","Lvl","AllPub","Other","Gtl","Mitchel","Norm","Norm","1Fam","1Story",7,5,2004,2005,"Other","CompShg","VinylSd","VinylSd","Other",108,"Other","TA","PConc","Other","TA","Other","Unf",0,"Unf",0,1710,1710,"GasA","Ex","Y","SBrkr",1710,0,0,1710,0,0,2,0,3,1,"Other",7,"Typ",1,"Gd","Attchd","Fin","2","TA","TA","Y",100,48,0,0,180,0,"No","No fence","None",0,4,2009,240000,228,2,4
"60","RL",71,12209,"Pave","No alley","Other","Lvl","AllPub","Other","Gtl","Mitchel","Norm","Norm","1Fam","Other",6,5,2001,2002,"Gable","CompShg","VinylSd","VinylSd","None",0,"TA","TA","PConc","Other","TA","No","ALQ",690,"Unf",0,114,804,"GasA","Ex","Y","SBrkr",804,1157,0,1961,1,0,2,1,3,1,"Other",7,"Typ",1,"TA","Other","Fin","2","TA","TA","Y",125,192,0,0,0,0,"No","No fence","None",0,6,2009,215000,192,3.5,7
"85","RL",75,9750,"Pave","No alley","Reg","Lvl","AllPub","Inside","Gtl","Mitchel","Norm","Norm","1Fam","Other",6,6,1977,1977,"Gable","CompShg","Plywood","Plywood","None",0,"TA","TA","CBlock","TA","TA","Other","ALQ",767,"Unf",0,135,902,"GasA","Ex","Y","SBrkr",926,0,0,926,1,0,1,0,2,1,"TA",5,"Typ",1,"TA","Attchd","Unf","Other","TA","TA","Y",319,0,0,0,0,0,"No","Other","None",0,4,2009,156450,0,2,32
"85","RL",72,9360,"Pave","No alley","Reg","Other","AllPub","Inside","Gtl","Mitchel","Norm","Norm","1Fam","Other",6,7,1977,1977,"Gable","CompShg","Plywood","Plywood","None",0,"TA","TA","CBlock","Gd","TA","Other","GLQ",841,"Other",116,0,957,"GasA","TA","Y","SBrkr",1287,0,0,1287,1,0,1,1,2,1,"TA",5,"Typ",2,"Other","Attchd","RFn","2","TA","TA","Y",302,39,0,0,120,0,"No","Other","None",0,11,2009,173000,159,2.5,32
"90","RL",75,10125,"Pave","No alley","Reg","Lvl","AllPub","Inside","Gtl","Mitchel","Norm","Norm","Other","Other",5,5,1977,1977,"Gable","CompShg","Plywood","Plywood","None",0,"TA","TA","CBlock","Other","Other","Other","Other",0,"Other",0,0,0,"GasA","TA","Y","SBrkr",1302,432,0,1734,0,0,2,0,4,2,"Other",8,"Typ",0,"No fireplace","Attchd","Unf","2","TA","TA","Y",0,0,0,0,0,0,"No","No fence","None",0,8,2009,126000,0,2,32
"80","RL",0,9947,"Pave","No alley","Other","Lvl","AllPub","Other","Gtl","Mitchel","Norm","Norm","1Fam","Other",7,5,1990,1991,"Gable","CompShg","HdBoard","HdBoard","None",0,"TA","TA","PConc","Gd","TA","Other","GLQ",611,"Unf",0,577,1188,"GasA","Ex","Y","SBrkr",1217,0,0,1217,1,0,2,0,3,1,"Other",6,"Typ",0,"No fireplace","Attchd","Unf","2","TA","TA","Y",168,27,0,0,0,0,"No","Other","None",0,6,2009,173000,27,3,18
"20","RL",150,215245,"Pave","No alley","Other","Other","AllPub","Inside","Other","Timber","Norm","Norm","1Fam","1Story",7,5,1965,1965,"Other","CompShg","BrkFace","BrkFace","None",0,"TA","TA","CBlock","Gd","TA","Other","ALQ",1236,"Other",820,80,2136,"Other","TA","Y","SBrkr",2036,0,0,2036,2,0,2,0,3,1,"TA",8,"Typ",2,"Gd","Attchd","RFn","2","TA","TA","Y",0,0,0,0,0,0,"No","No fence","None",0,6,2009,375000,0,4,44
"20","RL",89,12898,"Pave","No alley","Other","Other","AllPub","Inside","Gtl","Timber","Norm","Norm","1Fam","1Story",9,5,2007,2008,"Other","CompShg","VinylSd","VinylSd","Other",70,"Other","TA","PConc","Other","TA","Other","GLQ",1022,"Unf",0,598,1620,"GasA","Ex","Y","SBrkr",1620,0,0,1620,1,0,2,0,2,1,"Other",6,"Typ",1,"Other","Attchd","Fin","Other","TA","TA","Y",228,0,0,0,0,0,"No","No fence","None",0,9,2009,315500,0,3,1
"20","RL",113,13438,"Pave","No alley","Other","Other","AllPub","Other","Gtl","Timber","Norm","Norm","1Fam","1Story",9,5,2008,2008,"Gable","CompShg","CemntBd","CmentBd","Other",246,"Other","TA","CBlock","Other","TA","Other","GLQ",1758,"Unf",0,432,2190,"GasA","Ex","Y","SBrkr",2036,0,0,2036,1,0,2,0,3,1,"Other",9,"Typ",1,"Other","Attchd","Fin","Other","TA","TA","Y",90,154,0,0,0,0,"No","No fence","None",0,7,2009,410000,154,3,1
"20","RL",79,14463,"Pave","No alley","Other","Other","AllPub","Other","Gtl","Timber","Norm","Norm","1Fam","1Story",9,5,2008,2008,"Gable","CompShg","CemntBd","CmentBd","Other",406,"Other","TA","PConc","Other","TA","Other","GLQ",1115,"Unf",0,526,1641,"GasA","Ex","Y","SBrkr",1641,0,0,1641,1,0,2,0,3,1,"Other",7,"Typ",0,"No fireplace","Attchd","Fin","Other","TA","TA","Y",0,95,0,0,0,0,"No","No fence","None",0,1,2009,316500,95,3,1
"20","RL",73,8925,"Pave","No alley","Other","Other","AllPub","Inside","Gtl","Timber","Norm","Norm","1Fam","1Story",8,5,2007,2007,"Gable","CompShg","VinylSd","VinylSd","None",0,"Other","TA","PConc","Gd","TA","Other","GLQ",16,"Unf",0,1450,1466,"GasA","Ex","Y","SBrkr",1466,0,0,1466,0,0,2,0,3,1,"Other",7,"Typ",0,"No fireplace","Attchd","Fin","Other","TA","TA","Y",100,18,0,0,0,0,"No","No fence","None",0,7,2009,201000,18,2,2
"20","RL",130,11457,"Pave","No alley","Other","Lvl","AllPub","Other","Gtl","Timber","Norm","Norm","1Fam","1Story",6,5,1988,1988,"Gable","CompShg","HdBoard","HdBoard","None",0,"TA","TA","CBlock","Gd","TA","Other","GLQ",1005,"Unf",0,387,1392,"GasA","TA","Y","SBrkr",1412,0,0,1412,1,0,2,0,3,1,"Other",6,"Typ",1,"TA","Attchd","Unf","2","TA","TA","Y",0,0,169,0,0,0,"No","No fence","None",0,3,2009,175000,169,3,21
"60","RL",0,9839,"Pave","No alley","Other","Lvl","AllPub","Other","Gtl","Timber","Norm","Norm","1Fam","Other",6,8,1980,2006,"Gable","CompShg","MetalSd","MetalSd","None",0,"TA","Other","PConc","Gd","TA","No","ALQ",462,"Unf",0,250,712,"GasA","Ex","Y","SBrkr",1375,862,0,2237,0,0,2,1,3,1,"Other",7,"Typ",1,"TA","Other","Fin","2","TA","TA","Y",305,24,0,0,0,0,"No","No fence","Other",2500,2,2009,204000,24,2.5,3
"80","RL",125,14419,"Pave","No alley","Other","Lvl","AllPub","Other","Gtl","Timber","Norm","Norm","1Fam","Other",7,5,1987,1989,"Other","CompShg","Plywood","Plywood","Other",310,"TA","TA","PConc","Gd","TA","Other","GLQ",904,"Other",624,117,1645,"GasA","Ex","Y","SBrkr",1479,0,0,1479,2,0,2,1,3,1,"Other",7,"Other",1,"Other","Attchd","Fin","2","TA","TA","Y",224,238,0,0,0,0,"No","No fence","None",0,7,2009,213500,238,4.5,20
"20","RL",0,6853,"Pave","No alley","Other","Lvl","AllPub","Inside","Gtl","Timber","Norm","Norm","1Fam","1Story",8,5,2001,2002,"Gable","CompShg","VinylSd","VinylSd","Other",136,"Other","TA","PConc","Other","TA","No","GLQ",1005,"Unf",0,262,1267,"GasA","Ex","Y","SBrkr",1296,0,0,1296,1,0,2,0,2,1,"Other",6,"Typ",0,"No fireplace","Attchd","Fin","2","TA","TA","Y",192,25,0,0,0,0,"No","No fence","None",0,6,2009,220000,25,3,7
"20","RL",85,14601,"Pave","No alley","Reg","Lvl","AllPub","Inside","Gtl","Timber","Norm","Norm","1Fam","1Story",9,5,2006,2006,"Other","CompShg","VinylSd","VinylSd","Other",584,"Other","TA","PConc","Other","TA","Other","GLQ",1260,"Unf",0,578,1838,"GasA","Ex","Y","SBrkr",1838,0,0,1838,1,0,2,0,2,1,"Other",8,"Typ",1,"Gd","Attchd","Fin","Other","TA","TA","Y",270,68,0,0,0,0,"No","No fence","None",0,3,2009,315000,68,3,3
"20","RL",85,12633,"Pave","No alley","Other","Other","AllPub","Inside","Gtl","Timber","Norm","Norm","1Fam","1Story",9,5,2007,2007,"Other","CompShg","CemntBd","CmentBd","Other",290,"Other","TA","PConc","Other","TA","Other","GLQ",1640,"Unf",0,338,1978,"GasA","Ex","Y","SBrkr",1978,0,0,1978,1,0,2,0,2,1,"Other",7,"Typ",1,"Gd","Attchd","Fin","Other","TA","TA","Y",308,52,0,0,0,0,"No","No fence","None",0,5,2009,425000,52,3,2
"20","RL",75,12518,"Pave","No alley","Other","Lvl","AllPub","Inside","Gtl","Mitchel","Norm","Norm","1Fam","1Story",5,7,1968,1968,"Gable","CompShg","HdBoard","HdBoard","Other",182,"TA","TA","CBlock","TA","TA","No","ALQ",532,"Unf",0,476,1008,"GasA","Other","Y","SBrkr",1008,0,0,1008,0,0,1,0,3,1,"Other",6,"Typ",0,"No fireplace","Attchd","Unf","Other","TA","TA","Y",144,0,0,0,0,0,"No","Other","None",0,4,2009,139500,0,1,41
"20","RL",100,21750,"Pave","No alley","Reg","Lvl","AllPub","Inside","Gtl","Mitchel","Norm","Norm","1Fam","1Story",5,4,1960,2006,"Other","CompShg","HdBoard","HdBoard","Other",75,"TA","Other","Other","Other","Other","Other","Other",0,"Other",0,0,0,"GasA","TA","Y","SBrkr",1771,0,0,1771,0,0,1,0,3,1,"TA",9,"Other",1,"TA","Attchd","Unf","2","TA","TA","Y",0,0,0,0,0,0,"No","Other","None",0,11,2009,115000,0,1,3
"120","Other",32,4500,"Pave","No alley","Reg","Lvl","AllPub","Other","Gtl","Mitchel","Norm","Norm","Other","1Story",6,5,1998,1998,"Other","CompShg","VinylSd","VinylSd","Other",320,"TA","TA","PConc","Other","TA","No","GLQ",866,"Unf",0,338,1204,"GasA","Ex","Y","SBrkr",1204,0,0,1204,1,0,2,0,2,1,"TA",5,"Typ",0,"No fireplace","Attchd","Fin","2","TA","TA","Y",0,247,0,0,0,0,"No","No fence","None",0,6,2009,162000,247,3,11
"120","Other",0,4500,"Pave","No alley","Reg","Lvl","AllPub","Other","Gtl","Mitchel","Norm","Norm","Other","1Story",6,5,1999,1999,"Other","CompShg","VinylSd","VinylSd","Other",425,"TA","TA","PConc","Other","TA","No","GLQ",883,"Unf",0,341,1224,"GasA","Ex","Y","SBrkr",1224,0,0,1224,1,0,2,0,2,1,"TA",5,"Typ",0,"No fireplace","Attchd","Fin","2","TA","TA","Y",0,304,0,0,0,0,"No","No fence","None",0,6,2009,165000,304,3,10
"180","Other",21,1596,"Pave","No alley","Reg","Lvl","AllPub","Inside","Gtl","MeadowV","Norm","Norm","Other","Other",4,5,1973,1973,"Gable","CompShg","CemntBd","CmentBd","None",0,"TA","TA","CBlock","Gd","TA","Other","GLQ",462,"Unf",0,0,462,"GasA","TA","Y","SBrkr",526,462,0,988,1,0,1,0,2,1,"TA",5,"Typ",0,"No fireplace","Other","Unf","Other","TA","TA","Y",120,101,0,0,0,0,"No","Other","None",0,11,2009,91000,101,2,36
"20","RL",62,9858,"Pave","No alley","Reg","Lvl","AllPub","Inside","Gtl","Mitchel","Norm","Norm","1Fam","1Story",5,6,1968,1968,"Gable","CompShg","HdBoard","HdBoard","None",0,"TA","TA","CBlock","TA","TA","No","BLQ",510,"Unf",0,354,864,"GasA","TA","Y","SBrkr",874,0,0,874,1,0,1,0,3,1,"TA",5,"Typ",0,"No fireplace","Attchd","RFn","Other","TA","TA","Y",33,0,0,0,0,0,"No","Other","Other",600,11,2009,130000,0,2,41
"180","Other",21,1526,"Pave","No alley","Reg","Lvl","AllPub","Inside","Gtl","MeadowV","Norm","Norm","Other","Other",4,8,1970,2002,"Gable","CompShg","CemntBd","CmentBd","None",0,"TA","Other","CBlock","Gd","TA","Other","GLQ",515,"Unf",0,115,630,"GasA","TA","Y","SBrkr",630,0,0,630,1,0,1,0,1,1,"Other",3,"Typ",0,"No fireplace","Attchd","Unf","Other","TA","TA","Y",0,0,0,0,0,0,"No","No fence","None",0,5,2009,86000,0,2,7
"20","RL",83,13383,"Pave","No alley","Other","Lvl","AllPub","Inside","Other","Mitchel","Norm","Norm","1Fam","1Story",5,5,1969,2000,"Other","CompShg","HdBoard","HdBoard","Other",176,"TA","TA","CBlock","TA","TA","No","BLQ",594,"Unf",0,594,1188,"GasA","Ex","Y","SBrkr",1404,0,0,1404,0,0,2,0,3,1,"TA",7,"Typ",1,"Other","Attchd","Unf","2","TA","TA","Y",0,16,0,0,0,0,"No","No fence","None",0,3,2009,160000,16,2,9
"180","Other",21,1477,"Pave","No alley","Reg","Lvl","AllPub","Inside","Gtl","MeadowV","Norm","Norm","Other","Other",4,4,1970,1970,"Gable","CompShg","CemntBd","CmentBd","None",0,"TA","TA","CBlock","Gd","TA","Other","GLQ",509,"Unf",0,121,630,"GasA","TA","Y","SBrkr",630,0,0,630,1,0,1,0,1,1,"TA",3,"Typ",0,"No fireplace","Attchd","Unf","Other","TA","TA","Y",0,0,0,0,0,0,"No","No fence","None",0,4,2009,80000,0,2,39
"160","Other",21,1533,"Pave","No alley","Reg","Lvl","AllPub","Inside","Gtl","MeadowV","Norm","Norm","Other","Other",4,6,1970,2008,"Gable","CompShg","CemntBd","CmentBd","None",0,"TA","TA","CBlock","TA","TA","No","Unf",0,"Unf",0,546,546,"GasA","TA","Y","SBrkr",798,546,0,1344,0,0,1,1,3,1,"TA",6,"Typ",1,"TA","Other","Other","Other","Other","Other","Y",0,0,0,0,0,0,"No","No fence","None",0,5,2009,97000,0,1.5,1
"160","Other",21,2217,"Pave","No alley","Reg","Lvl","AllPub","Inside","Gtl","MeadowV","Norm","Norm","Other","Other",4,4,1970,1970,"Gable","CompShg","CemntBd","CmentBd","None",0,"TA","TA","CBlock","TA","TA","No","BLQ",273,"Other",273,0,546,"GasA","TA","Y","SBrkr",546,546,0,1092,0,0,1,1,3,1,"TA",6,"Typ",0,"No fireplace","Attchd","RFn","Other","TA","TA","Y",238,0,0,0,0,0,"No","No fence","None",0,8,2009,88000,0,1.5,39
"85","RL",50,7689,"Pave","No alley","Other","Lvl","AllPub","Inside","Gtl","Mitchel","Norm","Norm","1Fam","Other",5,8,1972,1972,"Gable","CompShg","MetalSd","MetalSd","None",0,"TA","TA","CBlock","Gd","TA","Other","GLQ",720,"Other",76,0,796,"GasA","Other","Y","SBrkr",796,0,0,796,0,1,1,0,2,1,"TA",4,"Typ",0,"No fireplace","Other","Unf","Other","TA","TA","Y",138,0,0,0,0,0,"No","Other","None",0,7,2009,131900,0,1.5,37
"80","RL",62,7706,"Pave","No alley","Reg","Lvl","AllPub","Inside","Gtl","Mitchel","Norm","Norm","1Fam","Other",6,5,1993,1996,"Gable","CompShg","HdBoard","HdBoard","None",0,"TA","Other","CBlock","Gd","TA","Other","Rec",114,"Other",270,0,384,"GasA","Ex","Y","SBrkr",1091,0,0,1091,0,1,1,0,2,1,"TA",5,"Typ",0,"No fireplace","Attchd","Fin","Other","TA","TA","Y",280,0,0,0,0,0,"No","No fence","Other",700,8,2009,131250,0,1.5,13
"85","RL",0,9101,"Pave","No alley","Other","Lvl","AllPub","Other","Gtl","Mitchel","Norm","Norm","1Fam","Other",5,6,1978,1978,"Gable","CompShg","Plywood","Plywood","Other",104,"TA","Other","PConc","Gd","TA","Other","GLQ",1097,"Unf",0,0,1097,"GasA","Ex","Y","SBrkr",1110,0,0,1110,1,0,1,0,1,1,"Other",4,"Typ",1,"TA","Attchd","Fin","2","TA","TA","Y",303,30,0,0,0,0,"No","No fence","None",0,7,2009,165500,30,2,31
"20","RL",0,8780,"Pave","No alley","Other","Lvl","AllPub","Other","Gtl","Mitchel","Norm","Norm","1Fam","1Story",5,5,1985,1985,"Gable","CompShg","HdBoard","Plywood","None",0,"TA","TA","CBlock","TA","TA","No","ALQ",625,"Unf",0,208,833,"GasA","Ex","Y","SBrkr",833,0,0,833,1,0,1,0,3,1,"TA",5,"Typ",0,"No fireplace","Other","Other","Other","Other","Other","Y",0,0,0,0,0,0,"No","Other","None",0,3,2009,112000,0,2,24
"85","RL",70,7669,"Pave","No alley","Reg","Lvl","AllPub","Inside","Gtl","Mitchel","Norm","Norm","1Fam","Other",5,6,1992,1993,"Gable","CompShg","HdBoard","Wd Shng","None",0,"TA","TA","PConc","Gd","TA","Other","GLQ",718,"Other",110,0,828,"GasA","TA","Y","SBrkr",883,0,0,883,1,0,1,0,2,1,"TA",5,"Typ",1,"Other","Other","Unf","2","TA","TA","Y",100,32,0,0,0,0,"No","Other","None",0,6,2009,149000,32,2,16
"50","RL",85,14115,"Pave","No alley","Other","Lvl","AllPub","Inside","Gtl","Mitchel","Norm","Norm","1Fam","Other",5,5,1993,1995,"Gable","CompShg","VinylSd","VinylSd","None",0,"TA","TA","Other","Gd","TA","No","GLQ",732,"Unf",0,64,796,"GasA","Ex","Y","SBrkr",796,566,0,1362,1,0,1,1,1,1,"TA",5,"Typ",0,"No fireplace","Attchd","Unf","2","TA","TA","Y",40,30,0,320,0,0,"No","Other","Other",700,10,2009,143000,350,2.5,14
"60","RL",62,10429,"Pave","No alley","Reg","Lvl","AllPub","Inside","Gtl","Mitchel","Norm","Norm","1Fam","Other",5,5,1992,1992,"Gable","CompShg","HdBoard","Wd Shng","None",0,"TA","TA","PConc","Gd","TA","No","ALQ",330,"Unf",0,294,624,"GasA","TA","Y","SBrkr",624,663,0,1287,0,0,1,1,3,1,"TA",6,"Typ",0,"No fireplace","Other","Unf","2","TA","TA","Y",150,0,0,0,0,0,"No","No fence","None",0,7,2009,130000,0,1.5,17
"20","RL",0,9819,"Pave","No alley","Other","Lvl","AllPub","Inside","Other","Mitchel","Norm","Norm","1Fam","1Story",6,5,1977,1977,"Gable","CompShg","Plywood","ImStucc","None",0,"TA","TA","PConc","TA","TA","Other","ALQ",1567,"Unf",0,0,1567,"GasA","TA","Y","SBrkr",1567,0,0,1567,1,0,2,0,2,1,"Other",5,"Typ",2,"TA","Attchd","RFn","2","TA","TA","Y",264,32,0,0,0,0,"No","No fence","None",0,5,2009,196000,32,3,32
"60","RL",70,10457,"Pave","No alley","Other","Lvl","AllPub","Inside","Other","Mitchel","Norm","Norm","1Fam","Other",5,7,1969,1969,"Gable","CompShg","VinylSd","VinylSd","Other",178,"Other","Other","CBlock","TA","TA","Other","BLQ",496,"Other",288,0,784,"GasA","Ex","Y","SBrkr",784,848,0,1632,0,0,1,1,4,1,"TA",7,"Typ",1,"TA","Attchd","RFn","2","TA","TA","Y",0,173,368,0,0,0,"No","Other","None",0,4,2009,173000,541,1.5,40
"20","RL",87,11029,"Pave","No alley","Other","Lvl","AllPub","Other","Gtl","NAmes","Norm","Norm","1Fam","1Story",6,8,1958,2002,"Other","CompShg","MetalSd","MetalSd","None",0,"Other","TA","CBlock","Gd","TA","No","ALQ",528,"Other",411,245,1184,"GasA","Ex","Y","SBrkr",1414,0,0,1414,1,0,1,0,3,1,"TA",6,"Other",1,"TA","Attchd","Unf","2","TA","TA","Y",0,51,0,0,190,0,"No","No fence","None",0,5,2008,176500,241,2,6
"20","RL",0,12925,"Pave","No alley","Other","Lvl","AllPub","Other","Gtl","NAmes","Norm","Norm","1Fam","1Story",6,7,1970,1970,"Gable","CompShg","BrkFace","Plywood","None",0,"TA","TA","CBlock","TA","TA","Other","BLQ",865,"Unf",0,340,1205,"GasA","Ex","Y","SBrkr",2117,0,0,2117,0,0,2,1,4,1,"TA",7,"Typ",2,"Gd","Attchd","Fin","2","TA","TA","Y",0,42,0,0,0,0,"No","No fence","None",0,5,2008,237500,42,2.5,38
"60","RL",85,11075,"Pave","No alley","Reg","Lvl","AllPub","Inside","Gtl","NAmes","Norm","Norm","1Fam","Other",6,5,1969,1969,"Gable","CompShg","HdBoard","HdBoard","None",0,"TA","TA","CBlock","Other","TA","Other","ALQ",500,"Other",276,176,952,"GasA","TA","Y","SBrkr",1092,1020,0,2112,0,0,2,1,4,1,"TA",9,"Typ",2,"Gd","Attchd","Unf","2","TA","TA","Y",280,0,0,0,0,0,"No","No fence","None",0,6,2008,206900,0,2.5,39
"60","RL",72,8702,"Pave","No alley","Other","Lvl","AllPub","Inside","Gtl","Gilbert","Norm","Norm","1Fam","Other",6,5,1997,1998,"Gable","CompShg","VinylSd","VinylSd","None",0,"TA","TA","PConc","TA","TA","No","BLQ",706,"Unf",0,220,926,"GasA","Ex","Y","SBrkr",926,678,0,1604,0,0,2,1,3,1,"TA",7,"Typ",1,"TA","Attchd","Fin","2","TA","TA","Y",0,36,0,0,0,0,"No","No fence","None",0,4,2008,187500,36,2.5,10
"60","RL",65,8139,"Pave","No alley","Reg","Lvl","AllPub","Inside","Gtl","Gilbert","Norm","Norm","1Fam","Other",6,5,1995,1996,"Gable","CompShg","VinylSd","VinylSd","Other",119,"TA","TA","PConc","Gd","TA","No","ALQ",476,"Unf",0,204,680,"GasA","Other","Y","SBrkr",680,790,0,1470,0,0,2,1,3,1,"TA",7,"Typ",1,"TA","Other","Fin","2","TA","TA","Y",192,49,0,0,0,0,"No","No fence","None",0,10,2008,165000,49,2.5,12
"60","RL",59,9535,"Pave","No alley","Other","Lvl","AllPub","Inside","Gtl","Gilbert","Norm","Norm","1Fam","Other",6,5,1998,1998,"Gable","CompShg","VinylSd","VinylSd","None",0,"TA","TA","PConc","Gd","TA","Other","GLQ",851,"Unf",0,75,926,"GasA","Ex","Y","SBrkr",926,678,0,1604,0,0,2,1,3,1,"TA",7,"Typ",0,"No fireplace","Attchd","Fin","2","TA","TA","Y",100,82,0,0,0,0,"No","No fence","None",0,5,2008,195500,82,2.5,10
"60","RL",59,9042,"Pave","No alley","Other","Lvl","AllPub","Inside","Gtl","Gilbert","Norm","Norm","1Fam","Other",6,5,1998,1998,"Gable","CompShg","VinylSd","VinylSd","None",0,"TA","TA","PConc","Gd","TA","Other","GLQ",828,"Unf",0,115,943,"GasA","Other","Y","SBrkr",943,695,0,1638,1,0,2,1,3,1,"TA",7,"Typ",2,"TA","Attchd","Fin","2","TA","TA","Y",100,38,0,0,0,0,"No","No fence","None",0,7,2008,192000,38,3.5,10
"60","RL",0,15038,"Pave","No alley","Other","Lvl","AllPub","Other","Gtl","Gilbert","Norm","Norm","1Fam","Other",6,5,1996,1996,"Gable","CompShg","HdBoard","HdBoard","None",0,"TA","TA","PConc","Gd","TA","No","Rec",138,"Unf",0,778,916,"GasA","Other","Y","SBrkr",916,720,0,1636,0,0,2,1,3,1,"TA",7,"Typ",1,"TA","Attchd","Fin","2","TA","TA","Y",168,84,0,0,0,0,"No","No fence","None",0,11,2008,173000,84,2.5,12
"20","RL",53,14137,"Pave","No alley","Other","Lvl","AllPub","Inside","Gtl","Gilbert","Norm","Norm","1Fam","1Story",5,5,1996,1997,"Gable","CompShg","HdBoard","HdBoard","None",0,"Other","TA","PConc","Gd","TA","No","GLQ",450,"Unf",0,898,1348,"GasA","Other","Y","SBrkr",1384,0,0,1384,1,0,2,0,3,1,"Other",7,"Typ",0,"No fireplace","Attchd","Unf","2","TA","TA","Y",0,39,0,0,0,0,"No","No fence","None",0,11,2008,177900,39,3,11
"60","RL",57,21872,"Pave","No alley","Other","Other","AllPub","Other","Gtl","Gilbert","Norm","Norm","1Fam","Other",7,5,1996,1997,"Gable","CompShg","HdBoard","HdBoard","None",0,"TA","TA","PConc","Gd","TA","Other","GLQ",604,"Unf",0,125,729,"GasA","Ex","Y","SBrkr",729,717,0,1446,0,1,2,1,3,1,"TA",6,"Typ",1,"TA","Attchd","Unf","2","TA","TA","Y",264,22,0,0,0,0,"No","No fence","None",0,8,2008,175000,22,3,11
"120","RL",41,4923,"Pave","No alley","Reg","Lvl","AllPub","Inside","Gtl","StoneBr","Norm","Norm","Other","1Story",8,5,2001,2002,"Gable","CompShg","CemntBd","CmentBd","None",0,"Other","TA","PConc","Other","TA","Other","GLQ",1153,"Unf",0,440,1593,"GasA","Ex","Y","SBrkr",1593,0,0,1593,1,0,1,1,0,1,"Other",5,"Typ",1,"Gd","Attchd","Fin","2","TA","TA","Y",0,120,0,0,224,0,"No","No fence","None",0,8,2008,286000,344,2.5,6
"120","RL",45,6264,"Pave","No alley","Other","Lvl","AllPub","Other","Gtl","StoneBr","Norm","Norm","1Fam","1Story",8,5,1997,1997,"Gable","CompShg","CemntBd","CmentBd","None",0,"Other","TA","PConc","Other","TA","Other","GLQ",656,"Unf",0,1008,1664,"GasA","Ex","Y","SBrkr",1682,0,0,1682,1,0,1,1,1,1,"Other",6,"Other",1,"TA","Attchd","Fin","2","TA","TA","Y",0,0,0,0,0,0,"No","No fence","None",0,7,2008,247900,0,2.5,11
"120","RL",41,5395,"Pave","No alley","Other","Other","AllPub","Inside","Gtl","StoneBr","Norm","Norm","Other","1Story",8,5,1993,1993,"Gable","CompShg","HdBoard","HdBoard","None",0,"Other","TA","PConc","Gd","TA","No","GLQ",733,"Unf",0,604,1337,"GasA","Other","Y","SBrkr",1337,0,0,1337,1,0,2,0,2,1,"Other",5,"Typ",1,"TA","Attchd","RFn","2","TA","TA","Y",96,0,70,168,0,0,"No","No fence","None",0,10,2008,180000,238,3,15
"120","RL",39,5070,"Pave","No alley","Other","Other","AllPub","Inside","Gtl","StoneBr","Norm","Norm","Other","1Story",8,5,1992,1992,"Gable","CompShg","HdBoard","HdBoard","None",0,"Other","TA","PConc","Gd","TA","Other","Unf",0,"Unf",0,1280,1280,"GasA","Ex","Y","SBrkr",1280,0,0,1280,0,0,2,0,2,1,"Other",5,"Typ",0,"No fireplace","Attchd","RFn","2","TA","TA","Y",0,82,0,0,144,0,"No","No fence","None",0,8,2008,180000,226,2,16
"60","RL",100,10839,"Pave","No alley","Other","Lvl","AllPub","Other","Gtl","Gilbert","Norm","Norm","1Fam","Other",6,5,1997,1998,"Gable","CompShg","VinylSd","VinylSd","None",0,"TA","TA","PConc","Gd","TA","No","Unf",0,"Unf",0,926,926,"GasA","Ex","Y","SBrkr",926,678,0,1604,0,0,2,1,3,1,"TA",7,"Typ",1,"TA","Attchd","Fin","2","TA","TA","Y",0,36,0,0,0,0,"No","No fence","None",0,7,2008,181000,36,2.5,10
"60","RL",0,8000,"Pave","No alley","Reg","Lvl","AllPub","Inside","Gtl","Gilbert","Norm","Norm","1Fam","Other",6,5,1995,1996,"Gable","CompShg","HdBoard","HdBoard","None",0,"TA","TA","PConc","Gd","TA","No","GLQ",219,"Unf",0,554,773,"GasA","Other","Y","SBrkr",773,885,0,1658,1,0,2,1,3,1,"TA",8,"Typ",1,"TA","Attchd","Fin","2","TA","TA","Y",224,84,0,0,0,0,"No","No fence","None",0,6,2008,188000,84,3.5,12
"60","RL",0,10832,"Pave","No alley","Other","Lvl","AllPub","Other","Gtl","Gilbert","Norm","Norm","1Fam","Other",7,5,1994,1996,"Gable","CompShg","MetalSd","MetalSd","None",0,"Other","TA","PConc","Gd","TA","No","Unf",0,"Unf",0,712,712,"GasA","Ex","Y","SBrkr",1086,809,0,1895,0,0,2,1,3,1,"Other",7,"Typ",1,"TA","Attchd","Fin","2","TA","TA","Y",143,46,0,0,0,0,"No","No fence","Other",500,10,2008,194500,46,2.5,12
"60","RL",0,14067,"Pave","No alley","Reg","Lvl","AllPub","Other","Gtl","Gilbert","Norm","Norm","1Fam","Other",6,5,1991,1991,"Gable","CompShg","HdBoard","HdBoard","Other",194,"TA","TA","PConc","Gd","TA","No","ALQ",504,"Unf",0,332,836,"GasA","Other","Y","SBrkr",851,858,0,1709,1,0,2,1,3,1,"Other",7,"Typ",0,"No fireplace","Attchd","Fin","2","TA","TA","Y",0,40,0,0,0,0,"No","Other","None",0,9,2008,185000,40,3.5,17
"120","RL",40,4671,"Pave","No alley","Other","Other","AllPub","Inside","Gtl","StoneBr","Norm","Norm","Other","1Story",8,5,1988,1989,"Gable","CompShg","HdBoard","HdBoard","None",0,"Other","TA","PConc","Gd","TA","Other","GLQ",767,"Unf",0,461,1228,"GasA","Other","Y","SBrkr",1228,0,0,1228,1,0,2,0,2,1,"Other",5,"Typ",1,"Gd","Attchd","Fin","2","TA","TA","Y",168,120,0,0,0,0,"No","No fence","None",0,10,2008,189000,120,3,19
"120","RL",65,5950,"Pave","No alley","Other","Other","AllPub","Inside","Other","StoneBr","Norm","Norm","Other","1Story",8,5,1989,1989,"Gable","CompShg","HdBoard","HdBoard","None",0,"Other","TA","PConc","Gd","TA","Other","GLQ",319,"Unf",0,1018,1337,"GasA","Other","Y","SBrkr",1337,0,0,1337,1,0,2,0,2,1,"Other",5,"Typ",1,"TA","Attchd","RFn","2","TA","TA","Y",0,73,154,0,0,0,"No","No fence","None",0,4,2008,188500,227,3,19
"60","RL",101,13543,"Pave","No alley","Other","Other","AllPub","Other","Gtl","StoneBr","Norm","Norm","1Fam","Other",8,5,2005,2005,"Gable","CompShg","VinylSd","VinylSd","Other",130,"Other","TA","PConc","Other","TA","Other","GLQ",16,"Unf",0,1152,1168,"GasA","Ex","Y","SBrkr",1168,1332,0,2500,0,0,3,1,5,1,"Other",9,"Typ",1,"Gd","Other","Fin","Other","TA","TA","Y",192,32,0,0,0,0,"No","No fence","None",0,7,2008,355000,32,3.5,3
"60","RL",77,11198,"Pave","No alley","Other","Lvl","AllPub","Inside","Gtl","StoneBr","Norm","Norm","1Fam","Other",9,5,2005,2007,"Other","CompShg","VinylSd","VinylSd","Other",245,"Other","TA","PConc","Gd","Other","No","Unf",0,"Unf",0,1122,1122,"GasA","Ex","Y","SBrkr",1134,1370,0,2504,0,0,2,1,4,1,"Other",11,"Typ",1,"Gd","Other","Fin","Other","TA","TA","Y",144,39,0,0,0,0,"No","No fence","None",0,6,2008,325000,39,2.5,1
"20","RL",53,15401,"Pave","No alley","Other","Other","AllPub","Other","Gtl","StoneBr","Norm","Norm","1Fam","1Story",9,5,2004,2004,"Other","CompShg","VinylSd","VinylSd","Other",296,"Other","TA","PConc","Other","TA","Other","GLQ",1337,"Unf",0,547,1884,"GasA","Ex","Y","SBrkr",1884,0,0,1884,1,0,2,0,2,1,"Other",7,"Typ",1,"Gd","Attchd","Fin","Other","TA","TA","Y",214,76,0,0,0,0,"No","No fence","None",0,9,2008,387000,76,3,4
"20","RL",0,31220,"Pave","No alley","Other","Other","Other","Other","Gtl","Gilbert","Other","Norm","1Fam","1Story",6,2,1952,1952,"Other","CompShg","BrkFace","BrkFace","None",0,"TA","TA","CBlock","TA","TA","No","Unf",0,"Unf",0,1632,1632,"GasA","TA","Y","Other",1474,0,0,1474,0,0,1,0,3,1,"TA",7,"Other",2,"Gd","Attchd","Unf","2","TA","TA","Y",0,0,144,0,0,0,"No","No fence","Other",750,5,2008,115000,144,1,56
"120","RL",60,8118,"Pave","No alley","Reg","Other","AllPub","Inside","Gtl","StoneBr","Other","Other","Other","1Story",9,5,2007,2007,"Other","CompShg","MetalSd","MetalSd","Other",178,"Other","TA","PConc","Other","TA","Other","GLQ",1034,"Unf",0,676,1710,"GasA","Ex","Y","SBrkr",1710,0,0,1710,1,0,2,0,2,1,"Other",6,"Typ",1,"Gd","Attchd","RFn","2","TA","TA","Y",156,48,0,0,0,0,"No","No fence","None",0,7,2008,334000,48,3,1
"60","RL",46,20544,"Pave","No alley","Other","Lvl","AllPub","Other","Gtl","NWAmes","Norm","Norm","1Fam","Other",7,6,1986,1991,"Gable","CompShg","Plywood","Plywood","Other",123,"TA","Other","CBlock","Gd","TA","No","Unf",0,"Unf",0,791,791,"GasA","Other","Y","SBrkr",1236,857,0,2093,0,0,2,1,3,1,"TA",7,"Typ",1,"TA","Attchd","Fin","2","TA","TA","Y",364,63,0,0,0,0,"No","Other","None",0,11,2008,215000,63,2.5,17
"20","RL",63,12680,"Pave","No alley","Other","Lvl","AllPub","Inside","Gtl","NWAmes","Norm","Norm","1Fam","1Story",7,6,1988,1988,"Gable","CompShg","Plywood","Wd Sdng","Other",102,"Other","TA","CBlock","Gd","Other","Other","GLQ",983,"Unf",0,692,1675,"GasA","Ex","Y","SBrkr",1688,0,0,1688,1,0,2,0,2,1,"Other",6,"Typ",1,"Other","Attchd","RFn","2","TA","TA","Y",0,48,0,0,141,0,"No","No fence","None",0,6,2008,226500,189,3,20
"20","RL",78,12090,"Pave","No alley","Other","Lvl","AllPub","Inside","Gtl","NWAmes","Norm","Norm","1Fam","1Story",6,6,1981,1981,"Gable","CompShg","MetalSd","MetalSd","Other",210,"TA","Other","CBlock","Gd","TA","No","GLQ",588,"Other",228,606,1422,"GasA","TA","Y","SBrkr",1422,0,0,1422,0,0,2,0,3,1,"Other",7,"Typ",1,"TA","Attchd","Fin","2","TA","TA","Y",276,0,0,0,0,0,"No","Other","None",0,6,2008,175500,0,2,27
"20","RL",0,10825,"Pave","No alley","Other","Lvl","AllPub","Inside","Gtl","NWAmes","Norm","Norm","1Fam","1Story",7,7,1983,1983,"Gable","CompShg","WdShing","Plywood","Other",174,"Other","TA","CBlock","Gd","TA","Other","GLQ",747,"Unf",0,513,1260,"GasA","TA","Y","SBrkr",1260,0,0,1260,1,0,2,0,3,1,"TA",6,"Typ",0,"No fireplace","Attchd","Unf","2","TA","TA","Y",152,0,0,0,0,0,"No","No fence","None",0,7,2008,181900,0,3,25
"20","RL",56,18559,"Pave","No alley","Other","Lvl","AllPub","Other","Gtl","NWAmes","Norm","Norm","1Fam","1Story",7,5,1978,1978,"Other","CompShg","Plywood","Plywood","Other",383,"Other","Other","CBlock","Gd","TA","No","GLQ",1206,"Other",186,656,2048,"GasA","TA","Y","SBrkr",2064,0,0,2064,1,0,2,0,3,1,"Other",7,"Typ",2,"Other","Attchd","Fin","2","TA","TA","Y",200,0,0,0,0,0,"No","No fence","None",0,8,2008,235000,0,3,30
"20","RL",85,14450,"Pave","No alley","Reg","Lvl","AllPub","Inside","Gtl","NWAmes","Norm","Norm","1Fam","1Story",7,5,1979,1979,"Other","CompShg","Plywood","Plywood","Other",194,"Other","TA","CBlock","Gd","Other","No","ALQ",864,"Other",449,469,1782,"GasA","TA","Y","SBrkr",1782,0,0,1782,0,1,2,0,3,1,"Other",6,"Typ",1,"TA","Attchd","Fin","2","TA","TA","Y",467,0,0,0,0,0,"No","No fence","None",0,3,2008,220000,0,2.5,29
"60","RL",0,12227,"Pave","No alley","Other","Lvl","AllPub","Other","Gtl","NWAmes","Other","Norm","1Fam","Other",6,7,1977,1995,"Gable","CompShg","HdBoard","HdBoard","Other",424,"TA","Other","CBlock","Gd","Other","No","ALQ",896,"Unf",0,434,1330,"GasA","TA","Y","SBrkr",1542,1330,0,2872,1,0,2,1,4,1,"TA",11,"Typ",1,"TA","Attchd","Fin","2","TA","TA","Y",550,282,0,0,0,0,"No","No fence","None",0,7,2008,272000,282,3.5,13
"20","RL",90,13068,"Pave","No alley","Reg","Lvl","AllPub","Other","Gtl","NWAmes","Norm","Norm","1Fam","1Story",6,5,1976,1976,"Other","CompShg","HdBoard","HdBoard","Other",621,"TA","TA","PConc","Gd","TA","No","ALQ",890,"Other",48,273,1211,"GasA","TA","Y","SBrkr",1211,0,0,1211,1,0,2,0,3,1,"Other",6,"Typ",1,"Other","Attchd","Fin","2","TA","TA","Y",0,0,0,174,0,0,"No","Other","None",0,11,2008,161000,174,3,32
"60","RL",80,10400,"Pave","No alley","Reg","Lvl","AllPub","Inside","Gtl","NWAmes","Norm","Norm","1Fam","Other",7,6,1980,1988,"Gable","CompShg","HdBoard","HdBoard","Other",280,"TA","TA","CBlock","Gd","TA","Other","Unf",0,"Unf",0,738,738,"GasA","TA","Y","SBrkr",1277,767,0,2044,0,0,2,1,3,1,"TA",7,"Other",1,"TA","Attchd","Unf","2","TA","TA","Y",28,73,0,0,0,0,"No","No fence","None",0,3,2008,185000,73,2.5,20
"60","RL",75,9743,"Pave","No alley","Reg","Lvl","AllPub","Inside","Gtl","NWAmes","Norm","Norm","1Fam","Other",5,6,1969,1969,"Gable","CompShg","VinylSd","VinylSd","None",0,"TA","TA","CBlock","TA","Other","No","BLQ",280,"Unf",0,440,720,"GasA","Other","Y","SBrkr",720,588,0,1308,0,0,1,1,3,1,"TA",7,"Typ",0,"No fireplace","Other","Unf","2","TA","TA","Y",0,0,0,0,0,0,"No","No fence","None",0,6,2008,146900,0,1.5,39
"60","RL",0,12511,"Pave","No alley","Other","Lvl","AllPub","Other","Gtl","NWAmes","Norm","Norm","1Fam","Other",7,7,1978,1978,"Other","Other","Plywood","Plywood","Other",168,"Other","TA","PConc","Gd","TA","No","ALQ",988,"Unf",0,432,1420,"GasA","Ex","Y","SBrkr",1420,1420,0,2840,0,1,2,1,4,1,"Other",8,"Other",2,"Gd","Attchd","Fin","Other","TA","Other","Y",0,16,0,0,208,0,"No","Other","None",0,12,2008,292500,224,3,30
"20","RL",80,10400,"Pave","No alley","Reg","Lvl","AllPub","Inside","Gtl","NWAmes","Norm","Norm","1Fam","1Story",6,5,1976,1976,"Gable","CompShg","HdBoard","HdBoard","Other",120,"TA","TA","CBlock","TA","TA","No","Unf",0,"Unf",0,1444,1444,"GasA","TA","Y","SBrkr",1444,0,0,1444,0,0,2,0,2,1,"TA",5,"Typ",1,"Gd","Attchd","Unf","2","TA","TA","Y",0,24,0,0,0,0,"No","Other","None",0,4,2008,159900,24,2,32
"60","RL",80,10480,"Pave","No alley","Reg","Lvl","AllPub","Inside","Gtl","NWAmes","Norm","Norm","1Fam","Other",7,6,1976,1976,"Other","CompShg","Plywood","Plywood","Other",660,"TA","TA","CBlock","TA","TA","No","ALQ",403,"Unf",0,400,803,"GasA","TA","Y","SBrkr",1098,866,0,1964,0,0,2,1,4,1,"TA",8,"Typ",1,"Gd","Attchd","RFn","2","TA","TA","Y",0,69,0,0,0,0,"No","No fence","None",0,9,2008,205000,69,2.5,32
"20","RL",80,10000,"Pave","No alley","Reg","Lvl","AllPub","Inside","Gtl","NWAmes","Norm","Norm","1Fam","1Story",5,6,1973,2000,"Gable","CompShg","HdBoard","HdBoard","None",0,"TA","TA","CBlock","Gd","TA","No","BLQ",1084,"Unf",0,92,1176,"GasA","Other","Y","SBrkr",1178,0,0,1178,0,1,1,1,3,1,"Other",5,"Typ",1,"Other","Attchd","Unf","2","TA","TA","Y",224,0,0,0,0,0,"No","Other","None",0,11,2008,157000,0,2,8
"60","RL",0,14311,"Pave","No alley","Other","Lvl","AllPub","Other","Gtl","NWAmes","Norm","Norm","1Fam","Other",8,5,1996,1996,"Gable","CompShg","VinylSd","VinylSd","Other",402,"Other","TA","PConc","Gd","TA","No","GLQ",1023,"Unf",0,213,1236,"GasA","Ex","Y","SBrkr",1236,1104,0,2340,1,0,2,1,4,1,"Other",9,"Typ",1,"Gd","Attchd","RFn","Other","TA","TA","Y",192,180,218,0,0,0,"No","Other","None",0,6,2008,306000,398,3.5,12
"90","RL",60,9000,"Pave","No alley","Reg","Lvl","AllPub","Other","Gtl","NAmes","Norm","Norm","Other","Other",5,5,1974,1974,"Gable","CompShg","VinylSd","VinylSd","None",0,"TA","TA","CBlock","Gd","TA","Other","Unf",0,"Unf",0,896,896,"GasA","TA","Y","SBrkr",896,896,0,1792,0,0,2,2,4,2,"TA",8,"Typ",0,"No fireplace","Other","Unf","2","TA","TA","Y",0,45,0,0,0,0,"No","No fence","None",0,6,2008,133000,45,3,34
"20","RL",65,9750,"Pave","No alley","Reg","Lvl","AllPub","Other","Gtl","NAmes","Norm","Norm","1Fam","1Story",6,8,1969,1969,"Gable","CompShg","HdBoard","HdBoard","None",0,"TA","TA","CBlock","Gd","TA","No","ALQ",602,"Other",438,14,1054,"GasA","Other","Y","SBrkr",1054,0,0,1054,1,0,1,1,3,1,"TA",6,"Typ",0,"No fireplace","Attchd","Unf","2","TA","TA","Y",180,0,0,0,80,0,"No","No fence","None",0,7,2008,151000,80,2.5,39
"20","RL",68,10295,"Pave","No alley","Reg","Lvl","AllPub","Other","Gtl","NAmes","Norm","Norm","1Fam","1Story",4,6,1969,1969,"Gable","CompShg","HdBoard","HdBoard","Other",72,"TA","TA","CBlock","Gd","TA","Other","Rec",252,"Unf",0,684,936,"GasA","TA","Y","SBrkr",936,0,0,936,0,0,1,0,2,1,"TA",4,"Typ",0,"No fireplace","Attchd","Unf","Other","TA","TA","Y",16,0,0,0,0,0,"No","No fence","None",0,9,2008,111900,0,1,39
"20","RL",63,7560,"Pave","No alley","Reg","Lvl","AllPub","Inside","Gtl","NAmes","Norm","Norm","1Fam","1Story",5,5,1971,1971,"Other","CompShg","MetalSd","MetalSd","None",0,"TA","TA","CBlock","Gd","TA","No","Rec",119,"Other",613,132,864,"GasA","TA","Y","SBrkr",864,0,0,864,1,0,1,0,3,1,"TA",5,"Typ",0,"No fireplace","Other","Unf","2","TA","TA","Y",0,0,0,0,0,0,"No","No fence","None",0,5,2008,123000,0,2,37
"20","RL",0,12735,"Pave","No alley","Other","Lvl","AllPub","Other","Gtl","NAmes","Norm","Norm","1Fam","1Story",4,5,1972,1972,"Other","CompShg","MetalSd","MetalSd","None",0,"TA","TA","CBlock","TA","TA","No","BLQ",600,"Unf",0,264,864,"GasA","TA","Y","SBrkr",864,0,0,864,0,0,1,0,3,1,"TA",5,"Typ",0,"No fireplace","Other","Unf","2","TA","TA","Y",216,0,0,0,0,0,"No","Other","None",0,4,2008,111250,0,1,36
"160","Other",21,1680,"Pave","No alley","Reg","Lvl","AllPub","Inside","Gtl","BrDale","Norm","Norm","Other","Other",6,5,1973,1973,"Gable","CompShg","HdBoard","HdBoard","Other",359,"TA","TA","CBlock","TA","TA","No","Other",458,"Unf",0,25,483,"GasA","TA","Y","SBrkr",483,504,0,987,0,1,1,1,2,1,"TA",5,"Typ",0,"No fireplace","Other","Unf","Other","TA","TA","Y",52,0,0,0,0,0,"No","No fence","None",0,2,2008,103400,0,2,35
"160","Other",21,1680,"Pave","No alley","Reg","Lvl","AllPub","Inside","Gtl","BrDale","Norm","Norm","Other","Other",6,5,1973,1973,"Gable","CompShg","HdBoard","HdBoard","Other",158,"TA","TA","CBlock","TA","TA","No","BLQ",330,"Unf",0,153,483,"GasA","TA","Y","SBrkr",483,504,0,987,1,0,1,1,2,1,"TA",5,"Typ",0,"No fireplace","Other","Unf","Other","TA","TA","Y",0,0,0,0,0,0,"No","No fence","None",0,11,2008,100000,0,2.5,35
"160","Other",21,1890,"Pave","No alley","Reg","Lvl","AllPub","Inside","Gtl","BrDale","Norm","Norm","Other","Other",6,6,1972,1972,"Gable","CompShg","HdBoard","HdBoard","Other",422,"TA","TA","CBlock","TA","TA","No","Other",483,"Unf",0,0,483,"GasA","Other","Y","SBrkr",483,504,0,987,0,0,1,1,2,1,"TA",5,"Typ",0,"No fireplace","Other","Unf","Other","TA","TA","Y",411,0,0,0,0,0,"No","No fence","None",0,4,2008,100500,0,1.5,36
"160","Other",21,1869,"Pave","No alley","Reg","Lvl","AllPub","Inside","Gtl","BrDale","Norm","Norm","Other","Other",6,6,1970,1970,"Gable","CompShg","HdBoard","HdBoard","Other",127,"TA","TA","CBlock","TA","TA","No","Rec",321,"Unf",0,162,483,"GasA","TA","Y","SBrkr",483,504,0,987,0,0,1,1,2,1,"TA",5,"Typ",0,"No fireplace","Other","Unf","Other","TA","TA","Y",0,0,0,0,0,0,"No","No fence","None",0,9,2008,106000,0,1.5,38
"160","Other",21,1680,"Pave","No alley","Reg","Lvl","AllPub","Inside","Gtl","BrDale","Norm","Norm","Other","Other",6,3,1971,1971,"Gable","CompShg","HdBoard","HdBoard","Other",604,"TA","TA","CBlock","TA","TA","No","ALQ",358,"Unf",0,125,483,"GasA","TA","Y","SBrkr",483,504,0,987,0,0,1,1,2,1,"TA",5,"Typ",0,"No fireplace","Other","Unf","Other","TA","TA","Y",0,0,0,0,0,0,"No","No fence","None",0,8,2008,89500,0,1.5,37
"160","Other",21,1680,"Pave","No alley","Reg","Lvl","AllPub","Inside","Gtl","BrDale","Norm","Norm","Other","Other",5,5,1972,1972,"Gable","CompShg","HdBoard","HdBoard","Other",356,"TA","TA","CBlock","TA","TA","No","Rec",350,"Unf",0,280,630,"GasA","TA","Y","SBrkr",630,672,0,1302,0,0,2,1,3,1,"TA",6,"Typ",0,"No fireplace","Other","Unf","Other","TA","TA","Y",0,0,0,0,0,0,"No","No fence","None",0,12,2008,111750,0,2.5,36
"160","RL",24,2308,"Pave","No alley","Reg","Lvl","AllPub","Other","Gtl","NPkVill","Norm","Norm","Other","Other",6,6,1975,1975,"Gable","CompShg","Plywood","Brk Cmn","None",0,"TA","TA","CBlock","Gd","TA","No","ALQ",286,"Other",294,275,855,"GasA","Other","Y","SBrkr",855,601,0,1456,0,0,2,1,4,1,"TA",7,"Typ",0,"No fireplace","Attchd","RFn","2","TA","TA","Y",0,0,0,0,0,0,"No","No fence","None",0,5,2008,143000,0,2.5,33
"120","RL",24,2529,"Pave","No alley","Reg","Lvl","AllPub","Inside","Gtl","NPkVill","Norm","Norm","Other","1Story",7,6,1977,1977,"Gable","CompShg","Plywood","Brk Cmn","None",0,"TA","TA","CBlock","Gd","TA","No","ALQ",378,"Unf",0,677,1055,"GasA","Other","Y","SBrkr",1055,0,0,1055,0,0,2,0,2,1,"TA",4,"Typ",0,"No fireplace","Attchd","Unf","2","TA","TA","Y",0,38,0,0,0,0,"No","No fence","None",0,9,2008,148500,38,2,31
"20","RL",0,9477,"Pave","No alley","Reg","Lvl","AllPub","Other","Gtl","NAmes","Norm","Norm","1Fam","1Story",5,5,1966,1966,"Gable","CompShg","HdBoard","HdBoard","Other",65,"TA","TA","CBlock","TA","TA","No","Rec",340,"Unf",0,524,864,"GasA","TA","Y","SBrkr",892,0,0,892,0,0,1,0,3,1,"TA",5,"Typ",0,"No fireplace","Attchd","RFn","Other","TA","TA","Y",0,0,0,0,0,0,"No","Other","None",0,10,2008,110000,0,1,42
"20","RL",105,13693,"Pave","No alley","Reg","Lvl","AllPub","Inside","Gtl","NridgHt","Norm","Norm","1Fam","1Story",8,5,2007,2007,"Other","CompShg","VinylSd","VinylSd","Other",554,"Other","TA","PConc","Other","TA","Other","GLQ",1728,"Other",495,195,2418,"GasA","Ex","Y","SBrkr",2464,0,0,2464,1,0,2,1,4,1,"Other",9,"Typ",1,"Other","Attchd","Fin","Other","TA","TA","Y",358,78,0,0,0,0,"No","No fence","None",0,8,2008,417500,78,3.5,1
"20","RL",104,14418,"Pave","No alley","Other","Lvl","AllPub","Inside","Gtl","NridgHt","Norm","Norm","1Fam","1Story",9,5,2007,2007,"Other","CompShg","VinylSd","VinylSd","Other",480,"Other","TA","PConc","Other","TA","Other","GLQ",1375,"Unf",0,575,1950,"GasA","Ex","Y","SBrkr",1950,0,0,1950,1,0,2,0,2,1,"Other",7,"Typ",1,"Gd","Attchd","Fin","Other","TA","TA","Y",156,207,0,0,0,0,"No","No fence","None",0,5,2008,383000,207,3,1
"60","RL",96,12539,"Pave","No alley","Reg","Lvl","AllPub","Inside","Gtl","NridgHt","Other","Norm","1Fam","Other",10,5,2005,2006,"Other","CompShg","CemntBd","CmentBd","Other",468,"Other","TA","PConc","Other","TA","Other","GLQ",1082,"Unf",0,538,1620,"GasA","Ex","Y","SBrkr",1632,1158,0,2790,1,0,2,1,4,1,"Other",10,"Typ",1,"Other","Other","Fin","Other","TA","TA","Y",30,200,0,0,192,0,"No","No fence","None",0,6,2008,460000,392,3.5,2
"60","RL",102,12151,"Pave","No alley","Other","Lvl","AllPub","Inside","Gtl","NridgHt","Norm","Norm","1Fam","Other",9,5,2005,2005,"Gable","CompShg","CemntBd","CmentBd","Other",368,"Other","TA","PConc","Other","TA","Other","GLQ",1249,"Unf",0,165,1414,"GasA","Ex","Y","SBrkr",1414,917,0,2331,1,0,2,1,3,1,"Other",9,"Typ",1,"Gd","Other","Fin","Other","TA","TA","Y",192,63,0,0,0,0,"No","No fence","None",0,8,2008,379000,63,3.5,3
"60","RL",74,8899,"Pave","No alley","Reg","Lvl","AllPub","Inside","Gtl","NridgHt","Norm","Norm","1Fam","Other",8,5,2007,2007,"Other","CompShg","VinylSd","VinylSd","Other",108,"Other","TA","PConc","Gd","TA","Other","GLQ",40,"Unf",0,908,948,"GasA","Ex","Y","SBrkr",948,1140,0,2088,0,0,2,1,4,1,"Other",10,"Typ",1,"Gd","Other","Fin","Other","TA","TA","Y",100,24,0,0,0,0,"No","No fence","None",0,6,2008,250000,24,2.5,1
"60","RL",85,10574,"Pave","No alley","Other","Lvl","AllPub","Inside","Gtl","NridgHt","Norm","Norm","1Fam","Other",8,5,2004,2004,"Gable","CompShg","VinylSd","VinylSd","Other",126,"Other","TA","PConc","Other","TA","No","GLQ",856,"Unf",0,292,1148,"GasA","Ex","Y","SBrkr",1170,1162,0,2332,1,0,2,1,4,1,"Other",9,"Typ",1,"Gd","Other","Fin","Other","TA","TA","Y",224,142,0,0,0,0,"No","No fence","None",0,7,2008,316000,142,3.5,4
"20","RL",106,12720,"Pave","No alley","Reg","Other","AllPub","Inside","Other","NridgHt","Norm","Norm","1Fam","1Story",10,5,2003,2003,"Other","CompShg","MetalSd","MetalSd","Other",680,"Other","TA","PConc","Other","TA","Other","GLQ",2257,"Unf",0,278,2535,"GasA","Ex","Y","SBrkr",2470,0,0,2470,2,0,1,1,1,1,"Other",7,"Typ",2,"Gd","Attchd","Fin","Other","TA","TA","Y",154,65,0,0,216,144,"Other","No fence","None",0,2,2008,615000,281,3.5,5
"60","RL",110,13688,"Pave","No alley","Other","Lvl","AllPub","Inside","Gtl","NridgHt","Norm","Norm","1Fam","Other",9,5,2003,2004,"Gable","CompShg","VinylSd","VinylSd","Other",664,"Other","TA","PConc","Other","TA","Other","GLQ",1016,"Unf",0,556,1572,"GasA","Ex","Y","SBrkr",1572,1096,0,2668,1,0,2,1,3,1,"Other",10,"Typ",2,"Gd","Other","Fin","Other","TA","TA","Y",400,0,0,0,0,0,"No","No fence","None",0,3,2008,412500,0,3.5,4
"60","RL",85,10625,"Pave","No alley","Reg","Lvl","AllPub","Inside","Gtl","NridgHt","Norm","Norm","1Fam","Other",7,5,2003,2004,"Gable","CompShg","VinylSd","VinylSd","Other",292,"Other","TA","PConc","Gd","TA","No","GLQ",866,"Unf",0,132,998,"GasA","Ex","Y","SBrkr",1006,1040,0,2046,1,0,2,1,3,1,"Other",8,"Typ",1,"Gd","Other","RFn","Other","TA","TA","Y",320,62,0,0,0,0,"No","No fence","None",0,8,2008,284000,62,3.5,4
"20","RL",92,10845,"Pave","No alley","Other","Lvl","AllPub","Other","Gtl","NridgHt","Norm","Norm","1Fam","1Story",8,5,2003,2004,"Gable","CompShg","VinylSd","VinylSd","Other",504,"Other","TA","PConc","Gd","TA","Other","GLQ",1149,"Unf",0,454,1603,"GasA","Ex","Y","SBrkr",1575,0,0,1575,1,0,2,0,2,1,"Other",7,"Typ",1,"TA","Attchd","Fin","Other","TA","TA","Y",216,28,0,0,0,0,"No","No fence","None",0,6,2008,284000,28,3,4
"60","RL",130,16900,"Pave","No alley","Reg","Lvl","AllPub","Inside","Gtl","NridgHt","Norm","Norm","1Fam","Other",8,5,2001,2002,"Gable","CompShg","VinylSd","VinylSd","Other",1110,"Other","TA","PConc","Other","TA","Other","GLQ",1075,"Unf",0,404,1479,"GasA","Ex","Y","SBrkr",1515,1134,0,2649,1,0,2,1,4,1,"Other",10,"Typ",1,"TA","Attchd","Fin","Other","TA","TA","Y",0,60,0,0,0,0,"No","No fence","None",0,1,2008,421250,60,3.5,6
"60","RL",112,16451,"Pave","No alley","Other","Lvl","AllPub","Other","Gtl","NridgHt","Norm","Norm","1Fam","Other",8,5,2003,2003,"Gable","CompShg","VinylSd","VinylSd","Other",221,"Other","TA","PConc","Other","TA","Other","Unf",0,"Unf",0,1765,1765,"GasA","Ex","Y","SBrkr",1804,886,0,2690,0,0,2,1,4,1,"Other",9,"Typ",1,"Gd","Other","Fin","Other","TA","TA","Y",268,58,0,0,0,0,"No","No fence","None",0,7,2008,370000,58,2.5,5
"120","RL",135,12304,"Pave","No alley","Other","Lvl","AllPub","Other","Gtl","NridgHt","Norm","Norm","Other","1Story",7,5,2005,2005,"Gable","CompShg","VinylSd","VinylSd","Other",144,"Other","TA","PConc","Gd","TA","No","GLQ",20,"Unf",0,1347,1367,"GasA","Ex","Y","SBrkr",1367,0,0,1367,0,0,2,0,2,1,"Other",6,"Typ",1,"Gd","Attchd","RFn","2","TA","TA","Y",0,33,0,0,0,0,"No","No fence","None",0,6,2008,192000,33,2,3
"120","RL",62,12677,"Pave","No alley","Other","Lvl","AllPub","Inside","Gtl","NridgHt","Norm","Norm","Other","1Story",8,5,2003,2004,"Other","CompShg","MetalSd","MetalSd","Other",472,"Other","TA","PConc","Other","TA","Other","GLQ",1218,"Unf",0,300,1518,"GasA","Ex","Y","SBrkr",1518,0,0,1518,0,0,1,1,1,1,"Other",6,"Typ",1,"Gd","Attchd","RFn","2","TA","TA","Y",185,140,0,0,0,0,"No","No fence","None",0,4,2008,274000,140,1.5,4
"120","RL",63,8849,"Pave","No alley","Other","Lvl","AllPub","Inside","Gtl","NridgHt","Norm","Norm","Other","1Story",9,5,2005,2005,"Other","CompShg","MetalSd","MetalSd","Other",616,"Other","TA","PConc","Other","TA","No","GLQ",28,"Unf",0,1656,1684,"GasA","Ex","Y","SBrkr",1684,0,0,1684,0,0,2,0,2,1,"Other",6,"Typ",1,"Other","Attchd","RFn","2","TA","TA","Y",495,72,0,0,0,0,"No","No fence","None",0,7,2008,266000,72,2,3
"120","RL",48,6240,"Pave","No alley","Reg","Lvl","AllPub","Inside","Gtl","NridgHt","Norm","Norm","Other","1Story",8,5,2006,2007,"Other","CompShg","MetalSd","MetalSd","Other",176,"Other","TA","PConc","Gd","TA","No","GLQ",846,"Unf",0,496,1342,"GasA","Ex","Y","SBrkr",1342,0,0,1342,1,0,2,0,2,1,"Other",6,"Typ",1,"Gd","Attchd","Fin","2","TA","TA","Y",0,35,0,0,0,0,"No","No fence","None",0,6,2008,234250,35,3,1
"120","RL",48,6240,"Pave","No alley","Reg","Lvl","AllPub","Inside","Gtl","NridgHt","Norm","Norm","Other","1Story",8,5,2006,2007,"Other","CompShg","MetalSd","MetalSd","Other",196,"Other","TA","PConc","Gd","TA","No","GLQ",24,"Unf",0,1318,1342,"GasA","Ex","Y","SBrkr",1342,0,0,1342,0,0,2,0,2,1,"Other",6,"Typ",1,"Gd","Attchd","RFn","2","TA","TA","Y",0,35,0,0,0,0,"No","No fence","None",0,2,2008,219500,35,2,1
"160","RL",36,2448,"Pave","No alley","Reg","Lvl","AllPub","Inside","Gtl","NridgHt","Norm","Norm","Other","Other",7,5,2003,2004,"Gable","CompShg","VinylSd","Wd Shng","Other",106,"Other","TA","PConc","Gd","TA","No","Unf",0,"Unf",0,764,764,"GasA","Ex","Y","SBrkr",764,862,0,1626,0,0,2,1,2,1,"Other",6,"Typ",0,"No fireplace","Other","RFn","2","TA","TA","Y",0,27,0,0,0,0,"No","No fence","None",0,10,2008,155000,27,2.5,4
"160","RL",36,2448,"Pave","No alley","Reg","Lvl","AllPub","Inside","Gtl","NridgHt","Norm","Norm","Other","Other",7,5,2003,2004,"Gable","CompShg","VinylSd","Wd Shng","Other",106,"Other","TA","PConc","Gd","TA","No","GLQ",573,"Unf",0,191,764,"GasA","Ex","Y","SBrkr",764,862,0,1626,1,0,2,1,2,1,"Other",6,"Typ",0,"No fireplace","Other","RFn","2","TA","TA","Y",0,27,0,0,0,0,"No","No fence","None",0,10,2008,154000,27,3.5,4
"120","Other",59,8198,"Pave","No alley","Reg","Lvl","AllPub","Other","Gtl","NridgHt","Norm","Norm","Other","1Story",7,5,2004,2004,"Gable","CompShg","VinylSd","VinylSd","Other",146,"Other","TA","PConc","Gd","TA","Other","GLQ",720,"Unf",0,638,1358,"GasA","Ex","Y","SBrkr",1358,0,0,1358,1,0,2,0,2,1,"Other",6,"Typ",1,"Gd","Attchd","RFn","2","TA","TA","Y",192,30,0,0,0,0,"No","No fence","None",0,7,2008,207000,30,3,4
"120","RL",0,3940,"Pave","No alley","Reg","Lvl","AllPub","Inside","Gtl","Other","Norm","Norm","Other","1Story",7,5,2003,2003,"Gable","CompShg","VinylSd","VinylSd","Other",143,"Other","TA","PConc","Gd","TA","Other","GLQ",1073,"Unf",0,342,1415,"GasA","Ex","Y","SBrkr",1455,0,0,1455,1,0,2,0,2,1,"Other",6,"Typ",1,"TA","Attchd","Fin","Other","TA","TA","Y",156,20,0,0,144,0,"No","No fence","None",0,8,2008,195000,164,3,5
"120","Other",0,3940,"Pave","No alley","Reg","Lvl","AllPub","Inside","Gtl","Other","Norm","Norm","Other","1Story",7,5,2004,2004,"Other","CompShg","VinylSd","VinylSd","Other",24,"Other","TA","PConc","Gd","TA","No","GLQ",1087,"Unf",0,306,1393,"GasA","Ex","Y","SBrkr",1576,0,0,1576,1,0,2,0,2,1,"Other",7,"Typ",1,"TA","Attchd","RFn","Other","TA","TA","Y",143,20,0,0,0,0,"No","No fence","None",0,5,2008,219990,20,3,4
"120","RL",43,3182,"Pave","No alley","Reg","Lvl","AllPub","Inside","Gtl","Other","Norm","Norm","Other","1Story",7,5,2005,2006,"Gable","CompShg","VinylSd","VinylSd","Other",14,"Other","TA","PConc","Gd","Other","No","GLQ",16,"Unf",0,1330,1346,"GasA","Ex","Y","SBrkr",1504,0,0,1504,0,0,2,0,2,1,"Other",7,"Typ",1,"Gd","Attchd","Fin","2","TA","TA","Y",156,20,0,0,0,0,"No","No fence","None",0,5,2008,191000,20,2,2
"20","RL",43,3182,"Pave","No alley","Reg","Lvl","AllPub","Inside","Gtl","Other","Norm","Norm","1Fam","1Story",7,5,2007,2007,"Gable","CompShg","VinylSd","VinylSd","Other",16,"Other","TA","PConc","Gd","TA","Other","Unf",0,"Unf",0,1266,1266,"GasA","Ex","Y","SBrkr",1266,0,0,1266,0,0,2,0,2,1,"Other",6,"Typ",1,"Gd","Attchd","Fin","2","TA","TA","Y",100,16,0,0,0,0,"No","No fence","None",0,3,2008,159895,16,2,1
"60","RL",80,9024,"Pave","No alley","Other","Lvl","AllPub","Inside","Gtl","Gilbert","Norm","Norm","1Fam","Other",6,5,2004,2004,"Gable","CompShg","VinylSd","VinylSd","None",0,"Other","TA","PConc","Gd","TA","No","Unf",0,"Unf",0,789,789,"GasA","Ex","Y","SBrkr",813,702,0,1515,0,0,2,1,3,1,"Other",8,"Typ",1,"Gd","Attchd","Fin","2","TA","TA","Y",0,75,0,0,0,0,"No","No fence","None",0,7,2008,179000,75,2.5,4
"60","RL",62,7415,"Pave","No alley","Other","Lvl","AllPub","Inside","Gtl","Gilbert","Norm","Norm","1Fam","Other",6,5,2004,2004,"Gable","CompShg","VinylSd","VinylSd","None",0,"TA","TA","PConc","TA","TA","No","GLQ",759,"Unf",0,80,839,"GasA","Ex","Y","SBrkr",864,729,0,1593,1,0,2,1,3,1,"TA",8,"Typ",1,"TA","Attchd","Fin","2","TA","TA","Y",100,75,0,0,0,0,"No","No fence","None",0,4,2008,193000,75,3.5,4
"80","RL",59,9587,"Pave","No alley","Other","Lvl","AllPub","Inside","Gtl","Gilbert","Norm","Norm","1Fam","Other",7,5,2005,2005,"Gable","CompShg","VinylSd","VinylSd","Other",182,"Other","TA","PConc","Gd","TA","Other","GLQ",655,"Unf",0,201,856,"GasA","Ex","Y","SBrkr",1166,0,0,1166,1,0,2,0,2,1,"Other",5,"Typ",0,"No fireplace","Attchd","Fin","2","TA","TA","Y",212,0,0,0,0,0,"No","No fence","None",0,7,2008,190000,0,3,3
"60","RL",51,8029,"Pave","No alley","Other","Lvl","AllPub","Inside","Gtl","Gilbert","Norm","Norm","1Fam","Other",6,5,2005,2005,"Gable","CompShg","VinylSd","VinylSd","None",0,"TA","TA","PConc","Gd","TA","No","Unf",0,"Unf",0,728,728,"GasA","Ex","Y","SBrkr",728,728,0,1456,0,0,2,1,3,1,"Other",8,"Typ",0,"No fireplace","Attchd","Fin","2","TA","TA","Y",100,24,0,0,0,0,"No","No fence","None",0,7,2008,176000,24,2.5,3
"60","RL",0,8010,"Pave","No alley","Other","Lvl","AllPub","Inside","Gtl","Gilbert","Norm","Norm","1Fam","Other",7,5,2002,2003,"Gable","CompShg","VinylSd","VinylSd","None",0,"Other","TA","PConc","Gd","TA","No","Unf",0,"Unf",0,840,840,"GasA","Ex","Y","SBrkr",840,880,0,1720,0,0,2,1,3,1,"Other",7,"Typ",1,"Gd","Other","Fin","2","TA","TA","Y",138,48,0,0,0,0,"No","No fence","None",0,7,2008,188000,48,2.5,5
"60","RL",0,8396,"Pave","No alley","Other","Lvl","AllPub","Inside","Gtl","Gilbert","Norm","Norm","1Fam","Other",7,5,2003,2003,"Gable","CompShg","VinylSd","VinylSd","Other",196,"Other","TA","PConc","Gd","TA","No","Unf",0,"Unf",0,847,847,"GasA","Ex","Y","SBrkr",847,1139,0,1986,0,0,2,1,4,1,"Other",9,"Typ",1,"Gd","Other","Fin","2","TA","TA","Y",120,48,0,0,0,0,"No","No fence","None",0,5,2008,213000,48,2.5,5
"60","RL",93,10261,"Pave","No alley","Other","Lvl","AllPub","Inside","Gtl","Gilbert","Norm","Norm","1Fam","Other",6,5,2000,2000,"Gable","CompShg","VinylSd","VinylSd","Other",318,"TA","TA","PConc","Gd","TA","No","Unf",0,"Unf",0,936,936,"GasA","Ex","Y","SBrkr",962,830,0,1792,1,0,2,1,3,1,"TA",8,"Typ",1,"TA","Attchd","Fin","2","TA","TA","Y",0,0,0,0,0,0,"No","No fence","None",0,5,2008,186500,0,3.5,8
"60","RL",71,8220,"Pave","No alley","Other","Lvl","AllPub","Inside","Gtl","Gilbert","Norm","Norm","1Fam","Other",7,5,2000,2001,"Gable","CompShg","VinylSd","VinylSd","Other",647,"Other","TA","PConc","Gd","TA","Other","GLQ",544,"Unf",0,438,982,"GasA","Ex","Y","SBrkr",1008,884,0,1892,0,0,2,1,3,1,"TA",8,"Typ",1,"TA","Attchd","RFn","2","TA","TA","Y",108,0,0,0,0,0,"No","No fence","None",0,7,2008,226750,0,2.5,7
"60","RL",60,15384,"Pave","No alley","Other","Lvl","AllPub","Inside","Gtl","Gilbert","Other","Norm","1Fam","Other",7,5,2004,2005,"Gable","CompShg","VinylSd","VinylSd","None",0,"Other","TA","PConc","Gd","TA","Other","GLQ",724,"Unf",0,64,788,"GasA","Ex","Y","SBrkr",788,702,0,1490,1,0,2,1,3,1,"Other",8,"Typ",1,"Gd","Attchd","Fin","2","TA","TA","Y",100,75,0,0,0,0,"No","No fence","None",0,2,2008,184000,75,3.5,3
"60","RL",0,7750,"Pave","No alley","Reg","Lvl","AllPub","Inside","Gtl","Gilbert","Other","Norm","1Fam","Other",7,5,2002,2002,"Gable","CompShg","VinylSd","VinylSd","None",0,"Other","TA","PConc","Gd","TA","No","Unf",0,"Unf",0,707,707,"GasA","Ex","Y","SBrkr",707,707,0,1414,0,0,2,1,3,1,"Other",6,"Typ",1,"Gd","Attchd","Fin","2","TA","TA","Y",100,35,0,0,0,0,"No","No fence","None",0,4,2008,176000,35,2.5,6
"60","RL",41,12460,"Pave","No alley","Other","Lvl","AllPub","Other","Gtl","Gilbert","Other","Norm","1Fam","Other",7,5,1999,2000,"Gable","CompShg","VinylSd","VinylSd","None",0,"Other","TA","PConc","Gd","TA","No","GLQ",870,"Unf",0,167,1037,"GasA","Ex","Y","SBrkr",1037,1285,0,2322,0,0,2,1,4,1,"TA",8,"Typ",1,"TA","Other","Fin","2","TA","TA","Y",144,44,0,0,0,0,"No","No fence","None",0,5,2008,225000,44,2.5,8
"60","RL",77,8390,"Pave","No alley","Other","Lvl","AllPub","Inside","Gtl","Gilbert","Norm","Norm","1Fam","Other",7,5,1999,1999,"Gable","CompShg","VinylSd","VinylSd","None",0,"TA","TA","PConc","Gd","TA","No","Unf",0,"Unf",0,831,831,"GasA","Ex","Y","SBrkr",873,778,0,1651,0,0,2,1,3,1,"TA",7,"Typ",1,"TA","Other","Fin","2","TA","TA","Y",0,103,0,0,0,0,"No","No fence","None",0,5,2008,185900,103,2.5,9
"75","RL",84,9660,"Pave","No alley","Reg","Lvl","AllPub","Inside","Gtl","NoRidge","Norm","Norm","1Fam","Other",8,5,1997,1997,"Other","CompShg","HdBoard","HdBoard","Other",1290,"Other","TA","PConc","Gd","TA","No","Unf",0,"Unf",0,1173,1173,"GasA","Ex","Y","SBrkr",1182,1017,0,2199,0,0,2,1,3,1,"Other",9,"Typ",1,"TA","Attchd","Fin","2","TA","TA","Y",0,131,0,0,0,0,"No","No fence","None",0,9,2008,284500,131,2.5,11
"60","RL",80,9200,"Pave","No alley","Reg","Lvl","AllPub","Inside","Gtl","NoRidge","Norm","Norm","1Fam","Other",8,5,1998,1998,"Gable","CompShg","VinylSd","VinylSd","Other",473,"Other","TA","PConc","Gd","TA","No","GLQ",986,"Unf",0,484,1470,"GasA","Other","Y","SBrkr",1470,1160,0,2630,1,0,2,1,4,1,"Other",8,"Typ",1,"TA","Attchd","Fin","Other","TA","TA","Y",0,66,0,0,0,0,"No","No fence","None",0,6,2008,315000,66,3.5,10
"60","RL",84,14260,"Pave","No alley","Other","Lvl","AllPub","Other","Gtl","NoRidge","Norm","Norm","1Fam","Other",8,5,2000,2000,"Gable","CompShg","VinylSd","VinylSd","Other",350,"Other","TA","PConc","Gd","TA","Other","GLQ",655,"Unf",0,490,1145,"GasA","Ex","Y","SBrkr",1145,1053,0,2198,1,0,2,1,4,1,"Other",9,"Typ",1,"TA","Attchd","RFn","Other","TA","TA","Y",192,84,0,0,0,0,"No","No fence","None",0,12,2008,250000,84,3.5,8
"60","RL",0,11000,"Pave","No alley","Reg","Lvl","AllPub","Other","Gtl","NoRidge","Norm","Norm","1Fam","Other",9,5,2000,2000,"Other","CompShg","VinylSd","VinylSd","Other",295,"Other","TA","PConc","Other","TA","Other","Unf",0,"Unf",0,1519,1519,"GasA","Ex","Y","SBrkr",1533,639,0,2172,0,0,2,1,4,1,"Other",8,"Typ",1,"TA","Other","RFn","Other","TA","TA","Y",162,153,0,0,0,0,"No","No fence","None",0,6,2008,291000,153,2.5,8
"20","RL",136,11675,"Pave","No alley","Other","Lvl","AllPub","Inside","Gtl","NoRidge","Norm","Norm","1Fam","1Story",8,5,1998,1998,"Gable","CompShg","VinylSd","VinylSd","Other",495,"Other","TA","PConc","Gd","TA","Other","GLQ",1660,"Unf",0,322,1982,"GasA","Ex","Y","SBrkr",2006,0,0,2006,1,0,2,0,2,1,"Other",5,"Typ",1,"TA","Attchd","Fin","Other","TA","TA","Y",144,33,0,0,0,0,"No","No fence","None",0,7,2008,350000,33,3,10
"60","RL",97,10990,"Pave","No alley","Other","Lvl","AllPub","Other","Gtl","NoRidge","Norm","Norm","1Fam","Other",7,5,1996,1997,"Gable","CompShg","VinylSd","VinylSd","None",0,"Other","TA","PConc","Other","TA","No","GLQ",851,"Unf",0,213,1064,"GasA","Ex","Y","SBrkr",1064,1061,0,2125,1,0,2,1,4,1,"Other",12,"Typ",2,"TA","Attchd","RFn","2","TA","TA","Y",168,0,0,0,0,0,"No","No fence","None",0,6,2008,279500,0,3.5,11
"60","RL",0,11929,"Pave","No alley","Other","Lvl","AllPub","Other","Gtl","NoRidge","Norm","Norm","1Fam","Other",8,7,1995,1995,"Gable","CompShg","VinylSd","VinylSd","Other",466,"Other","TA","PConc","Gd","TA","Other","Unf",0,"Unf",0,1242,1242,"GasA","Ex","Y","SBrkr",1251,1250,0,2501,0,0,2,1,4,1,"Other",9,"Typ",1,"TA","Attchd","RFn","Other","TA","TA","Y",192,87,0,0,0,0,"No","No fence","None",0,6,2008,290000,87,2.5,13
"20","RL",91,10437,"Pave","No alley","Other","Lvl","AllPub","Inside","Gtl","NoRidge","Norm","Norm","1Fam","1Story",8,6,1995,1995,"Other","CompShg","MetalSd","MetalSd","Other",660,"Other","Other","PConc","Gd","TA","Other","GLQ",1696,"Unf",0,413,2109,"GasA","Ex","Y","SBrkr",2113,0,0,2113,1,0,2,1,2,1,"Other",7,"Typ",1,"TA","Attchd","Fin","Other","TA","TA","Y",236,46,0,0,0,0,"No","No fence","None",0,8,2008,350000,46,3.5,13
"60","RL",96,10542,"Pave","No alley","Reg","Lvl","AllPub","Inside","Gtl","NoRidge","Norm","Norm","1Fam","Other",7,5,1993,1994,"Other","CompShg","Wd Sdng","ImStucc","Other",651,"Other","TA","PConc","Gd","TA","Other","GLQ",1173,"Unf",0,138,1311,"GasA","Ex","Y","SBrkr",1325,1093,0,2418,1,0,2,1,3,1,"Other",9,"Typ",1,"TA","Attchd","RFn","Other","TA","TA","Y",250,154,216,0,0,0,"No","No fence","None",0,8,2008,341000,370,3.5,14
"60","RL",91,10010,"Pave","No alley","Reg","Lvl","AllPub","Inside","Gtl","NoRidge","Norm","Norm","1Fam","Other",7,5,1993,1994,"Other","Other","VinylSd","VinylSd","Other",320,"Other","TA","PConc","Gd","TA","Other","BLQ",228,"Other",852,0,1080,"GasA","Ex","Y","SBrkr",1108,1089,0,2197,1,0,2,1,4,1,"Other",9,"Typ",1,"Gd","Attchd","Fin","Other","TA","TA","Y",385,99,0,0,0,0,"No","No fence","None",0,7,2008,287500,99,3.5,14
"60","RL",81,10944,"Pave","No alley","Other","Lvl","AllPub","Inside","Gtl","NoRidge","Norm","Norm","1Fam","Other",7,5,1994,1994,"Gable","CompShg","VinylSd","VinylSd","Other",448,"Other","TA","PConc","Gd","TA","No","GLQ",1000,"Unf",0,223,1223,"GasA","Ex","Y","SBrkr",1223,904,0,2127,1,0,2,1,3,1,"Other",5,"Typ",2,"TA","Attchd","RFn","2","TA","TA","Y",171,132,0,0,0,0,"No","No fence","None",0,8,2008,271000,132,3.5,14
"20","RL",91,14303,"Pave","No alley","Other","Lvl","AllPub","Other","Gtl","NoRidge","Norm","Norm","1Fam","1Story",8,5,1994,1994,"Other","CompShg","HdBoard","HdBoard","Other",554,"Other","TA","PConc","Gd","TA","Other","GLQ",1314,"Unf",0,672,1986,"GasA","Ex","Y","SBrkr",1987,0,0,1987,1,0,2,0,2,1,"Other",7,"Typ",1,"TA","Attchd","Fin","2","TA","TA","Y",262,36,0,0,0,0,"No","No fence","None",0,8,2008,301500,36,3,14
"60","RL",86,14598,"Pave","No alley","Other","Lvl","AllPub","Other","Gtl","Somerst","Other","Norm","1Fam","Other",6,5,2007,2007,"Gable","CompShg","VinylSd","VinylSd","Other",74,"Other","TA","PConc","Gd","TA","Other","Unf",0,"Unf",0,894,894,"GasA","Ex","Y","SBrkr",894,1039,0,1933,0,0,2,1,4,1,"Other",9,"Typ",1,"Gd","Other","Fin","Other","TA","TA","Y",100,18,0,0,0,0,"No","No fence","None",0,1,2008,214000,18,2.5,1
"20","RL",75,11957,"Pave","No alley","Other","Lvl","AllPub","Inside","Gtl","Somerst","Other","Norm","1Fam","1Story",8,5,2006,2006,"Gable","CompShg","VinylSd","VinylSd","Other",53,"Other","TA","PConc","Gd","TA","No","GLQ",24,"Unf",0,1550,1574,"GasA","Ex","Y","SBrkr",1574,0,0,1574,0,0,2,0,3,1,"Other",7,"Typ",1,"Gd","Attchd","RFn","Other","TA","TA","Y",144,104,0,0,0,0,"No","No fence","None",0,7,2008,232000,104,2,2
"20","RL",74,13253,"Pave","No alley","Other","Lvl","AllPub","Inside","Gtl","Somerst","Other","Norm","1Fam","1Story",7,5,2006,2006,"Gable","CompShg","VinylSd","VinylSd","Other",128,"Other","TA","PConc","Other","TA","No","GLQ",1096,"Unf",0,482,1578,"GasA","Other","Y","SBrkr",1578,0,0,1578,1,0,2,0,3,1,"Other",7,"Typ",1,"Gd","Attchd","Unf","Other","TA","TA","Y",0,26,0,0,0,0,"No","No fence","None",0,5,2008,240000,26,3,2
"20","RL",78,10206,"Pave","No alley","Reg","Lvl","AllPub","Inside","Gtl","Somerst","Norm","Norm","1Fam","1Story",8,5,2007,2007,"Gable","CompShg","VinylSd","VinylSd","Other",468,"TA","TA","PConc","Gd","TA","No","GLQ",33,"Unf",0,1530,1563,"GasA","Ex","Y","SBrkr",1563,0,0,1563,0,0,2,0,3,1,"Other",6,"Typ",1,"Gd","Attchd","RFn","Other","TA","TA","Y",144,99,0,0,0,0,"No","No fence","None",0,10,2008,245000,99,2,1
"60","RL",73,9801,"Pave","No alley","Reg","Lvl","AllPub","Inside","Gtl","Somerst","Norm","Norm","1Fam","Other",8,5,2007,2007,"Gable","CompShg","VinylSd","VinylSd","Other",156,"Other","TA","PConc","Gd","TA","Other","Unf",0,"Unf",0,1341,1341,"GasA","Ex","Y","SBrkr",1341,520,0,1861,0,0,3,0,3,1,"Other",7,"Typ",1,"Gd","Other","RFn","Other","TA","TA","Y",144,60,0,0,0,0,"No","No fence","None",0,7,2008,257000,60,3,1
"20","RL",87,10037,"Pave","No alley","Reg","Lvl","AllPub","Other","Gtl","Somerst","Other","Norm","1Fam","1Story",8,5,2006,2007,"Other","CompShg","VinylSd","VinylSd","None",0,"Other","TA","PConc","Other","TA","No","GLQ",666,"Unf",0,794,1460,"GasA","Ex","Y","SBrkr",1460,0,0,1460,0,0,2,0,3,1,"Other",6,"Typ",1,"Gd","Attchd","Fin","2","TA","TA","Y",0,20,0,0,0,0,"No","No fence","None",0,8,2008,247000,20,2,1
"20","RL",63,7500,"Pave","No alley","Reg","Lvl","AllPub","Inside","Gtl","SawyerW","Norm","Norm","1Fam","1Story",7,5,2004,2005,"Gable","CompShg","VinylSd","VinylSd","Other",120,"TA","TA","PConc","Gd","TA","No","GLQ",680,"Unf",0,400,1080,"GasA","Ex","Y","SBrkr",1080,0,0,1080,1,0,1,0,3,1,"Other",6,"Typ",0,"No fireplace","Other","Other","Other","Other","Other","Y",0,0,0,0,0,0,"No","No fence","None",0,4,2008,141000,0,2,3
"60","RL",68,10110,"Pave","No alley","Reg","Lvl","AllPub","Inside","Gtl","SawyerW","Norm","Norm","1Fam","Other",6,5,2003,2003,"Gable","CompShg","VinylSd","VinylSd","None",0,"Other","TA","PConc","Gd","TA","Other","GLQ",80,"Other",555,200,835,"GasA","Ex","Y","SBrkr",835,861,0,1696,1,0,2,1,3,1,"Other",7,"Typ",0,"No fireplace","Attchd","RFn","2","TA","TA","Y",143,66,0,0,0,0,"No","No fence","None",0,7,2008,188000,66,3.5,5
"60","RL",67,12774,"Pave","No alley","Reg","Lvl","AllPub","Other","Gtl","SawyerW","Norm","Norm","1Fam","Other",7,5,2003,2004,"Gable","CompShg","VinylSd","VinylSd","Other",95,"Other","TA","PConc","Gd","TA","Other","Unf",0,"Unf",0,835,835,"GasA","Ex","Y","SBrkr",835,828,0,1663,0,0,2,1,3,1,"Other",8,"Typ",0,"No fireplace","Attchd","RFn","2","TA","TA","Y",168,68,0,0,0,0,"No","No fence","None",0,7,2008,192500,68,2.5,4
"20","RL",63,13072,"Pave","No alley","Reg","Lvl","AllPub","Inside","Gtl","SawyerW","Other","Norm","1Fam","1Story",6,5,2005,2006,"Gable","CompShg","VinylSd","VinylSd","Other",126,"TA","TA","PConc","Gd","Other","No","GLQ",80,"Unf",0,1095,1175,"GasA","Ex","Y","SBrkr",1175,0,0,1175,1,0,1,0,3,1,"Other",6,"Typ",0,"No fireplace","Other","Other","Other","Other","Other","Y",0,90,0,0,0,0,"No","No fence","None",0,6,2008,146000,90,2,2
"20","RL",66,13695,"Pave","No alley","Reg","Lvl","AllPub","Inside","Gtl","SawyerW","Other","Norm","1Fam","1Story",5,5,2004,2004,"Gable","CompShg","VinylSd","VinylSd","None",0,"TA","TA","PConc","TA","TA","No","GLQ",646,"Unf",0,468,1114,"GasA","Ex","Y","SBrkr",1114,0,0,1114,1,0,1,1,3,1,"Other",6,"Typ",0,"No fireplace","Other","Unf","2","TA","TA","Y",0,102,0,0,0,0,"No","No fence","None",0,6,2008,159000,102,2.5,4
"20","RL",66,13695,"Pave","No alley","Reg","Lvl","AllPub","Inside","Gtl","SawyerW","Other","Norm","1Fam","1Story",6,5,2003,2004,"Gable","CompShg","VinylSd","VinylSd","None",0,"TA","TA","PConc","Gd","TA","No","GLQ",814,"Unf",0,300,1114,"GasA","Ex","Y","SBrkr",1114,0,0,1114,1,0,1,0,3,1,"Other",6,"Typ",0,"No fireplace","Other","Unf","2","TA","TA","Y",0,78,0,0,0,0,"No","No fence","None",0,7,2008,155000,78,2,4
"60","RL",65,8366,"Pave","No alley","Other","Lvl","AllPub","Inside","Gtl","SawyerW","Norm","Norm","1Fam","Other",6,5,2004,2004,"Gable","CompShg","VinylSd","VinylSd","None",0,"Other","TA","PConc","Gd","TA","No","Unf",0,"Unf",0,798,798,"GasA","Ex","Y","SBrkr",798,842,0,1640,0,0,2,1,3,1,"Other",6,"Typ",0,"No fireplace","Attchd","RFn","2","TA","TA","Y",138,45,0,0,0,0,"No","No fence","None",0,12,2008,173000,45,2.5,4
"20","RL",81,9260,"Pave","No alley","Reg","Lvl","AllPub","Other","Gtl","SawyerW","Norm","Norm","1Fam","1Story",7,5,2007,2007,"Gable","CompShg","VinylSd","VinylSd","None",0,"Other","TA","PConc","Gd","TA","Other","Unf",0,"Unf",0,1162,1162,"GasA","Ex","Y","SBrkr",1162,0,0,1162,0,0,2,0,3,1,"Other",6,"Typ",0,"No fireplace","Attchd","Fin","2","TA","TA","Y",0,32,0,0,0,0,"No","No fence","None",0,3,2008,170000,32,2,1
"60","RL",65,8453,"Pave","No alley","Other","Lvl","AllPub","Inside","Gtl","SawyerW","Norm","Norm","1Fam","Other",6,5,1995,1995,"Gable","CompShg","VinylSd","VinylSd","Other",38,"Other","TA","PConc","Gd","TA","No","GLQ",362,"Unf",0,392,754,"GasA","Ex","Y","SBrkr",754,855,0,1609,0,0,2,1,3,1,"Other",6,"Typ",0,"No fireplace","Attchd","RFn","2","TA","TA","Y",0,70,0,0,0,0,"No","No fence","None",0,4,2008,182000,70,2.5,13
"60","RL",50,8480,"Pave","No alley","Other","Lvl","AllPub","Inside","Gtl","SawyerW","Norm","Norm","1Fam","Other",6,5,1993,1994,"Gable","CompShg","HdBoard","HdBoard","Other",120,"Other","TA","PConc","Gd","TA","No","GLQ",602,"Unf",0,284,886,"GasA","Ex","Y","SBrkr",886,794,0,1680,0,1,2,1,3,1,"Other",7,"Typ",0,"No fireplace","Attchd","RFn","2","TA","TA","Y",144,96,0,0,0,0,"No","No fence","None",0,10,2008,163000,96,3,14
"20","RL",65,8125,"Pave","No alley","Reg","Lvl","AllPub","Inside","Gtl","SawyerW","Norm","Norm","1Fam","1Story",6,5,1994,1998,"Gable","CompShg","HdBoard","HdBoard","Other",258,"TA","TA","PConc","Gd","TA","No","GLQ",1138,"Unf",0,270,1408,"GasA","Ex","Y","SBrkr",1679,0,0,1679,1,0,2,0,3,1,"Other",7,"Typ",1,"Other","Attchd","RFn","2","TA","TA","Y",224,42,0,0,0,0,"No","No fence","None",0,10,2008,193500,42,3,10
"60","RL",43,14565,"Pave","No alley","Other","Lvl","AllPub","Other","Gtl","SawyerW","Norm","Norm","1Fam","Other",7,5,1994,1995,"Gable","CompShg","VinylSd","VinylSd","Other",145,"Other","TA","PConc","Gd","TA","Other","GLQ",537,"Unf",0,295,832,"GasA","Ex","Y","SBrkr",832,825,0,1657,0,0,2,1,3,1,"Other",6,"Typ",0,"No fireplace","Attchd","RFn","2","TA","TA","Y",144,74,0,0,0,0,"No","No fence","Other",2000,11,2008,189000,74,2.5,13
"60","RL",65,8450,"Pave","No alley","Reg","Lvl","AllPub","Inside","Gtl","SawyerW","Norm","Norm","1Fam","Other",6,5,2001,2001,"Gable","CompShg","VinylSd","VinylSd","None",0,"Other","TA","PConc","Gd","TA","No","GLQ",472,"Unf",0,355,827,"GasA","Ex","Y","SBrkr",827,850,0,1677,1,0,2,1,3,1,"Other",7,"Typ",0,"No fireplace","Attchd","RFn","2","TA","TA","Y",0,68,0,0,0,0,"No","No fence","None",0,9,2008,190500,68,3.5,7
"60","RL",75,8285,"Pave","No alley","Reg","Lvl","AllPub","Other","Gtl","SawyerW","Norm","Norm","1Fam","Other",7,5,1992,1992,"Gable","CompShg","HdBoard","HdBoard","None",0,"Other","TA","PConc","Gd","TA","No","GLQ",397,"Unf",0,439,836,"GasA","Other","Y","SBrkr",844,893,0,1737,0,1,2,1,3,1,"Other",7,"Typ",0,"No fireplace","Attchd","Fin","2","TA","TA","Y",192,85,0,0,0,0,"No","No fence","None",0,5,2008,175000,85,3,16
"20","RL",0,7153,"Pave","No alley","Reg","Lvl","AllPub","Inside","Gtl","SawyerW","Norm","Norm","1Fam","1Story",6,5,1991,1991,"Gable","CompShg","HdBoard","HdBoard","Other",88,"TA","TA","CBlock","Gd","TA","No","GLQ",1200,"Unf",0,78,1278,"GasA","Other","Y","SBrkr",1294,0,0,1294,1,0,2,0,3,1,"Other",6,"Typ",0,"No fireplace","Attchd","RFn","2","TA","TA","Y",112,51,0,0,0,0,"No","Other","None",0,6,2008,179200,51,3,17
"60","RL",76,9291,"Pave","No alley","Other","Lvl","AllPub","Other","Gtl","SawyerW","Other","Norm","1Fam","Other",6,5,1993,1993,"Gable","CompShg","HdBoard","HdBoard","Other",120,"Other","TA","PConc","Gd","TA","No","GLQ",426,"Unf",0,406,832,"GasA","Ex","Y","SBrkr",832,878,0,1710,0,0,2,1,3,1,"Other",7,"Typ",0,"No fireplace","Attchd","RFn","2","TA","TA","Y",144,70,0,0,0,0,"No","No fence","None",0,6,2008,187000,70,2.5,15
"120","RL",50,8012,"Pave","No alley","Reg","Lvl","AllPub","Inside","Gtl","SawyerW","Norm","Norm","Other","1Story",6,5,1993,1994,"Gable","CompShg","Plywood","Plywood","None",0,"Other","TA","PConc","Gd","TA","No","Other",165,"Other",841,598,1604,"GasA","Ex","Y","SBrkr",1617,0,0,1617,1,0,2,0,2,1,"Other",5,"Typ",1,"Other","Attchd","RFn","2","TA","TA","Y",0,69,0,0,0,0,"No","No fence","None",0,7,2008,193000,69,3,14
"120","RL",55,7892,"Pave","No alley","Reg","Lvl","AllPub","Inside","Gtl","SawyerW","Norm","Norm","Other","1Story",6,5,1993,1993,"Gable","CompShg","Plywood","Plywood","None",0,"Other","TA","PConc","Gd","TA","No","GLQ",300,"Unf",0,899,1199,"GasA","Ex","Y","SBrkr",1199,0,0,1199,0,0,2,0,2,1,"Other",5,"Typ",0,"No fireplace","Attchd","RFn","2","TA","TA","Y",0,63,0,0,0,0,"No","No fence","None",0,3,2008,153900,63,2,15
"20","RL",70,9100,"Pave","No alley","Reg","Lvl","AllPub","Inside","Gtl","Sawyer","Other","Norm","1Fam","1Story",5,5,1963,1963,"Other","CompShg","Wd Sdng","Wd Sdng","None",0,"TA","TA","PConc","TA","Other","No","BLQ",53,"Other",799,132,984,"GasA","TA","Y","SBrkr",984,0,0,984,1,0,1,0,3,1,"TA",5,"Typ",1,"TA","Attchd","RFn","Other","TA","TA","Y",145,56,0,0,0,0,"No","Other","Other",400,8,2008,128000,56,2,45
"20","RL",0,12968,"Pave","No alley","Other","Lvl","AllPub","Inside","Gtl","Sawyer","Norm","Norm","1Fam","1Story",5,6,1962,1962,"Other","CompShg","HdBoard","Plywood","None",0,"TA","TA","CBlock","TA","TA","No","ALQ",737,"Unf",0,175,912,"GasA","TA","Y","SBrkr",912,0,0,912,1,0,1,0,2,1,"TA",4,"Typ",0,"No fireplace","Other","Unf","Other","TA","TA","Y",140,0,0,0,176,0,"No","No fence","None",0,9,2008,144000,176,2,46
"20","RL",75,8100,"Pave","No alley","Reg","Lvl","AllPub","Inside","Gtl","Sawyer","Other","Norm","1Fam","1Story",5,8,1961,2007,"Gable","CompShg","Wd Sdng","Wd Sdng","None",0,"TA","Other","CBlock","TA","TA","No","ALQ",764,"Unf",0,100,864,"GasA","Ex","Y","SBrkr",864,0,0,864,1,0,1,0,3,1,"Other",5,"Typ",1,"TA","Other","Unf","Other","TA","TA","Y",132,0,0,0,0,0,"No","No fence","None",0,7,2008,135000,0,2,1
"190","RL",65,8450,"Pave","No alley","Reg","Lvl","AllPub","Inside","Gtl","Sawyer","Other","Norm","Other","1Story",5,5,1968,1968,"Gable","CompShg","HdBoard","HdBoard","None",0,"TA","TA","CBlock","TA","Other","Other","ALQ",890,"Unf",0,0,890,"GasA","Other","Other","SBrkr",890,0,0,890,1,0,1,0,3,1,"TA",5,"Typ",0,"No fireplace","Other","Unf","Other","TA","TA","Y",0,0,0,0,0,0,"No","No fence","None",0,4,2008,115000,0,2,40
"20","RL",65,6768,"Pave","No alley","Other","Lvl","AllPub","Inside","Gtl","Sawyer","Other","Norm","1Fam","1Story",6,8,1961,1996,"Other","CompShg","HdBoard","HdBoard","None",0,"TA","Other","CBlock","TA","TA","Other","GLQ",832,"Unf",0,80,912,"GasA","Other","Y","SBrkr",912,0,0,912,1,1,1,0,3,1,"Other",5,"Typ",0,"No fireplace","Other","Unf","Other","TA","TA","Y",168,0,0,0,0,0,"No","Other","None",0,5,2008,142000,0,2.5,12
"20","RL",95,19508,"Pave","No alley","Reg","Lvl","AllPub","Inside","Gtl","Veenker","Norm","Norm","1Fam","1Story",6,5,1974,1974,"Gable","CompShg","HdBoard","ImStucc","Other",144,"TA","TA","CBlock","TA","TA","Other","ALQ",800,"Unf",0,630,1430,"GasA","TA","Y","SBrkr",1430,0,0,1430,0,1,2,0,3,1,"TA",6,"Typ",2,"TA","Attchd","Unf","2","TA","TA","Y",117,108,165,0,0,0,"No","No fence","None",0,7,2008,192000,273,2.5,34
"50","RL",70,10759,"Pave","No alley","Reg","Lvl","AllPub","Other","Gtl","Sawyer","Other","Norm","1Fam","Other",5,4,1972,1972,"Gable","CompShg","HdBoard","HdBoard","None",0,"TA","Other","CBlock","Gd","TA","No","Other",190,"Other",811,0,1001,"GasA","TA","Y","SBrkr",1001,640,0,1641,0,0,2,0,4,1,"TA",5,"Typ",1,"Gd","Other","Unf","2","TA","TA","Y",0,0,92,0,0,0,"No","Other","None",0,7,2008,140000,92,2,36
"60","RL",0,9205,"Pave","No alley","Other","Lvl","AllPub","Inside","Gtl","NoRidge","Norm","Norm","1Fam","Other",6,5,1990,1991,"Other","CompShg","HdBoard","HdBoard","Other",304,"Other","TA","PConc","Gd","TA","No","ALQ",704,"Unf",0,226,930,"GasA","Ex","Y","SBrkr",1364,1319,0,2683,1,0,2,1,4,1,"Other",9,"Typ",2,"Gd","Attchd","RFn","2","TA","TA","Y",237,251,0,0,196,0,"No","No fence","None",0,6,2008,290000,447,3.5,17
"60","RL",105,11025,"Pave","No alley","Reg","Lvl","AllPub","Inside","Gtl","NoRidge","Norm","Norm","1Fam","Other",9,5,1993,1994,"Other","CompShg","Wd Sdng","Wd Sdng","Other",568,"Other","TA","PConc","Gd","TA","Other","BLQ",520,"Unf",0,1328,1848,"GasA","Ex","Y","SBrkr",1827,959,0,2786,1,0,2,1,4,1,"Other",10,"Typ",1,"Other","Attchd","Fin","2","TA","TA","Y",294,49,0,0,0,0,"No","No fence","None",0,6,2008,372500,49,3.5,14
"120","RL",38,14963,"Pave","No alley","Other","Lvl","AllPub","Inside","Gtl","Veenker","Norm","Norm","Other","1Story",8,5,1996,1996,"Gable","CompShg","BrkFace","BrkFace","None",0,"Other","TA","PConc","Gd","TA","No","GLQ",786,"Unf",0,474,1260,"GasA","Ex","Y","SBrkr",1288,0,0,1288,1,0,1,1,1,1,"Other",4,"Typ",2,"Gd","Attchd","Fin","2","TA","TA","Y",120,30,0,0,224,0,"No","No fence","None",0,12,2008,245500,254,2.5,12
"120","RL",22,11064,"Pave","No alley","Other","Lvl","AllPub","Other","Gtl","Veenker","Norm","Norm","Other","1Story",8,5,1995,1995,"Other","CompShg","BrkFace","BrkFace","None",0,"Other","TA","PConc","Gd","TA","Other","Other",560,"Other",670,0,1230,"GasA","Ex","Y","SBrkr",1239,0,0,1239,1,0,1,1,1,1,"Other",4,"Typ",1,"Other","Attchd","Fin","2","TA","TA","Y",172,24,0,0,0,0,"No","No fence","None",0,8,2008,217500,24,2.5,13
"120","RL",32,10846,"Pave","No alley","Other","Lvl","AllPub","Other","Gtl","Veenker","Norm","Norm","Other","1Story",8,5,1993,1993,"Gable","CompShg","BrkFace","BrkFace","None",0,"Other","TA","PConc","Gd","TA","Other","GLQ",1619,"Unf",0,100,1719,"GasA","Ex","Y","SBrkr",1719,0,0,1719,2,0,1,1,1,1,"Other",6,"Typ",2,"Gd","Attchd","Fin","2","TA","TA","Y",122,30,0,0,0,0,"No","No fence","None",0,5,2008,324000,30,3.5,15
"20","RL",0,11120,"Pave","No alley","Other","Lvl","AllPub","Other","Gtl","Veenker","Norm","Norm","1Fam","1Story",6,6,1984,1984,"Gable","CompShg","Plywood","Plywood","None",0,"TA","TA","PConc","Gd","TA","No","BLQ",660,"Unf",0,572,1232,"GasA","TA","Y","SBrkr",1232,0,0,1232,0,0,2,0,3,1,"TA",6,"Typ",0,"No fireplace","Attchd","Unf","2","TA","TA","Y",0,0,0,0,0,0,"No","No fence","None",0,6,2008,162500,0,2,24
"20","RL",103,16280,"Pave","No alley","Reg","Lvl","AllPub","Inside","Gtl","Veenker","Norm","Norm","1Fam","1Story",8,9,1976,2007,"Gable","CompShg","VinylSd","VinylSd","None",0,"Other","Other","CBlock","Gd","Other","Other","GLQ",1044,"Other",382,0,1426,"GasA","Ex","Y","SBrkr",1671,0,0,1671,1,0,3,0,3,1,"Other",6,"Typ",1,"Gd","Attchd","RFn","2","TA","TA","Y",280,90,0,0,0,0,"No","Other","None",0,5,2008,290000,90,4,1
"20","RL",80,10400,"Pave","No alley","Reg","Lvl","AllPub","Inside","Gtl","NWAmes","Norm","Norm","1Fam","1Story",7,6,1970,1970,"Other","CompShg","Plywood","Plywood","Other",288,"TA","TA","PConc","TA","TA","No","Unf",0,"Unf",0,1304,1304,"GasA","Other","Y","SBrkr",1682,0,0,1682,0,0,2,0,3,1,"TA",7,"Typ",1,"Gd","Attchd","Unf","2","TA","TA","Y",98,0,0,0,0,0,"No","Other","None",0,5,2008,174000,0,2,38
"80","RL",0,11104,"Pave","No alley","Other","Lvl","AllPub","Inside","Gtl","NWAmes","Norm","Norm","1Fam","Other",6,6,1969,1969,"Gable","CompShg","MetalSd","MetalSd","None",0,"TA","TA","CBlock","TA","TA","Other","GLQ",828,"Unf",0,599,1427,"GasA","Other","Y","SBrkr",1427,0,0,1427,0,1,2,0,4,1,"TA",7,"Typ",0,"No fireplace","Attchd","RFn","2","TA","TA","Y",0,0,0,0,216,0,"No","No fence","None",0,5,2008,183000,216,2.5,39
"20","RL",0,15387,"Pave","No alley","Other","Lvl","AllPub","Other","Gtl","NWAmes","Norm","Norm","1Fam","1Story",7,7,1967,1967,"Gable","CompShg","Plywood","Plywood","None",0,"TA","TA","CBlock","TA","TA","No","ALQ",603,"Other",294,723,1620,"GasA","Ex","Y","SBrkr",1620,0,0,1620,0,0,2,0,4,1,"Other",8,"Typ",1,"Gd","Attchd","Unf","2","TA","TA","Y",0,62,192,0,0,0,"No","No fence","Other",450,8,2008,215000,254,2,41
"90","RL",75,9750,"Pave","No alley","Reg","Lvl","AllPub","Inside","Gtl","NWAmes","Other","Norm","Other","1Story",5,6,1965,1965,"Gable","CompShg","MetalSd","MetalSd","None",0,"TA","TA","CBlock","TA","TA","No","Unf",0,"Unf",0,1625,1625,"GasA","Ex","Y","SBrkr",1625,0,0,1625,0,0,2,0,4,2,"TA",8,"Typ",0,"No fireplace","Other","Unf","2","TA","TA","Y",0,0,0,0,0,0,"No","No fence","None",0,8,2008,140500,0,2,43
"60","RL",90,10800,"Pave","No alley","Reg","Lvl","AllPub","Inside","Gtl","NWAmes","Norm","Norm","1Fam","Other",6,7,1974,1997,"Gable","CompShg","HdBoard","HdBoard","None",0,"TA","TA","CBlock","TA","TA","No","ALQ",956,"Other",182,384,1522,"GasA","TA","Y","SBrkr",1548,1066,0,2614,0,0,2,1,4,1,"TA",9,"Typ",1,"TA","Attchd","RFn","2","TA","TA","Y",38,243,0,0,0,0,"No","No fence","None",0,6,2008,240000,243,2.5,11
"60","RL",73,8814,"Pave","No alley","Reg","Lvl","AllPub","Inside","Gtl","NAmes","Other","Norm","1Fam","Other",5,6,1968,1968,"Gable","CompShg","MetalSd","MetalSd","None",0,"TA","TA","CBlock","TA","TA","No","Other",732,"Unf",0,0,732,"GasA","Ex","Y","SBrkr",732,732,0,1464,0,0,1,1,4,1,"TA",7,"Typ",0,"No fireplace","Attchd","Unf","2","TA","TA","Y",0,40,0,0,0,0,"No","No fence","None",0,6,2008,141000,40,1.5,40
"20","RL",72,8872,"Pave","No alley","Reg","Lvl","AllPub","Other","Gtl","NAmes","Norm","Norm","1Fam","1Story",5,8,1965,2008,"Gable","CompShg","VinylSd","VinylSd","Other",300,"TA","TA","CBlock","TA","TA","No","ALQ",595,"Unf",0,317,912,"GasA","Ex","Y","SBrkr",912,0,0,912,1,0,1,0,2,1,"Other",5,"Typ",0,"No fireplace","Other","Unf","2","TA","TA","Y",0,240,0,0,0,0,"No","No fence","None",0,12,2008,147000,240,2,0
"20","RL",65,8125,"Pave","No alley","Reg","Lvl","AllPub","Inside","Gtl","NAmes","Norm","Norm","1Fam","1Story",5,7,1965,2005,"Other","CompShg","HdBoard","HdBoard","None",0,"Other","TA","CBlock","TA","TA","No","ALQ",260,"Other",456,196,912,"GasA","Ex","Y","SBrkr",925,0,0,925,1,0,1,0,3,1,"TA",5,"Typ",0,"No fireplace","Other","Unf","2","TA","TA","Y",233,0,0,0,0,0,"No","No fence","None",0,7,2008,135000,0,2,3
"90","RL",72,11072,"Pave","No alley","Other","Lvl","AllPub","Inside","Gtl","NAmes","Norm","Norm","Other","1Story",5,5,1965,1965,"Gable","CompShg","HdBoard","HdBoard","None",0,"TA","TA","CBlock","TA","TA","No","Unf",0,"Unf",0,1728,1728,"GasA","TA","Y","SBrkr",1728,0,0,1728,0,0,2,0,6,2,"TA",10,"Typ",0,"No fireplace","Other","Unf","2","TA","TA","Y",0,0,0,0,0,0,"No","No fence","None",0,11,2008,145000,0,2,43
"90","RL",74,13101,"Pave","No alley","Other","Lvl","AllPub","Inside","Gtl","NAmes","Norm","Norm","Other","1Story",5,5,1965,1965,"Gable","CompShg","HdBoard","HdBoard","Other",108,"TA","TA","CBlock","TA","TA","No","Other",231,"Unf",0,1497,1728,"GasA","TA","Y","SBrkr",1728,0,0,1728,0,0,2,0,6,2,"TA",10,"Typ",0,"No fireplace","Other","Unf","2","TA","TA","Y",0,0,0,0,0,0,"No","No fence","None",0,11,2008,142600,0,2,43
"90","RL",87,9246,"Pave","No alley","Other","Lvl","AllPub","Inside","Gtl","NWAmes","Other","Norm","Other","1Story",5,5,1973,1973,"Gable","CompShg","Plywood","Plywood","Other",564,"TA","TA","CBlock","TA","TA","No","Unf",0,"Unf",0,1656,1656,"GasA","TA","Y","SBrkr",1656,0,0,1656,0,0,2,0,4,2,"TA",8,"Typ",0,"No fireplace","Other","Unf","2","TA","TA","Y",0,211,0,0,0,0,"No","No fence","None",0,11,2008,135000,211,2,35
"60","RL",0,13355,"Pave","No alley","Other","Lvl","AllPub","Inside","Gtl","NWAmes","Norm","Norm","1Fam","Other",7,6,1971,1971,"Gable","CompShg","HdBoard","HdBoard","None",0,"TA","TA","CBlock","Gd","Other","No","ALQ",583,"Unf",0,242,825,"GasA","TA","Y","SBrkr",845,825,0,1670,0,0,1,1,4,1,"TA",7,"Typ",0,"No fireplace","Attchd","Fin","2","TA","TA","Y",0,0,0,0,0,0,"No","No fence","None",0,5,2008,170000,0,1.5,37
"60","RL",0,8963,"Pave","No alley","Other","Lvl","AllPub","Inside","Gtl","NWAmes","Norm","Norm","1Fam","Other",8,9,1976,1996,"Other","CompShg","VinylSd","VinylSd","Other",289,"Other","Other","CBlock","TA","Other","No","GLQ",575,"Other",80,487,1142,"GasA","Ex","Y","SBrkr",1175,1540,0,2715,0,1,3,1,4,1,"Other",11,"Typ",2,"TA","Other","Fin","2","TA","TA","Y",0,204,0,0,0,0,"No","No fence","None",0,7,2008,299800,204,4,12
"60","RL",76,9120,"Pave","No alley","Reg","Lvl","AllPub","Inside","Gtl","NWAmes","Norm","Norm","1Fam","Other",6,6,1974,1974,"Other","CompShg","HdBoard","HdBoard","Other",270,"Other","TA","CBlock","TA","TA","No","ALQ",442,"Unf",0,459,901,"GasA","TA","Y","SBrkr",943,933,0,1876,0,0,2,1,4,1,"Other",8,"Typ",1,"TA","Attchd","RFn","2","Other","TA","Y",0,69,0,0,0,0,"No","No fence","None",0,7,2008,185000,69,2.5,34
"60","RL",0,9130,"Pave","No alley","Reg","Lvl","AllPub","Inside","Gtl","NWAmes","Other","Norm","1Fam","Other",6,8,1966,2000,"Other","CompShg","HdBoard","HdBoard","Other",252,"TA","TA","CBlock","TA","TA","No","GLQ",400,"Other",64,336,800,"GasA","Other","Y","SBrkr",800,832,0,1632,0,1,1,1,4,1,"Other",7,"Typ",0,"No fireplace","Attchd","Unf","2","TA","TA","Y",0,40,0,0,0,0,"No","No fence","None",0,7,2008,173000,40,2,8
"85","RL",0,12122,"Pave","No alley","Other","Lvl","AllPub","Other","Gtl","NAmes","Norm","Norm","1Fam","Other",7,9,1961,2007,"Gable","CompShg","CemntBd","CmentBd","Other",210,"Other","TA","CBlock","TA","TA","Other","ALQ",867,"Unf",0,77,944,"GasA","Other","Y","SBrkr",999,0,0,999,1,0,1,0,3,1,"Other",6,"Typ",0,"No fireplace","Attchd","RFn","2","TA","TA","Y",144,76,0,0,0,0,"No","No fence","None",0,7,2008,178400,76,2,1
"60","RL",0,9900,"Pave","No alley","Reg","Lvl","AllPub","Inside","Gtl","NWAmes","Other","Norm","1Fam","Other",7,5,1968,1968,"Gable","CompShg","MetalSd","MetalSd","Other",342,"TA","TA","CBlock","TA","TA","No","BLQ",552,"Unf",0,280,832,"GasA","Other","Y","SBrkr",1098,880,0,1978,0,0,2,1,4,1,"TA",9,"Typ",1,"Gd","Attchd","RFn","2","TA","TA","Y",0,43,0,0,0,0,"No","Other","None",0,4,2008,176000,43,2.5,40
"20","RL",74,7785,"Pave","No alley","Other","Lvl","AllPub","Inside","Gtl","NAmes","Norm","Norm","1Fam","1Story",5,5,1956,1956,"Gable","CompShg","HdBoard","HdBoard","None",0,"TA","TA","Other","Other","Other","Other","Other",0,"Other",0,0,0,"GasA","TA","Y","SBrkr",1014,0,0,1014,0,0,1,0,2,1,"TA",6,"Typ",0,"No fireplace","Attchd","RFn","Other","TA","TA","Y",0,0,40,0,200,0,"No","Other","None",0,3,2008,98000,240,1,52
"20","RL",77,8593,"Pave","No alley","Other","Lvl","AllPub","Inside","Gtl","NAmes","Norm","Norm","1Fam","1Story",4,6,1957,1957,"Other","CompShg","MetalSd","MetalSd","None",0,"TA","TA","CBlock","TA","TA","No","Rec",288,"Unf",0,619,907,"GasA","Ex","Y","SBrkr",907,0,0,907,0,0,1,0,3,1,"TA",5,"Typ",0,"No fireplace","Other","Unf","Other","TA","TA","Y",0,0,0,0,0,0,"No","No fence","None",0,7,2008,109008,0,1,51
"20","RL",0,8475,"Pave","No alley","Other","Lvl","AllPub","Inside","Gtl","NAmes","Norm","Norm","1Fam","1Story",4,7,1956,1956,"Gable","CompShg","VinylSd","VinylSd","None",0,"TA","TA","CBlock","TA","TA","No","ALQ",228,"Unf",0,724,952,"GasA","Ex","Y","Other",952,0,0,952,0,0,1,0,2,1,"TA",4,"Typ",0,"No fireplace","Other","Unf","Other","TA","TA","Y",0,0,0,0,0,0,"No","No fence","None",0,4,2008,135750,0,1,52
"20","RL",80,8700,"Pave","No alley","Reg","Lvl","AllPub","Inside","Gtl","NAmes","Norm","Norm","1Fam","1Story",5,6,1963,1963,"Other","CompShg","MetalSd","MetalSd","Other",148,"TA","Other","CBlock","TA","TA","Other","ALQ",776,"Unf",0,344,1120,"GasA","Other","Y","SBrkr",1128,0,0,1128,1,0,2,0,3,1,"TA",6,"Typ",0,"No fireplace","Attchd","RFn","2","TA","TA","Y",192,20,123,0,0,0,"No","Other","None",0,12,2008,155000,143,3,45
"20","RL",100,10175,"Pave","No alley","Other","Lvl","AllPub","Inside","Gtl","NAmes","Norm","Norm","1Fam","1Story",6,5,1964,1964,"Gable","CompShg","HdBoard","Plywood","Other",272,"TA","TA","CBlock","TA","TA","No","BLQ",490,"Unf",0,935,1425,"GasA","Other","Y","SBrkr",1425,0,0,1425,0,0,2,0,3,1,"TA",7,"Typ",1,"Gd","Attchd","RFn","2","TA","TA","Y",0,0,0,407,0,0,"No","No fence","None",0,7,2008,180500,407,2,44
"80","RL",82,9020,"Pave","No alley","Reg","Lvl","AllPub","Inside","Gtl","NAmes","Norm","Norm","1Fam","Other",6,7,1966,1966,"Gable","CompShg","HdBoard","HdBoard","Other",183,"TA","TA","CBlock","TA","TA","Other","Rec",312,"Other",539,276,1127,"GasA","TA","Y","SBrkr",1165,0,0,1165,1,0,1,1,3,1,"TA",6,"Typ",0,"No fireplace","Attchd","RFn","2","Other","Other","Y",0,129,0,0,0,0,"No","Other","None",0,5,2008,174900,129,2.5,42
"20","RL",80,9200,"Pave","No alley","Reg","Lvl","AllPub","Inside","Gtl","NAmes","Norm","Norm","1Fam","1Story",6,6,1965,1965,"Gable","CompShg","HdBoard","HdBoard","None",0,"TA","TA","CBlock","TA","TA","No","Rec",892,"Unf",0,244,1136,"GasA","TA","Y","SBrkr",1136,0,0,1136,1,0,1,0,3,1,"TA",5,"Typ",1,"Gd","Attchd","RFn","Other","TA","TA","Y",426,0,0,0,0,0,"No","No fence","None",0,7,2008,140000,0,2,43
"20","RL",75,8250,"Pave","No alley","Reg","Lvl","AllPub","Inside","Gtl","NAmes","Norm","Norm","1Fam","1Story",6,7,1964,1964,"Other","CompShg","HdBoard","HdBoard","Other",260,"TA","TA","CBlock","Gd","TA","No","Rec",787,"Unf",0,305,1092,"GasA","Ex","Y","SBrkr",1092,0,0,1092,1,0,1,0,3,1,"TA",6,"Typ",0,"No fireplace","Attchd","RFn","2","TA","Other","Y",0,0,0,0,0,0,"No","Other","None",0,7,2008,145000,0,2,44
"80","RL",85,9350,"Pave","No alley","Reg","Lvl","AllPub","Inside","Gtl","NAmes","Norm","Norm","1Fam","Other",5,8,1965,1999,"Gable","CompShg","BrkFace","BrkFace","None",0,"TA","Other","PConc","TA","TA","Other","ALQ",633,"Unf",0,586,1219,"GasA","Other","Y","SBrkr",1265,0,0,1265,0,1,2,0,3,1,"Other",6,"Typ",1,"Gd","Attchd","RFn","2","TA","TA","Y",0,92,0,96,0,0,"No","Other","None",0,10,2008,179900,188,2.5,9
"80","RL",82,9020,"Pave","No alley","Reg","Lvl","AllPub","Other","Gtl","NAmes","Other","Norm","1Fam","Other",6,5,1964,1964,"Gable","Other","Plywood","Wd Sdng","Other",259,"TA","TA","CBlock","TA","TA","Other","GLQ",624,"Other",336,288,1248,"GasA","TA","Y","SBrkr",1350,0,0,1350,1,0,1,1,3,1,"TA",6,"Typ",0,"No fireplace","Attchd","RFn","2","TA","TA","Y",176,0,0,0,0,0,"No","Other","None",0,6,2008,168500,0,2.5,44
"20","RL",72,10007,"Pave","No alley","Other","Lvl","AllPub","Inside","Gtl","NAmes","Norm","Norm","1Fam","1Story",5,7,1959,2006,"Gable","CompShg","HdBoard","HdBoard","Other",54,"Other","TA","CBlock","TA","TA","No","ALQ",806,"Unf",0,247,1053,"GasA","Ex","Y","SBrkr",1053,0,0,1053,1,0,1,1,3,1,"Other",5,"Typ",0,"No fireplace","Attchd","RFn","Other","TA","TA","Y",0,0,0,0,0,0,"No","Other","None",0,8,2008,145500,0,2.5,2
"20","RL",80,10721,"Pave","No alley","Other","Lvl","AllPub","Inside","Gtl","NAmes","Norm","Norm","1Fam","1Story",6,6,1959,1959,"Other","CompShg","HdBoard","HdBoard","Other",243,"Other","TA","CBlock","TA","TA","No","Unf",0,"Unf",0,1252,1252,"GasA","Ex","Y","SBrkr",1252,0,0,1252,0,0,1,0,3,1,"Other",7,"Typ",0,"No fireplace","Other","Unf","2","TA","TA","Y",0,39,0,0,0,0,"No","No fence","None",0,10,2008,142000,39,1,49
"20","RL",0,12493,"Pave","No alley","Other","Lvl","AllPub","Inside","Gtl","NAmes","Norm","Norm","1Fam","1Story",4,5,1960,1960,"Gable","CompShg","Wd Sdng","Wd Sdng","None",0,"TA","TA","PConc","TA","TA","No","ALQ",419,"Other",306,375,1100,"GasA","TA","Y","SBrkr",1100,0,0,1100,1,0,1,0,3,1,"TA",6,"Typ",1,"Other","Attchd","RFn","Other","TA","TA","Y",355,0,0,0,0,0,"No","Other","None",0,4,2008,141000,0,2,48
"20","RL",0,11332,"Pave","No alley","Other","Lvl","AllPub","Other","Gtl","NAmes","Norm","Norm","1Fam","1Story",5,7,1960,2000,"Gable","CompShg","Wd Sdng","Wd Sdng","None",0,"TA","TA","CBlock","TA","TA","No","BLQ",528,"Unf",0,590,1118,"GasA","Ex","Y","SBrkr",1118,0,0,1118,1,0,1,0,3,1,"Other",6,"Typ",0,"No fireplace","Attchd","RFn","Other","TA","TA","Y",290,0,0,0,0,0,"No","Other","None",0,8,2008,153000,0,2,8
"20","RL",0,6627,"Pave","No alley","Other","Lvl","AllPub","Other","Gtl","BrkSide","Other","Norm","1Fam","1Story",3,6,1949,1950,"Other","CompShg","VinylSd","VinylSd","None",0,"TA","TA","CBlock","Other","Other","Other","Other",0,"Other",0,0,0,"Other","TA","Other","SBrkr",720,0,0,720,0,0,1,0,2,1,"TA",4,"Typ",0,"No fireplace","Other","Unf","Other","TA","Other","Y",0,0,0,0,0,0,"No","No fence","None",0,7,2008,72500,0,1,58
"30","RL",56,4130,"Pave","No alley","Other","Lvl","AllPub","Inside","Gtl","BrkSide","Norm","Norm","1Fam","1Story",3,6,1935,2003,"Gable","CompShg","VinylSd","VinylSd","None",0,"Other","TA","CBlock","TA","TA","No","Unf",0,"Unf",0,270,270,"GasA","Other","Y","SBrkr",729,0,0,729,0,0,1,0,2,1,"TA",5,"Other",0,"No fireplace","Other","Other","Other","Other","Other","Other",0,0,0,0,0,0,"No","No fence","None",0,7,2008,52000,0,1,5
"190","RL",50,7420,"Pave","No alley","Reg","Lvl","AllPub","Other","Gtl","BrkSide","Other","Other","Other","Other",5,6,1939,1950,"Gable","CompShg","MetalSd","MetalSd","None",0,"TA","TA","Other","TA","TA","No","GLQ",851,"Unf",0,140,991,"GasA","Ex","Y","SBrkr",1077,0,0,1077,1,0,1,0,2,2,"TA",5,"Typ",2,"TA","Attchd","RFn","Other","Other","TA","Y",0,4,0,0,0,0,"No","No fence","None",0,1,2008,118000,4,2,58
"70","RL",50,4882,"Pave","No alley","Other","Other","AllPub","Inside","Other","BrkSide","Other","Other","1Fam","Other",4,7,1937,1950,"Gable","CompShg","MetalSd","MetalSd","None",0,"TA","TA","PConc","TA","TA","No","Rec",120,"Unf",0,228,348,"GasA","TA","Y","SBrkr",453,453,0,906,0,0,1,0,2,1,"TA",5,"Typ",0,"No fireplace","Other","Unf","Other","Other","TA","Y",0,0,0,0,0,0,"No","No fence","None",0,9,2008,87000,0,1,58
"20","RL",80,9600,"Pave","No alley","Reg","Lvl","AllPub","Inside","Gtl","NAmes","Norm","Norm","1Fam","1Story",5,6,1960,1960,"Gable","CompShg","MetalSd","MetalSd","Other",203,"Other","Other","CBlock","TA","TA","No","Rec",658,"Unf",0,638,1296,"GasA","TA","Y","SBrkr",1496,0,0,1496,0,0,2,0,3,1,"Other",6,"Typ",0,"No fireplace","Attchd","RFn","2","TA","TA","Y",0,22,0,0,0,0,"No","Other","None",0,2,2008,141500,22,2,48
"20","RL",80,9600,"Pave","No alley","Reg","Lvl","AllPub","Inside","Gtl","NAmes","Norm","Norm","1Fam","1Story",5,8,1950,2006,"Gable","CompShg","HdBoard","HdBoard","None",0,"TA","Other","CBlock","TA","TA","No","BLQ",32,"Other",308,232,572,"GasA","Other","Y","SBrkr",1337,0,0,1337,1,0,1,0,3,1,"Other",7,"Typ",1,"Gd","Attchd","RFn","Other","TA","TA","Y",0,192,0,0,0,0,"No","No fence","None",0,9,2008,141500,192,2,2
"80","RL",80,9600,"Pave","No alley","Reg","Lvl","AllPub","Inside","Gtl","NAmes","Norm","Norm","1Fam","Other",6,6,1955,1996,"Other","CompShg","AsbShng","AsbShng","None",0,"TA","TA","CBlock","TA","TA","Other","BLQ",831,"Unf",0,161,992,"GasA","Other","Y","SBrkr",1661,0,0,1661,1,0,1,0,3,1,"Other",8,"Typ",1,"TA","Other","RFn","Other","TA","TA","Y",0,28,0,0,178,0,"No","Other","None",0,10,2008,165500,206,2,12
"20","RL",63,7584,"Pave","No alley","Reg","Lvl","AllPub","Inside","Gtl","NAmes","Other","Norm","1Fam","1Story",5,5,1953,1953,"Other","CompShg","Wd Sdng","Wd Sdng","Other",88,"TA","TA","CBlock","TA","TA","No","Other",531,"Unf",0,505,1036,"GasA","Ex","Y","SBrkr",1036,0,0,1036,0,0,1,0,3,1,"TA",5,"Typ",0,"No fireplace","Attchd","RFn","Other","TA","TA","Y",120,24,0,0,0,0,"No","Other","None",0,6,2008,112900,24,1,55
"60","RL",0,13700,"Pave","No alley","Other","Lvl","AllPub","Inside","Gtl","NAmes","Norm","Norm","1Fam","Other",7,6,1965,1988,"Gable","CompShg","VinylSd","VinylSd","Other",288,"TA","TA","CBlock","TA","TA","Other","ALQ",454,"Unf",0,410,864,"GasA","TA","Y","SBrkr",902,918,0,1820,0,0,1,2,4,1,"Other",8,"Typ",2,"Gd","Attchd","Unf","2","TA","TA","Y",60,84,0,0,273,0,"No","Other","None",0,5,2008,201800,357,2,20
"20","RL",80,10197,"Pave","No alley","Other","Lvl","AllPub","Inside","Gtl","NAmes","Norm","Norm","1Fam","1Story",6,5,1961,1961,"Gable","CompShg","WdShing","Wd Shng","Other",491,"TA","TA","CBlock","TA","TA","No","ALQ",288,"Other",374,700,1362,"GasA","TA","Y","SBrkr",1362,0,0,1362,1,0,1,1,3,1,"TA",6,"Typ",1,"TA","Attchd","Unf","2","TA","TA","Y",0,20,0,0,0,0,"No","No fence","None",0,6,2008,163000,20,2.5,47
"20","RL",75,7875,"Pave","No alley","Reg","Lvl","AllPub","Inside","Gtl","NAmes","Norm","Norm","1Fam","1Story",5,6,1961,1961,"Gable","CompShg","VinylSd","VinylSd","Other",136,"TA","TA","CBlock","TA","TA","No","Rec",572,"Unf",0,572,1144,"GasA","Other","Y","SBrkr",1144,0,0,1144,1,0,1,0,3,1,"TA",6,"Typ",0,"No fireplace","Attchd","Unf","2","TA","TA","Y",0,0,0,0,0,0,"No","Other","None",0,9,2008,139950,0,2,47
"80","RL",101,9150,"Pave","No alley","Other","Lvl","AllPub","Other","Gtl","NAmes","Norm","Norm","1Fam","Other",6,5,1962,1962,"Gable","Other","Plywood","Plywood","Other",305,"TA","TA","CBlock","Gd","TA","Other","GLQ",371,"Unf",0,728,1099,"GasA","Other","Y","SBrkr",1431,0,0,1431,0,1,1,0,3,1,"TA",6,"Typ",1,"Gd","Other","RFn","Other","TA","TA","Y",64,110,0,0,0,0,"No","No fence","None",0,12,2008,165000,110,1.5,46
"60","RL",90,14670,"Pave","No alley","Reg","Lvl","AllPub","Inside","Gtl","NAmes","Norm","Norm","1Fam","Other",6,7,1966,1999,"Gable","CompShg","VinylSd","VinylSd","Other",410,"Other","Other","CBlock","TA","TA","No","BLQ",575,"Unf",0,529,1104,"GasA","Ex","Y","SBrkr",1104,884,0,1988,0,0,2,1,4,1,"Other",9,"Typ",1,"Gd","Attchd","RFn","2","TA","TA","Y",0,230,0,0,0,0,"No","Other","None",0,8,2008,227000,230,2.5,9
"20","RL",0,7390,"Pave","No alley","Other","Lvl","AllPub","Inside","Gtl","NAmes","Norm","Norm","1Fam","1Story",5,7,1955,1955,"Other","CompShg","Wd Sdng","Wd Sdng","Other",151,"TA","TA","CBlock","TA","TA","No","ALQ",902,"Unf",0,196,1098,"GasA","TA","Y","SBrkr",1098,0,0,1098,1,0,1,0,3,1,"TA",6,"Typ",0,"No fireplace","Attchd","Unf","Other","TA","TA","Y",0,0,0,0,0,0,"No","No fence","None",0,7,2008,135000,0,2,53
"20","RL",71,9204,"Pave","No alley","Reg","Lvl","AllPub","Inside","Gtl","NAmes","Norm","Norm","1Fam","1Story",5,5,1963,1963,"Gable","CompShg","HdBoard","HdBoard","None",0,"TA","TA","CBlock","TA","TA","No","BLQ",25,"Other",872,247,1144,"GasA","TA","Y","SBrkr",1144,0,0,1144,1,0,1,1,3,1,"TA",6,"Typ",0,"No fireplace","Other","Unf","Other","TA","TA","Y",0,88,0,0,0,0,"No","No fence","None",0,8,2008,124000,88,2.5,45
"20","RL",70,7763,"Pave","No alley","Reg","Lvl","AllPub","Inside","Gtl","NAmes","Norm","Norm","1Fam","1Story",5,7,1962,1980,"Gable","CompShg","MetalSd","MetalSd","None",0,"TA","Other","CBlock","TA","TA","No","Rec",504,"Other",108,319,931,"GasA","TA","Y","SBrkr",1283,0,0,1283,1,0,1,0,3,1,"TA",6,"Typ",0,"No fireplace","Other","Unf","2","TA","TA","Y",0,0,0,0,0,0,"No","No fence","None",0,10,2008,140000,0,2,28
"20","RL",74,8856,"Pave","No alley","Reg","Lvl","AllPub","Inside","Gtl","NAmes","Norm","Norm","1Fam","1Story",5,4,1957,1957,"Gable","CompShg","Wd Sdng","Wd Sdng","Other",143,"TA","TA","CBlock","TA","TA","No","ALQ",621,"Other",52,503,1176,"GasA","TA","Y","SBrkr",1176,0,0,1176,1,0,1,0,3,1,"TA",6,"Typ",2,"Gd","Attchd","RFn","Other","TA","TA","Y",0,88,0,0,95,0,"No","No fence","None",0,5,2008,136500,183,2,51
"20","RL",82,9840,"Pave","No alley","Reg","Lvl","AllPub","Inside","Gtl","NAmes","Norm","Norm","1Fam","1Story",5,7,1959,1998,"Gable","CompShg","HdBoard","HdBoard","None",0,"TA","TA","CBlock","TA","TA","No","ALQ",1053,"Unf",0,195,1248,"GasA","TA","Y","SBrkr",1440,0,0,1440,1,0,2,0,2,1,"Other",7,"Typ",0,"No fireplace","Attchd","RFn","Other","TA","TA","Y",150,0,0,0,256,0,"No","No fence","None",0,6,2008,185000,256,3,10
"20","RL",76,9120,"Pave","No alley","Reg","Lvl","AllPub","Inside","Gtl","NAmes","Norm","Norm","1Fam","1Story",6,6,1958,1958,"Other","CompShg","MetalSd","MetalSd","None",0,"TA","TA","CBlock","TA","TA","No","ALQ",662,"Unf",0,599,1261,"GasA","Ex","Y","SBrkr",1261,0,0,1261,1,0,1,0,3,1,"TA",6,"Typ",1,"TA","Attchd","RFn","2","TA","TA","Y",0,0,0,0,288,0,"No","No fence","Other",1400,11,2008,163000,288,2,50
"20","RL",90,13200,"Pave","No alley","Other","Lvl","AllPub","Inside","Gtl","NAmes","Other","Norm","1Fam","1Story",6,6,1958,1958,"Gable","CompShg","Wd Sdng","Wd Sdng","Other",187,"TA","TA","CBlock","TA","TA","No","Other",958,"Unf",0,437,1395,"GasA","Ex","Y","SBrkr",1570,0,0,1570,1,0,1,0,3,1,"TA",5,"Typ",1,"TA","Attchd","RFn","2","TA","TA","Y",490,0,0,0,0,0,"No","No fence","None",0,5,2008,166800,0,2,50
"20","RL",72,9000,"Pave","No alley","Reg","Lvl","AllPub","Inside","Gtl","NAmes","Norm","Norm","1Fam","1Story",6,5,1956,1956,"Gable","CompShg","Wd Sdng","Wd Sdng","Other",74,"TA","TA","CBlock","Gd","TA","No","Other",616,"Unf",0,580,1196,"GasA","Other","Y","Other",1196,0,0,1196,1,0,1,0,2,1,"TA",6,"Typ",1,"Gd","Attchd","RFn","Other","TA","TA","Y",0,44,0,0,0,0,"No","No fence","None",0,5,2008,139000,44,2,52
"20","RL",80,11900,"Pave","No alley","Other","Lvl","AllPub","Other","Gtl","NAmes","Norm","Norm","1Fam","1Story",6,5,1957,1957,"Gable","CompShg","HdBoard","HdBoard","Other",387,"TA","TA","CBlock","TA","TA","No","Rec",1040,"Unf",0,352,1392,"GasA","TA","Y","Other",1392,0,0,1392,1,0,1,1,3,1,"TA",6,"Typ",2,"Gd","Attchd","RFn","2","TA","TA","Y",0,0,0,0,192,0,"No","No fence","None",0,6,2008,166000,192,2.5,51
"20","RL",75,9464,"Pave","No alley","Reg","Lvl","AllPub","Other","Gtl","NAmes","Norm","Norm","1Fam","1Story",6,7,1958,1958,"Other","CompShg","MetalSd","MetalSd","Other",135,"TA","Other","CBlock","TA","TA","No","BLQ",570,"Unf",0,510,1080,"GasA","Other","Y","SBrkr",1080,0,0,1080,0,0,1,0,3,1,"TA",5,"Typ",0,"No fireplace","Attchd","Unf","Other","TA","TA","Y",0,0,0,0,130,0,"No","No fence","None",0,6,2008,136000,130,1,50
"20","RL",75,10425,"Pave","No alley","Reg","Lvl","AllPub","Inside","Gtl","NAmes","Norm","Norm","1Fam","1Story",5,5,1956,1958,"Gable","CompShg","MetalSd","MetalSd","None",0,"TA","TA","CBlock","TA","TA","No","Rec",774,"Unf",0,330,1104,"GasA","Other","Y","SBrkr",1104,0,0,1104,1,0,1,0,3,1,"TA",5,"Typ",0,"No fireplace","Attchd","RFn","Other","TA","TA","Y",0,0,0,0,0,0,"No","No fence","None",0,4,2008,133000,0,2,50
"20","RL",60,11556,"Pave","No alley","Reg","Lvl","AllPub","Inside","Gtl","NAmes","Norm","Norm","1Fam","1Story",5,6,1952,1952,"Gable","CompShg","MetalSd","MetalSd","Other",52,"TA","TA","CBlock","TA","TA","No","Rec",148,"Unf",0,572,720,"GasA","Ex","Y","Other",882,0,0,882,1,0,1,0,2,1,"Other",4,"Typ",0,"No fireplace","Attchd","Unf","Other","TA","TA","Y",0,0,0,0,0,0,"No","Other","None",0,5,2008,116000,0,2,56
"20","RL",102,9373,"Pave","No alley","Other","Lvl","AllPub","Other","Gtl","NAmes","Norm","Norm","1Fam","1Story",5,6,1953,1953,"Gable","CompShg","MetalSd","MetalSd","Other",84,"TA","TA","CBlock","TA","TA","No","Rec",500,"Other",196,456,1152,"GasA","TA","Y","SBrkr",1152,0,0,1152,0,0,1,1,3,1,"TA",6,"Typ",0,"No fireplace","Other","Unf","2","TA","TA","Y",0,0,0,0,0,0,"No","No fence","None",0,5,2008,137500,0,1.5,55
"20","RL",0,12774,"Pave","No alley","Reg","Lvl","AllPub","Inside","Other","NAmes","Norm","Norm","1Fam","1Story",5,5,1953,1953,"Other","CompShg","MetalSd","MetalSd","None",0,"TA","TA","PConc","TA","TA","No","BLQ",624,"Other",128,232,984,"Other","TA","Other","SBrkr",950,0,0,950,0,0,1,0,2,1,"TA",5,"Typ",0,"No fireplace","Other","Unf","2","TA","TA","Y",0,32,0,0,0,0,"No","Other","None",0,7,2008,130000,32,1,55
"20","RL",95,14250,"Pave","No alley","Reg","Lvl","AllPub","Inside","Gtl","NAmes","Norm","Norm","1Fam","1Story",6,5,1957,1957,"Gable","CompShg","Plywood","Plywood","Other",360,"TA","TA","CBlock","TA","TA","No","Unf",0,"Unf",0,998,998,"GasA","TA","Y","SBrkr",1790,0,0,1790,0,0,2,0,3,1,"TA",6,"Typ",2,"Gd","Attchd","Fin","2","TA","TA","Y",0,40,0,0,0,0,"No","No fence","Other",1500,9,2008,180000,40,2,51
"20","RL",71,8838,"Pave","No alley","Reg","Lvl","AllPub","Inside","Gtl","NAmes","Norm","Norm","1Fam","1Story",5,3,1957,1982,"Gable","CompShg","MetalSd","MetalSd","None",0,"TA","TA","Other","Other","Other","Other","Other",0,"Other",0,0,0,"GasA","Other","Y","SBrkr",1764,0,0,1764,0,0,2,1,4,1,"TA",7,"Other",1,"TA","Attchd","Fin","Other","TA","TA","Y",0,72,0,0,0,0,"No","No fence","None",0,10,2008,100000,72,2.5,26
"90","RL",76,12436,"Pave","No alley","Reg","Lvl","AllPub","Inside","Gtl","NAmes","Norm","Norm","Other","1Story",5,5,1957,1957,"Gable","CompShg","Wd Sdng","Wd Sdng","None",0,"TA","TA","CBlock","TA","TA","No","Unf",0,"Unf",0,1824,1824,"GasA","Other","Y","Other",1824,0,0,1824,0,0,2,0,5,2,"TA",9,"Typ",0,"No fireplace","Other","Unf","2","TA","TA","Y",0,0,0,0,0,0,"No","No fence","None",0,1,2008,146000,0,2,51
"20","RL",60,10122,"Pave","No alley","Reg","Lvl","AllPub","Inside","Gtl","OldTown","Norm","Norm","1Fam","1Story",4,6,1948,1950,"Gable","CompShg","MetalSd","MetalSd","None",0,"TA","TA","Other","Other","Other","Other","Other",0,"Other",0,0,0,"GasA","TA","Other","SBrkr",869,0,0,869,0,0,1,0,1,1,"TA",3,"Typ",0,"No fireplace","Other","Unf","Other","Other","TA","Other",0,0,66,0,0,0,"No","Other","None",0,8,2008,89900,66,1,58
"50","RL",45,7506,"Pave","No alley","Reg","Lvl","AllPub","Other","Gtl","OldTown","Norm","Norm","1Fam","Other",5,8,1925,1950,"Gable","CompShg","VinylSd","VinylSd","None",0,"TA","Other","PConc","TA","TA","No","Unf",0,"Unf",0,747,747,"GasA","TA","Y","SBrkr",747,412,0,1159,0,0,1,0,3,1,"TA",5,"Typ",0,"No fireplace","Other","Unf","Other","Other","TA","Other",84,0,96,0,0,0,"No","No fence","None",0,5,2008,114000,96,1,58
"50","RL",60,10930,"Pave","Other","Reg","Other","AllPub","Inside","Gtl","NAmes","Other","Norm","1Fam","Other",5,6,1945,1950,"Gable","CompShg","MetalSd","MetalSd","None",0,"TA","TA","CBlock","TA","TA","No","BLQ",580,"Unf",0,333,913,"GasA","TA","Y","Other",1048,510,0,1558,1,0,1,1,3,1,"TA",6,"Typ",1,"TA","Attchd","Unf","Other","TA","TA","Y",0,0,0,0,0,0,"No","No fence","None",0,4,2008,140000,0,2.5,58
"30","RL",60,5400,"Pave","No alley","Reg","Lvl","AllPub","Other","Gtl","OldTown","Norm","Norm","1Fam","1Story",4,7,1940,2005,"Other","CompShg","VinylSd","VinylSd","None",0,"Other","TA","PConc","TA","TA","No","Unf",0,"Unf",0,672,672,"GasA","Other","Y","SBrkr",672,0,0,672,0,0,1,0,2,1,"TA",4,"Typ",0,"No fireplace","Other","Unf","Other","TA","TA","Other",88,108,0,0,0,0,"No","No fence","None",0,7,2008,86900,108,1,3
"50","RL",60,10836,"Pave","Other","Reg","Lvl","AllPub","Inside","Gtl","OldTown","Norm","Norm","1Fam","Other",5,5,1922,1950,"Gable","CompShg","Wd Sdng","Wd Sdng","None",0,"TA","TA","Other","TA","TA","No","Unf",0,"Unf",0,892,892,"GasA","Ex","Y","SBrkr",1254,182,0,1436,0,1,1,0,3,1,"TA",7,"Typ",1,"Gd","Other","Unf","Other","Other","TA","Other",0,0,100,0,0,0,"No","Other","None",0,6,2008,139000,100,1.5,58
"190","RL",60,10800,"Pave","Other","Reg","Lvl","AllPub","Inside","Gtl","OldTown","Norm","Norm","Other","Other",4,7,1900,2000,"Gable","CompShg","MetalSd","MetalSd","None",0,"TA","TA","Other","Other","Other","Other","Other",0,"Other",0,0,0,"GasA","TA","Other","Other",694,600,0,1294,0,0,2,0,3,2,"TA",7,"Typ",0,"No fireplace","Other","Other","Other","Other","Other","Other",220,114,210,0,0,0,"No","No fence","None",0,8,2008,106250,324,2,8
"60","RL",70,9247,"Pave","No alley","Other","Lvl","AllPub","Inside","Gtl","NAmes","Norm","Norm","1Fam","Other",6,6,1962,1962,"Gable","CompShg","HdBoard","HdBoard","Other",318,"TA","TA","CBlock","TA","TA","No","Rec",319,"Unf",0,539,858,"GasA","Ex","Y","SBrkr",858,858,0,1716,0,0,1,1,4,1,"TA",8,"Typ",1,"Gd","Attchd","Fin","2","TA","TA","Y",0,84,0,0,120,0,"No","No fence","None",0,3,2008,171000,204,1.5,46
"20","RL",78,10180,"Pave","No alley","Other","Lvl","AllPub","Other","Gtl","NAmes","Other","Norm","1Fam","1Story",5,6,1968,1968,"Gable","CompShg","HdBoard","Plywood","None",0,"TA","TA","CBlock","TA","TA","No","Rec",744,"Unf",0,168,912,"GasA","TA","Y","SBrkr",1044,0,0,1044,0,1,1,1,3,1,"TA",5,"Typ",1,"Other","Attchd","Fin","2","TA","TA","Y",200,48,0,0,0,0,"No","Other","Other",450,6,2008,139000,48,2,40
"20","RL",76,11355,"Pave","No alley","Other","Lvl","AllPub","Other","Gtl","NAmes","Norm","Norm","1Fam","1Story",7,7,1958,2001,"Gable","Other","HdBoard","HdBoard","Other",125,"TA","TA","CBlock","TA","TA","No","BLQ",637,"Unf",0,675,1312,"GasA","Ex","Y","SBrkr",1312,0,0,1312,0,0,1,1,3,1,"TA",6,"Typ",1,"Gd","Attchd","RFn","2","TA","TA","Y",0,304,144,0,0,0,"No","Other","Other",6500,4,2008,186000,448,1.5,7
"20","RL",0,10920,"Pave","No alley","Other","Lvl","AllPub","Other","Gtl","NAmes","Norm","Norm","1Fam","1Story",6,5,1960,1960,"Other","CompShg","MetalSd","MetalSd","Other",212,"TA","TA","CBlock","TA","TA","No","BLQ",733,"Unf",0,520,1253,"GasA","TA","Y","SBrkr",1253,0,0,1253,1,0,1,1,2,1,"TA",5,"Typ",1,"Other","Attchd","RFn","Other","TA","TA","Y",0,213,176,0,0,0,"No","Other","None",0,5,2008,157000,389,2.5,48
"20","RL",0,12929,"Pave","No alley","Other","Lvl","AllPub","Inside","Gtl","NAmes","Norm","Norm","1Fam","1Story",6,6,1960,1993,"Gable","CompShg","Wd Sdng","Wd Sdng","Other",276,"TA","TA","CBlock","TA","TA","Other","GLQ",697,"Unf",0,384,1081,"GasA","TA","Y","SBrkr",1081,0,0,1081,1,0,1,0,3,1,"TA",5,"Typ",0,"No fireplace","Other","Unf","Other","TA","TA","Y",36,82,0,0,0,0,"No","No fence","None",0,6,2008,148000,82,2,15
"20","RL",313,27650,"Pave","No alley","Other","Other","AllPub","Inside","Other","NAmes","Other","Norm","1Fam","1Story",7,7,1960,2007,"Other","Other","Wd Sdng","Wd Sdng","None",0,"TA","TA","CBlock","Gd","TA","Other","GLQ",425,"Unf",0,160,585,"GasA","Ex","Y","SBrkr",2069,0,0,2069,1,0,2,0,4,1,"Other",9,"Typ",1,"Gd","Attchd","RFn","2","TA","TA","Y",0,0,0,0,0,0,"No","No fence","None",0,11,2008,242000,0,3,1
"20","RL",74,8892,"Pave","No alley","Reg","Lvl","AllPub","Other","Gtl","NAmes","Norm","Norm","1Fam","1Story",5,7,1953,1996,"Gable","CompShg","WdShing","Wd Shng","None",0,"Other","TA","Other","TA","TA","Other","Unf",0,"Unf",0,105,105,"GasA","Other","Y","SBrkr",910,0,0,910,0,0,1,0,3,1,"Other",5,"Typ",0,"No fireplace","Attchd","Unf","2","TA","TA","Y",196,0,150,0,0,0,"No","Other","None",0,10,2008,116000,150,1,12
"20","RL",60,7200,"Pave","No alley","Reg","Lvl","AllPub","Inside","Gtl","NAmes","Norm","Norm","1Fam","1Story",5,5,1950,1950,"Other","CompShg","MetalSd","MetalSd","None",0,"TA","TA","CBlock","Other","Other","Other","Other",0,"Other",0,0,0,"GasA","Other","Y","SBrkr",1048,0,0,1048,0,0,1,0,3,1,"TA",7,"Other",0,"No fireplace","Other","Unf","2","TA","TA","Y",0,27,0,0,0,0,"No","No fence","None",0,7,2008,98300,27,1,58
"80","RL",70,7910,"Pave","No alley","Reg","Lvl","AllPub","Inside","Gtl","NAmes","Norm","Norm","1Fam","Other",5,5,1960,1960,"Other","CompShg","BrkFace","HdBoard","None",0,"TA","TA","CBlock","TA","TA","No","ALQ",666,"Unf",0,409,1075,"GasA","Other","Y","SBrkr",1507,0,0,1507,0,0,2,0,4,1,"TA",7,"Other",0,"No fireplace","Other","Unf","Other","TA","TA","Y",0,0,0,0,0,0,"No","Other","None",0,8,2008,127000,0,2,48
"20","RL",80,8000,"Pave","No alley","Reg","Lvl","AllPub","Inside","Gtl","NAmes","Norm","Norm","1Fam","1Story",5,6,1959,1959,"Gable","CompShg","BrkFace","Wd Sdng","None",0,"TA","TA","PConc","TA","TA","No","BLQ",476,"Other",488,292,1256,"GasA","Other","Y","Other",1256,0,0,1256,1,0,1,1,3,1,"Other",6,"Typ",0,"No fireplace","Attchd","RFn","Other","TA","TA","Y",0,240,0,0,0,0,"No","No fence","None",0,5,2008,159000,240,2.5,49
"20","RL",80,8000,"Pave","No alley","Reg","Lvl","AllPub","Inside","Gtl","NAmes","Norm","Norm","1Fam","1Story",5,5,1962,1962,"Gable","CompShg","BrkFace","MetalSd","None",0,"TA","TA","CBlock","TA","TA","No","BLQ",520,"Other",319,188,1027,"GasA","TA","Y","SBrkr",1027,0,0,1027,0,1,1,0,3,1,"TA",6,"Typ",0,"No fireplace","Attchd","Unf","Other","TA","TA","Y",0,0,0,0,0,0,"No","No fence","None",0,11,2008,125900,0,1.5,46
"20","RL",70,7931,"Pave","No alley","Reg","Lvl","AllPub","Inside","Gtl","NAmes","Norm","Norm","1Fam","1Story",5,6,1960,1960,"Gable","CompShg","BrkFace","Wd Sdng","None",0,"TA","TA","CBlock","TA","TA","No","BLQ",374,"Other",532,363,1269,"GasA","TA","Y","Other",1269,0,0,1269,0,0,1,1,3,1,"TA",6,"Typ",1,"Other","Other","Unf","Other","TA","TA","Y",0,0,0,0,0,0,"No","No fence","None",0,6,2008,155000,0,1.5,48
"50","RL",60,8064,"Pave","No alley","Reg","Lvl","AllPub","Inside","Gtl","NAmes","Other","Norm","1Fam","Other",6,6,1948,1950,"Gable","CompShg","Wd Sdng","Wd Sdng","None",0,"TA","TA","CBlock","TA","TA","No","ALQ",315,"Unf",0,453,768,"GasA","Ex","Y","SBrkr",819,501,0,1320,0,0,2,0,3,1,"TA",5,"Typ",0,"No fireplace","Other","Unf","2","TA","TA","Y",108,0,0,0,0,0,"No","Other","None",0,9,2008,138000,0,2,58
"45","RL",64,6390,"Pave","No alley","Reg","Lvl","AllPub","Other","Gtl","NAmes","Other","Norm","1Fam","Other",6,7,1954,1954,"Gable","CompShg","MetalSd","MetalSd","None",0,"TA","TA","CBlock","TA","TA","No","Unf",0,"Unf",0,936,936,"GasA","TA","Y","Other",984,0,0,984,1,0,1,0,2,1,"TA",4,"Typ",0,"No fireplace","Other","Unf","Other","TA","TA","Y",0,0,0,0,0,0,"No","Other","None",0,6,2008,112500,0,2,54
"45","RL",59,7227,"Pave","No alley","Reg","Other","AllPub","Other","Other","NAmes","Other","Norm","1Fam","Other",6,6,1954,1954,"Gable","CompShg","MetalSd","MetalSd","None",0,"TA","TA","CBlock","TA","TA","No","Unf",0,"Unf",0,832,832,"GasA","Other","Y","SBrkr",832,0,0,832,0,0,1,0,2,1,"Other",4,"Typ",0,"No fireplace","Other","Unf","2","TA","TA","Y",0,0,0,0,0,0,"No","No fence","None",0,6,2008,105500,0,1,54
"50","RL",60,7200,"Pave","No alley","Reg","Lvl","AllPub","Inside","Gtl","NAmes","Norm","Norm","1Fam","Other",6,5,1954,1954,"Gable","CompShg","MetalSd","MetalSd","None",0,"TA","TA","CBlock","TA","TA","No","Rec",673,"Unf",0,181,854,"GasA","Other","Y","Other",854,424,0,1278,0,0,1,0,4,1,"TA",6,"Typ",0,"No fireplace","Attchd","Unf","Other","TA","TA","Y",0,0,0,0,0,0,"No","Other","None",0,4,2008,127500,0,1,54
"50","RL",60,7200,"Pave","No alley","Reg","Lvl","AllPub","Inside","Gtl","NAmes","Norm","Norm","1Fam","Other",5,6,1955,1967,"Gable","CompShg","MetalSd","MetalSd","None",0,"TA","Other","CBlock","TA","TA","Other","GLQ",370,"Unf",0,398,768,"GasA","Other","Y","SBrkr",1024,564,0,1588,0,0,1,1,3,1,"TA",6,"Typ",0,"No fireplace","Other","Unf","2","TA","TA","Y",0,0,0,0,0,0,"No","No fence","None",0,3,2008,150000,0,1.5,41
"20","RL",60,7200,"Pave","No alley","Reg","Lvl","AllPub","Inside","Gtl","NAmes","Norm","Norm","1Fam","1Story",5,7,1954,1954,"Gable","CompShg","MetalSd","MetalSd","None",0,"TA","TA","CBlock","TA","TA","No","Unf",0,"Unf",0,825,825,"GasA","TA","Y","Other",825,0,0,825,0,1,1,0,2,1,"TA",4,"Typ",0,"No fireplace","Attchd","Unf","Other","TA","TA","Y",0,0,0,0,0,0,"No","No fence","None",0,7,2008,109500,0,1.5,54
"60","RL",71,7056,"Pave","No alley","Reg","Lvl","AllPub","Inside","Gtl","NAmes","Norm","Norm","1Fam","Other",6,5,1963,1963,"Other","CompShg","HdBoard","HdBoard","Other",415,"TA","TA","CBlock","TA","TA","No","BLQ",400,"Unf",0,380,780,"GasA","TA","Y","SBrkr",983,813,0,1796,1,0,1,1,4,1,"TA",8,"Typ",1,"TA","Attchd","RFn","2","TA","TA","Y",0,50,0,0,0,0,"No","No fence","None",0,10,2008,140000,50,2.5,45
"60","RL",80,9760,"Pave","No alley","Reg","Lvl","AllPub","Inside","Other","NAmes","Norm","Norm","1Fam","Other",6,6,1964,1964,"Gable","CompShg","HdBoard","HdBoard","Other",360,"TA","TA","CBlock","TA","TA","Other","GLQ",674,"Other",106,0,780,"GasA","TA","Y","SBrkr",798,813,0,1611,1,0,1,1,4,1,"TA",7,"Typ",0,"No fireplace","Attchd","RFn","2","TA","TA","Y",328,128,0,0,189,0,"No","No fence","None",0,6,2008,167900,317,2.5,44
"20","RL",69,7590,"Pave","No alley","Reg","Lvl","AllPub","Inside","Gtl","NAmes","Other","Norm","1Fam","1Story",5,5,1963,1963,"Gable","CompShg","Wd Sdng","Wd Sdng","None",0,"TA","TA","CBlock","TA","TA","No","Unf",0,"Unf",0,1117,1117,"GasA","Ex","Y","SBrkr",1117,0,0,1117,0,0,1,0,3,1,"TA",6,"Typ",0,"No fireplace","Attchd","Unf","Other","TA","TA","Y",0,0,0,0,0,0,"No","No fence","None",0,5,2008,136870,0,1,45
"30","Other",30,5232,"Pave","Other","Other","Other","AllPub","Inside","Gtl","OldTown","Other","Norm","1Fam","1Story",5,5,1925,2004,"Gable","CompShg","Wd Sdng","Wd Sdng","None",0,"TA","TA","Other","Other","TA","No","Unf",0,"Unf",0,680,680,"GasA","Other","Other","Other",764,0,0,764,0,0,1,0,2,1,"TA",4,"Typ",0,"No fireplace","Other","Unf","2","TA","TA","Other",0,0,0,0,0,0,"No","No fence","None",0,6,2008,73000,0,1,4
"70","Other",60,10440,"Pave","Other","Reg","Lvl","AllPub","Inside","Gtl","OldTown","Norm","Norm","1Fam","Other",5,8,1904,2002,"Gable","CompShg","MetalSd","MetalSd","None",0,"TA","TA","PConc","TA","TA","No","Unf",0,"Unf",0,650,650,"GasA","Other","Y","SBrkr",958,581,0,1539,0,0,2,0,3,1,"Other",8,"Typ",1,"Other","Other","Unf","2","Other","TA","Other",70,78,68,0,0,0,"No","No fence","None",0,6,2008,157500,146,2,6
"50","Other",57,9184,"Pave","Other","Reg","Lvl","AllPub","Inside","Gtl","OldTown","Other","Norm","1Fam","Other",5,7,1948,2005,"Gable","CompShg","WdShing","Wd Shng","None",0,"TA","TA","Other","TA","TA","No","Unf",0,"Unf",0,780,780,"GasA","Ex","Y","SBrkr",948,375,0,1323,0,0,1,0,3,1,"TA",6,"Typ",0,"No fireplace","Other","Unf","2","TA","TA","Y",0,0,0,0,0,0,"No","No fence","None",0,7,2008,122600,0,1,3
"70","Other",80,4800,"Pave","Other","Reg","Lvl","AllPub","Inside","Gtl","OldTown","Norm","Norm","1Fam","Other",5,5,1910,2003,"Gable","CompShg","AsbShng","AsbShng","None",0,"TA","TA","Other","TA","Other","No","Unf",0,"Unf",0,680,680,"GasA","Other","Other","SBrkr",680,680,0,1360,0,0,1,0,2,1,"TA",6,"Typ",0,"No fireplace","Attchd","Unf","Other","Other","TA","Y",192,50,0,0,0,0,"No","No fence","None",0,1,2008,111000,50,1,5
"50","Other",60,10440,"Pave","Other","Reg","Lvl","AllPub","Other","Gtl","OldTown","Norm","Norm","1Fam","Other",6,7,1920,1950,"Gable","CompShg","BrkFace","Wd Sdng","None",0,"Other","Other","Other","Gd","TA","No","Other",493,"Unf",0,1017,1510,"Other","Ex","Y","SBrkr",1584,1208,0,2792,0,0,2,0,5,1,"TA",8,"Other",2,"TA","Other","Unf","2","Other","TA","Y",0,547,0,0,480,0,"No","Other","Other",1150,6,2008,256000,1027,2,58
"30","Other",60,4800,"Pave","No alley","Reg","Lvl","AllPub","Other","Gtl","OldTown","Norm","Norm","1Fam","1Story",5,4,1940,1950,"Gable","CompShg","MetalSd","MetalSd","None",0,"TA","TA","CBlock","Other","TA","No","Unf",0,"Unf",0,672,672,"GasA","TA","Y","SBrkr",672,0,0,672,0,0,1,0,2,1,"TA",4,"Typ",0,"No fireplace","Other","Unf","Other","TA","TA","Y",0,0,0,0,0,0,"No","Other","None",0,8,2008,64000,0,1,58
"75","Other",60,6000,"Pave","No alley","Reg","Lvl","AllPub","Inside","Gtl","OldTown","Norm","Norm","1Fam","Other",6,7,1915,2005,"Gable","CompShg","Wd Sdng","Wd Sdng","None",0,"Other","TA","Other","TA","TA","No","Unf",0,"Unf",0,728,728,"GasA","Other","Y","SBrkr",728,728,0,1456,0,0,1,1,4,1,"Other",7,"Typ",0,"No fireplace","Other","Unf","Other","Other","Other","Other",0,0,248,0,0,0,"No","No fence","None",0,6,2008,139500,248,1.5,3
"190","Other",63,11426,"Pave","Other","Reg","Lvl","AllPub","Inside","Gtl","OldTown","Norm","Norm","Other","Other",4,6,1910,1996,"Gable","CompShg","Wd Sdng","Wd Sdng","None",0,"TA","TA","Other","TA","TA","No","Unf",0,"Unf",0,828,828,"GasA","Other","Y","Other",828,658,108,1594,0,0,2,0,3,2,"TA",9,"Typ",0,"No fireplace","Other","Other","Other","Other","Other","Other",0,172,109,0,0,0,"No","No fence","None",0,6,2008,118000,281,2,12
"50","Other",63,11426,"Pave","No alley","Reg","Lvl","AllPub","Inside","Gtl","OldTown","Norm","Norm","1Fam","Other",7,5,2003,2003,"Gable","CompShg","VinylSd","VinylSd","None",0,"TA","TA","PConc","Gd","TA","No","Unf",0,"Unf",0,1362,1362,"GasA","Ex","Y","SBrkr",1362,720,0,2082,0,0,2,1,3,1,"Other",6,"Other",0,"No fireplace","Other","Unf","2","TA","TA","Other",280,238,0,0,0,0,"No","No fence","None",0,6,2008,200000,238,2.5,5
"50","Other",63,7628,"Pave","No alley","Reg","Lvl","AllPub","Inside","Gtl","OldTown","Norm","Norm","1Fam","Other",4,6,1940,1985,"Gable","CompShg","MetalSd","MetalSd","None",0,"TA","Other","Other","TA","TA","No","Unf",0,"Unf",0,801,801,"GasA","Other","Y","Other",1095,561,0,1656,0,0,2,0,2,1,"TA",8,"Other",0,"No fireplace","Other","Unf","2","TA","TA","Y",187,0,0,0,0,0,"No","No fence","None",0,5,2008,119164,0,2,23
"50","Other",81,7308,"Pave","No alley","Reg","Lvl","AllPub","Other","Gtl","OldTown","Other","Norm","1Fam","Other",5,5,1920,1950,"Gable","CompShg","WdShing","Wd Shng","None",0,"Other","Other","Other","TA","TA","No","Rec",360,"Unf",0,576,936,"GasA","Other","Other","Other",960,780,0,1740,0,0,1,0,2,1,"Other",6,"Typ",1,"Gd","Other","Unf","Other","Other","Other","Other",0,0,236,0,0,0,"No","No fence","None",0,6,2008,122250,236,1,58
"30","Other",60,5400,"Pave","No alley","Reg","Lvl","AllPub","Inside","Gtl","OldTown","Norm","Norm","1Fam","1Story",7,6,1920,2006,"Gable","CompShg","Stucco","Stucco","None",0,"Other","TA","CBlock","TA","TA","No","Unf",0,"Unf",0,931,931,"GasA","TA","Y","SBrkr",1027,0,0,1027,0,1,1,0,2,1,"Other",5,"Typ",1,"TA","Other","Other","Other","Other","Other","Other",0,28,0,0,0,0,"No","No fence","None",0,2,2008,120000,28,1.5,2
"190","Other",60,10800,"Pave","Other","Reg","Lvl","AllPub","Inside","Gtl","OldTown","Norm","Norm","Other","Other",6,6,1940,1950,"Gable","CompShg","Wd Sdng","Wd Sdng","None",0,"TA","TA","CBlock","TA","TA","No","BLQ",590,"Unf",0,294,884,"GasA","TA","Y","SBrkr",884,552,0,1436,0,0,2,0,3,2,"TA",8,"Typ",2,"Gd","Other","Unf","2","TA","TA","Y",0,0,126,0,0,0,"No","No fence","None",0,5,2008,155000,126,2,58
"30","Other",60,6756,"Pave","No alley","Reg","Lvl","AllPub","Inside","Gtl","OldTown","Norm","Norm","1Fam","1Story",5,6,1910,1950,"Other","CompShg","MetalSd","MetalSd","None",0,"TA","TA","Other","TA","Other","No","Unf",0,"Unf",0,481,481,"GasA","TA","Other","Other",899,0,0,899,0,0,1,0,2,1,"TA",5,"Typ",0,"No fireplace","Other","Unf","Other","Other","TA","Other",0,0,96,0,0,0,"No","No fence","None",0,9,2008,78000,96,1,58
"50","Other",44,5914,"Pave","Other","Reg","Lvl","AllPub","Inside","Gtl","OldTown","Norm","Norm","1Fam","Other",5,9,1890,1996,"Gable","CompShg","Wd Sdng","HdBoard","None",0,"TA","TA","Other","Other","TA","No","Unf",0,"Unf",0,684,684,"GasA","Other","Y","SBrkr",684,396,0,1080,0,0,1,0,3,1,"Other",5,"Typ",0,"No fireplace","Other","Other","Other","Other","Other","Other",0,165,30,0,0,0,"No","No fence","None",0,9,2008,95000,195,1,12
"20","Other",100,12000,"Pave","No alley","Reg","Lvl","AllPub","Inside","Gtl","OldTown","Norm","Norm","1Fam","1Story",5,7,1948,2005,"Gable","CompShg","MetalSd","MetalSd","None",0,"TA","TA","CBlock","TA","TA","No","GLQ",144,"Other",608,172,924,"GasA","Ex","Y","SBrkr",1122,0,0,1122,1,0,1,0,2,1,"Other",6,"Typ",0,"No fireplace","Attchd","Unf","2","TA","TA","Y",0,36,0,0,0,0,"No","Other","None",0,5,2008,147000,36,2,3
"50","Other",75,9000,"Pave","No alley","Reg","Lvl","AllPub","Other","Gtl","OldTown","Norm","Norm","1Fam","Other",5,6,1946,1950,"Gable","CompShg","MetalSd","MetalSd","None",0,"TA","TA","CBlock","TA","TA","No","Rec",445,"Unf",0,459,904,"GasA","Ex","Y","Other",904,595,0,1499,0,0,1,0,3,1,"TA",5,"Typ",1,"Other","Other","Unf","Other","TA","Other","Y",0,20,0,0,0,0,"No","No fence","None",0,6,2008,140000,20,1,58
"20","Other",50,6000,"Pave","No alley","Reg","Lvl","AllPub","Inside","Gtl","OldTown","Norm","Norm","1Fam","1Story",5,6,1957,1957,"Other","CompShg","BrkFace","BrkFace","None",0,"TA","TA","CBlock","TA","TA","No","Rec",308,"Unf",0,620,928,"GasA","Other","Y","Other",928,0,0,928,0,0,1,0,3,1,"TA",5,"Typ",0,"No fireplace","Attchd","Fin","Other","TA","TA","Y",0,0,0,0,0,0,"No","No fence","None",0,6,2008,112500,0,1,51
"20","Other",50,6000,"Pave","No alley","Reg","Lvl","AllPub","Other","Gtl","OldTown","Norm","Norm","1Fam","1Story",4,7,1954,2000,"Gable","CompShg","MetalSd","MetalSd","None",0,"TA","TA","CBlock","TA","TA","No","Unf",0,"Unf",0,901,901,"GasA","Ex","Y","SBrkr",901,0,0,901,0,0,1,0,2,1,"TA",4,"Typ",0,"No fireplace","Other","Unf","Other","Other","TA","Y",0,0,0,0,0,0,"No","No fence","None",0,8,2008,107900,0,1,8
"75","Other",87,18386,"Pave","No alley","Reg","Lvl","AllPub","Inside","Gtl","OldTown","Norm","Norm","1Fam","Other",7,9,1880,2002,"Gable","CompShg","CemntBd","CmentBd","None",0,"TA","TA","Other","TA","TA","No","Unf",0,"Unf",0,1470,1470,"GasA","Ex","Y","SBrkr",1675,1818,0,3493,0,0,3,0,3,1,"Other",10,"Typ",1,"Other","Attchd","Unf","Other","TA","TA","Y",302,0,0,0,0,0,"No","No fence","None",0,5,2008,295000,0,3,6
"190","Other",69,9142,"Pave","No alley","Reg","Lvl","AllPub","Inside","Gtl","OldTown","Norm","Norm","Other","Other",5,5,1900,2006,"Gable","CompShg","MetalSd","MetalSd","None",0,"TA","Other","Other","Other","TA","No","Unf",0,"Unf",0,797,797,"GasA","TA","Other","Other",830,797,0,1627,0,0,2,0,4,2,"TA",10,"Typ",0,"No fireplace","Other","Unf","2","Other","Other","Other",192,0,60,0,0,0,"No","No fence","None",0,2,2008,139500,60,2,2
"50","Other",100,12665,"Pave","Other","Other","Lvl","AllPub","Inside","Gtl","OldTown","Other","Norm","1Fam","Other",5,8,1915,1950,"Gable","CompShg","Wd Sdng","Wd Sdng","None",0,"TA","TA","Other","TA","TA","Other","Unf",0,"Unf",0,876,876,"GasA","Other","Y","SBrkr",876,540,0,1416,0,0,1,1,4,1,"TA",7,"Typ",1,"Gd","Other","Unf","Other","TA","TA","Y",418,0,194,0,0,0,"No","No fence","None",0,6,2008,153900,194,1.5,58
"75","Other",53,5350,"Pave","No alley","Reg","Lvl","AllPub","Other","Gtl","OldTown","Other","Norm","1Fam","Other",7,8,1920,1965,"Gable","CompShg","Wd Sdng","Wd Shng","None",0,"TA","TA","Other","TA","TA","No","BLQ",116,"Unf",0,508,624,"GasA","Ex","Y","SBrkr",730,720,0,1450,0,0,1,0,3,1,"TA",7,"Typ",0,"No fireplace","Other","Unf","Other","TA","TA","Y",0,192,0,0,0,0,"No","Other","None",0,3,2008,132000,192,1,43
"50","Other",69,9143,"Pave","Other","Reg","Lvl","AllPub","Other","Gtl","OldTown","Norm","Norm","1Fam","Other",5,7,1900,2003,"Gable","CompShg","VinylSd","VinylSd","None",0,"TA","TA","CBlock","TA","TA","No","Unf",0,"Unf",0,346,346,"GasA","Ex","Y","SBrkr",709,308,0,1017,0,0,1,0,2,1,"TA",5,"Typ",0,"No fireplace","Other","Unf","Other","TA","TA","Other",0,0,139,0,0,0,"No","No fence","None",0,5,2008,114000,139,1,5
"190","Other",60,9600,"Pave","Other","Reg","Lvl","AllPub","Inside","Gtl","OldTown","Norm","Norm","Other","Other",5,5,1920,1960,"Gable","CompShg","AsbShng","AsbShng","None",0,"TA","TA","Other","TA","TA","No","Rec",234,"Unf",0,739,973,"GasA","TA","Y","Other",1377,973,0,2350,0,0,2,0,4,2,"TA",10,"Typ",0,"No fireplace","Other","Unf","2","TA","TA","Y",0,0,219,0,0,0,"No","No fence","None",0,4,2008,130000,219,2,48
"75","Other",60,9600,"Pave","Other","Reg","Lvl","AllPub","Inside","Gtl","OldTown","Norm","Norm","1Fam","Other",6,5,1917,1950,"Gable","CompShg","AsbShng","AsbShng","None",0,"TA","TA","Other","Gd","TA","No","Rec",319,"Unf",0,416,735,"Other","Other","Other","SBrkr",1134,924,0,2058,0,0,1,1,3,1,"TA",8,"Typ",1,"Gd","Other","Unf","2","Other","Other","Other",0,0,259,0,0,0,"No","No fence","None",0,4,2008,129500,259,1.5,58
"70","Other",60,6000,"Pave","Other","Reg","Lvl","AllPub","Other","Gtl","OldTown","Norm","Norm","1Fam","Other",5,9,1905,2005,"Gable","CompShg","MetalSd","MetalSd","None",0,"Other","TA","Other","Other","TA","No","Unf",0,"Unf",0,572,572,"GasA","Ex","Y","SBrkr",884,656,0,1540,0,0,1,1,3,1,"Other",7,"Typ",0,"No fireplace","Other","Other","Other","Other","Other","Other",240,77,0,0,0,0,"No","No fence","None",0,2,2008,129400,77,1.5,3
"70","Other",60,9600,"Pave","No alley","Reg","Lvl","AllPub","Inside","Gtl","OldTown","Norm","Norm","1Fam","Other",7,9,1928,2005,"Other","CompShg","MetalSd","MetalSd","None",0,"TA","Other","Other","TA","TA","No","Rec",141,"Unf",0,548,689,"GasA","Ex","Y","SBrkr",689,689,0,1378,0,0,2,0,3,1,"Other",7,"Typ",1,"Gd","Other","Unf","2","TA","TA","Other",0,0,116,0,0,0,"No","No fence","None",0,10,2008,161000,116,2,3
"190","Other",60,10800,"Pave","Other","Reg","Lvl","AllPub","Inside","Gtl","OldTown","Norm","Norm","Other","Other",6,7,1905,2000,"Gable","CompShg","Wd Sdng","Wd Sdng","None",0,"TA","TA","Other","Other","TA","No","Unf",0,"Unf",0,482,482,"GasA","Ex","Other","SBrkr",1221,691,0,1912,0,0,2,0,3,2,"TA",7,"Typ",1,"TA","Other","Unf","2","Other","TA","Y",0,25,212,0,0,0,"No","No fence","None",0,4,2008,163000,237,2,8
"75","Other",35,6300,"Pave","Other","Reg","Lvl","AllPub","Inside","Gtl","OldTown","Norm","Norm","1Fam","Other",6,6,1914,2001,"Gable","CompShg","Wd Sdng","Wd Shng","None",0,"TA","TA","CBlock","TA","TA","No","Unf",0,"Unf",0,742,742,"GasA","Ex","Y","SBrkr",742,742,0,1484,0,0,2,0,3,1,"TA",9,"Typ",1,"Gd","Other","Other","Other","Other","Other","Y",0,291,134,0,0,0,"No","No fence","None",0,6,2008,128000,425,2,7
"70","Other",50,5250,"Pave","Other","Reg","Lvl","AllPub","Inside","Gtl","OldTown","Norm","Norm","1Fam","Other",8,5,1872,1987,"Gable","CompShg","MetalSd","MetalSd","None",0,"TA","Other","Other","TA","Other","No","Other",259,"Unf",0,425,684,"Other","Other","Other","SBrkr",938,1215,205,2358,0,0,2,0,4,1,"TA",8,"Typ",0,"No fireplace","Other","Other","Other","Other","Other","Y",0,54,20,0,0,0,"No","No fence","None",0,12,2008,122000,74,2,21
"50","Other",0,5700,"Pave","No alley","Reg","Lvl","AllPub","Inside","Gtl","OldTown","Norm","Norm","1Fam","Other",7,7,1926,1950,"Gable","CompShg","Wd Sdng","Wd Sdng","None",0,"TA","TA","PConc","TA","TA","No","Unf",0,"Unf",0,572,572,"GasA","TA","Y","SBrkr",572,539,0,1111,0,0,1,0,2,1,"TA",5,"Typ",1,"Gd","Other","Unf","Other","TA","TA","Y",0,0,176,0,0,0,"No","No fence","None",0,8,2008,116900,176,1,58
"75","Other",75,13500,"Pave","No alley","Reg","Lvl","AllPub","Inside","Gtl","OldTown","Other","Other","1Fam","Other",10,9,1893,2000,"Gable","CompShg","Wd Sdng","Wd Sdng","None",0,"Other","Other","Other","TA","TA","No","Unf",0,"Unf",0,1237,1237,"GasA","Other","Y","SBrkr",1521,1254,0,2775,0,0,3,1,3,1,"Other",9,"Typ",1,"Gd","Other","Unf","2","Other","TA","Y",105,502,0,0,0,0,"No","No fence","None",0,7,2008,325000,502,3.5,8
"70","Other",60,11340,"Pave","No alley","Reg","Lvl","AllPub","Inside","Gtl","OldTown","Norm","Norm","1Fam","Other",2,1,1920,1950,"Gable","CompShg","AsbShng","AsbShng","None",0,"Other","Other","Other","Other","Other","No","Unf",0,"Unf",0,723,723,"GasA","TA","Other","SBrkr",723,363,0,1086,0,0,1,0,2,1,"TA",5,"Other",0,"No fireplace","Other","Unf","2","Other","Other","Other",0,24,144,0,0,0,"No","No fence","None",0,11,2008,55000,168,1,58
"70","Other",60,10800,"Pave","No alley","Reg","Lvl","AllPub","Inside","Gtl","OldTown","Norm","Norm","1Fam","Other",7,7,1890,1999,"Gable","CompShg","Wd Sdng","Wd Shng","None",0,"TA","TA","Other","TA","TA","Other","Unf",0,"Unf",0,1313,1313,"Other","Other","Y","SBrkr",1313,1182,0,2495,0,0,2,0,5,1,"TA",10,"Typ",1,"Gd","Other","Unf","2","TA","Other","Y",0,299,0,0,0,0,"No","No fence","None",0,12,2008,184000,299,2,9
"20","Other",65,9750,"Pave","No alley","Reg","Lvl","AllPub","Inside","Gtl","OldTown","Norm","Norm","1Fam","1Story",5,6,1959,1959,"Gable","CompShg","MetalSd","MetalSd","Other",164,"TA","TA","CBlock","TA","TA","No","Rec",200,"Unf",0,784,984,"GasA","Other","Y","SBrkr",984,0,0,984,1,0,1,0,2,1,"Other",5,"Typ",0,"No fireplace","Other","Unf","Other","TA","TA","Other",0,0,0,0,0,0,"No","No fence","None",0,6,2008,110000,0,2,49
"50","Other",81,12150,"Pave","Other","Reg","Lvl","AllPub","Inside","Gtl","OldTown","Norm","Norm","1Fam","Other",5,5,1954,1954,"Gable","CompShg","MetalSd","MetalSd","Other",335,"TA","TA","Other","TA","TA","No","Unf",0,"Unf",0,1050,1050,"GasA","Ex","Other","Other",1050,745,0,1795,0,0,2,0,4,1,"TA",7,"Typ",0,"No fireplace","Attchd","Unf","Other","Other","TA","Y",0,0,0,0,0,0,"No","No fence","None",0,11,2008,131500,0,2,54
"20","Other",70,12702,"Pave","No alley","Reg","Lvl","AllPub","Inside","Gtl","OldTown","Norm","Norm","1Fam","1Story",5,5,1956,1956,"Gable","CompShg","BrkFace","BrkFace","None",0,"TA","TA","PConc","Other","Other","Other","Other",0,"Other",0,0,0,"GasA","Other","Y","Other",882,0,0,882,0,0,1,0,2,1,"TA",4,"Typ",0,"No fireplace","Other","Unf","Other","TA","TA","Y",0,45,0,0,0,0,"No","No fence","None",0,12,2008,97000,45,1,52
"20","Other",52,8516,"Pave","No alley","Reg","Lvl","AllPub","Inside","Gtl","OldTown","Norm","Norm","1Fam","1Story",4,6,1958,2006,"Gable","CompShg","MetalSd","MetalSd","None",0,"TA","TA","CBlock","TA","TA","No","Unf",0,"Unf",0,869,869,"GasA","TA","Y","SBrkr",1093,0,0,1093,0,0,1,0,2,1,"TA",5,"Typ",0,"No fireplace","Other","Unf","Other","TA","TA","Y",0,0,0,0,0,0,"No","No fence","None",0,5,2008,115500,0,1,2
"30","RL",55,7111,"Pave","No alley","Other","Other","AllPub","Inside","Gtl","BrkSide","Norm","Norm","1Fam","1Story",5,7,1928,1983,"Gable","CompShg","WdShing","Wd Shng","None",0,"Other","Other","Other","TA","TA","No","Other",406,"Other",273,329,1008,"GasA","TA","Y","SBrkr",1143,0,0,1143,0,0,1,0,2,1,"TA",5,"Typ",1,"Other","Other","Unf","Other","TA","TA","Y",265,0,0,0,0,0,"No","Other","None",0,7,2008,138000,0,1,25
"Other","Other",50,9100,"Pave","No alley","Reg","Lvl","AllPub","Inside","Gtl","BrkSide","Other","Other","1Fam","1Story",5,6,1930,1960,"Gable","CompShg","VinylSd","VinylSd","None",0,"TA","TA","Other","TA","TA","No","Unf",0,"Unf",0,742,742,"GasA","TA","Y","Other",779,0,156,935,0,0,1,0,2,1,"TA",4,"Typ",0,"No fireplace","Other","Unf","Other","TA","TA","Other",0,0,0,0,0,0,"No","No fence","Other",600,8,2008,79500,0,1,48
"50","RL",0,7010,"Pave","No alley","Reg","Lvl","AllPub","Inside","Gtl","BrkSide","Norm","Norm","1Fam","Other",5,5,1935,1950,"Gable","CompShg","Wd Sdng","Wd Sdng","None",0,"TA","TA","Other","TA","TA","No","Rec",175,"Unf",0,849,1024,"GasA","TA","Y","SBrkr",1144,594,0,1738,0,0,2,0,3,1,"TA",6,"Typ",1,"Gd","Other","Unf","Other","TA","TA","Other",0,30,0,0,0,0,"No","No fence","None",0,7,2008,153000,30,2,58
"45","Other",50,6130,"Pave","No alley","Reg","Lvl","AllPub","Inside","Gtl","BrkSide","Norm","Norm","1Fam","Other",5,6,1924,1950,"Gable","CompShg","MetalSd","MetalSd","None",0,"TA","TA","Other","TA","TA","No","ALQ",784,"Unf",0,0,784,"GasA","Other","Y","SBrkr",784,0,0,784,1,0,1,0,2,1,"Other",5,"Typ",0,"No fireplace","Other","Other","Other","Other","Other","Y",0,0,116,0,0,0,"No","No fence","None",0,5,2008,109500,116,2,58
"50","Other",50,5000,"Pave","No alley","Reg","Lvl","AllPub","Inside","Gtl","BrkSide","Other","Norm","1Fam","Other",5,7,1941,2006,"Gable","CompShg","Wd Sdng","Wd Sdng","None",0,"TA","Other","CBlock","TA","TA","No","ALQ",600,"Unf",0,72,672,"GasA","Ex","Y","SBrkr",832,378,0,1210,0,0,1,0,3,1,"Other",6,"Typ",0,"No fireplace","Other","Unf","Other","TA","TA","Other",0,0,0,0,0,0,"No","No fence","None",0,5,2008,124000,0,1,2
"70","Other",59,5870,"Pave","No alley","Reg","Lvl","AllPub","Other","Gtl","BrkSide","Other","Other","1Fam","Other",6,9,1900,2000,"Gable","CompShg","HdBoard","HdBoard","None",0,"TA","Other","Other","TA","TA","No","Unf",0,"Unf",0,554,554,"GasA","Ex","Y","SBrkr",736,554,0,1290,0,0,1,1,3,1,"TA",6,"Typ",0,"No fireplace","Other","Unf","Other","Other","TA","Y",38,112,0,0,0,0,"No","Other","Other",400,4,2008,106900,112,1.5,8
"50","Other",50,6000,"Pave","No alley","Reg","Lvl","AllPub","Inside","Gtl","BrkSide","Norm","Norm","1Fam","Other",6,7,1940,1989,"Gable","CompShg","Wd Sdng","Wd Sdng","None",0,"TA","TA","CBlock","TA","TA","No","ALQ",521,"Unf",0,460,981,"GasA","Ex","Y","SBrkr",1014,658,0,1672,0,0,1,1,3,1,"Other",6,"Typ",1,"Gd","Other","Unf","Other","TA","TA","Y",0,11,0,0,0,0,"No","Other","None",0,7,2008,164900,11,1.5,19
"30","Other",50,6000,"Pave","No alley","Reg","Other","AllPub","Inside","Gtl","BrkSide","Norm","Norm","1Fam","1Story",5,7,1924,2003,"Gable","CompShg","Wd Sdng","Wd Sdng","None",0,"TA","Other","Other","TA","Other","No","Unf",0,"Unf",0,949,949,"GasA","Ex","Y","SBrkr",949,0,0,949,0,0,1,0,2,1,"TA",5,"Typ",1,"Other","Other","Unf","2","TA","TA","Y",0,0,48,0,0,0,"No","No fence","None",0,7,2008,119000,48,1,5
"50","Other",50,6000,"Pave","No alley","Reg","Lvl","AllPub","Other","Gtl","BrkSide","Norm","Norm","1Fam","Other",6,7,1929,1950,"Gable","CompShg","WdShing","Wd Shng","None",0,"TA","TA","Other","TA","TA","No","Unf",0,"Unf",0,862,862,"GasA","TA","Y","SBrkr",950,208,0,1158,0,0,1,0,3,1,"TA",5,"Typ",1,"Gd","Other","RFn","Other","TA","TA","Y",0,0,112,0,0,0,"No","No fence","None",0,7,2008,120000,112,1,58
"50","Other",50,6000,"Pave","No alley","Reg","Lvl","AllPub","Inside","Gtl","BrkSide","Norm","Norm","1Fam","Other",6,7,1937,2000,"Gable","CompShg","Wd Sdng","Wd Sdng","None",0,"TA","Other","Other","TA","TA","No","Rec",201,"Other",162,462,825,"GasA","Ex","Y","SBrkr",825,672,0,1497,0,0,2,0,3,1,"TA",5,"Typ",0,"No fireplace","Other","Unf","Other","TA","TA","Y",272,0,0,0,0,0,"No","Other","None",0,5,2008,157000,0,2,8
"50","Other",50,6000,"Pave","No alley","Reg","Lvl","AllPub","Inside","Gtl","BrkSide","Norm","Norm","1Fam","Other",6,5,1939,1950,"Gable","CompShg","Wd Sdng","Wd Sdng","None",0,"TA","TA","CBlock","TA","TA","No","Other",264,"Unf",0,475,739,"GasA","Ex","Y","SBrkr",874,468,0,1342,0,0,2,0,2,2,"TA",7,"Typ",1,"Gd","Other","Unf","Other","TA","TA","Y",0,0,0,0,0,0,"No","No fence","None",0,4,2008,105000,0,2,58
"45","Other",50,5000,"Pave","No alley","Reg","Other","AllPub","Inside","Other","BrkSide","Norm","Norm","1Fam","Other",6,7,1926,1950,"Gable","CompShg","MetalSd","MetalSd","None",0,"TA","TA","Other","TA","TA","No","Unf",0,"Unf",0,992,992,"GasA","Ex","Y","SBrkr",1013,0,0,1013,0,0,1,0,3,1,"TA",6,"Typ",0,"No fireplace","Other","Unf","Other","Other","TA","Y",0,0,101,0,0,0,"No","No fence","None",0,4,2008,113000,101,1,58
"50","Other",60,5520,"Pave","No alley","Other","Lvl","AllPub","Other","Gtl","BrkSide","Other","Norm","1Fam","Other",5,7,1920,1997,"Gable","CompShg","AsbShng","AsbShng","None",0,"TA","Other","Other","TA","TA","No","ALQ",68,"Unf",0,497,565,"GasA","TA","Y","SBrkr",565,651,0,1216,1,0,1,0,3,1,"TA",6,"Typ",1,"Gd","Other","RFn","Other","Other","TA","Y",0,0,180,0,0,0,"No","Other","None",0,4,2008,115000,180,2,11
"50","Other",52,6240,"Pave","No alley","Reg","Lvl","AllPub","Inside","Gtl","BrkSide","Norm","Norm","1Fam","Other",4,7,1929,1950,"Gable","CompShg","MetalSd","MetalSd","None",0,"TA","TA","PConc","TA","TA","No","BLQ",80,"Unf",0,624,704,"GasA","Ex","Y","SBrkr",624,512,0,1136,0,1,1,0,2,1,"TA",6,"Typ",0,"No fireplace","Other","Unf","Other","TA","TA","Y",0,365,80,0,0,0,"No","No fence","None",0,8,2008,123000,445,1.5,58
"30","Other",0,6120,"Pave","No alley","Reg","Lvl","AllPub","Inside","Gtl","BrkSide","Norm","Norm","1Fam","1Story",5,6,1945,1995,"Gable","CompShg","Plywood","Plywood","None",0,"TA","Other","CBlock","Other","Other","Other","Other",0,"Other",0,0,0,"GasA","Other","Other","SBrkr",808,0,0,808,0,0,1,0,1,1,"TA",6,"Other",0,"No fireplace","Attchd","Unf","Other","TA","TA","Other",0,48,0,0,0,0,"No","No fence","None",0,6,2008,81300,48,1,13
"50","Other",52,6240,"Pave","No alley","Reg","Lvl","AllPub","Inside","Gtl","BrkSide","Norm","Norm","1Fam","Other",5,7,1930,1992,"Gable","CompShg","MetalSd","MetalSd","None",0,"TA","TA","PConc","TA","TA","No","Unf",0,"Unf",0,1078,1078,"GasA","TA","Y","SBrkr",1128,445,0,1573,0,0,2,0,3,1,"TA",8,"Typ",1,"Gd","Other","Unf","2","TA","TA","Other",0,0,0,0,0,0,"No","No fence","None",0,6,2008,162900,0,2,16
"50","Other",52,6240,"Pave","No alley","Reg","Lvl","AllPub","Inside","Gtl","BrkSide","Norm","Norm","1Fam","Other",7,5,1939,1950,"Gable","CompShg","Wd Sdng","Wd Sdng","None",0,"TA","TA","Other","TA","TA","Other","Rec",300,"Other",240,449,989,"GasA","TA","Y","SBrkr",1245,764,0,2009,0,0,2,0,4,1,"TA",7,"Other",1,"Gd","Other","Unf","2","TA","TA","Y",0,20,0,0,0,0,"No","Other","None",0,1,2008,150000,20,2,58
"70","Other",51,6120,"Pave","No alley","Reg","Lvl","AllPub","Inside","Gtl","OldTown","Other","Norm","1Fam","Other",5,5,1923,1950,"Other","CompShg","Wd Sdng","Wd Sdng","None",0,"TA","TA","Other","TA","TA","No","Other",203,"Unf",0,897,1100,"GasA","TA","Y","SBrkr",1226,676,0,1902,0,0,2,0,4,1,"TA",7,"Typ",0,"No fireplace","Other","Unf","2","TA","TA","Y",0,139,55,0,0,0,"No","No fence","None",0,10,2008,123500,194,2,58
"70","Other",60,6155,"Pave","No alley","Other","Lvl","AllPub","Other","Gtl","BrkSide","Other","Other","1Fam","Other",6,8,1920,1999,"Gable","CompShg","Wd Sdng","Wd Sdng","None",0,"TA","TA","Other","Other","Other","Other","Unf",0,"Unf",0,611,611,"GasA","Ex","Y","SBrkr",751,611,0,1362,0,0,2,0,3,1,"TA",6,"Typ",0,"No fireplace","Other","Fin","2","TA","Other","Y",0,0,84,0,0,0,"No","No fence","None",0,6,2008,128000,84,2,9
"30","Other",60,6324,"Pave","No alley","Other","Lvl","AllPub","Inside","Gtl","BrkSide","Other","Other","1Fam","1Story",4,6,1927,1950,"Gable","CompShg","MetalSd","MetalSd","None",0,"TA","TA","Other","TA","TA","No","Unf",0,"Unf",0,520,520,"GasA","Other","Other","SBrkr",520,0,0,520,0,0,1,0,1,1,"Other",4,"Typ",0,"No fireplace","Other","Unf","Other","Other","TA","Y",49,0,87,0,0,0,"No","No fence","None",0,5,2008,68500,87,1,58
"50","Other",50,8635,"Pave","No alley","Reg","Lvl","AllPub","Inside","Gtl","BrkSide","Norm","Norm","1Fam","Other",5,5,1948,2001,"Gable","CompShg","Wd Sdng","Wd Sdng","None",0,"TA","TA","CBlock","TA","TA","No","BLQ",336,"Other",41,295,672,"GasA","TA","Y","SBrkr",1072,213,0,1285,1,0,1,0,2,1,"TA",6,"Other",0,"No fireplace","Other","Unf","Other","TA","TA","Y",0,0,0,0,0,0,"No","Other","None",0,1,2008,127000,0,2,7
"50","RL",64,13053,"Pave","Other","Reg","Other","AllPub","Inside","Gtl","BrkSide","Norm","Norm","1Fam","Other",6,7,1923,2000,"Other","CompShg","Wd Sdng","Wd Sdng","None",0,"TA","TA","Other","TA","TA","No","Unf",0,"Unf",0,833,833,"GasA","Other","Y","SBrkr",1053,795,0,1848,0,0,1,1,4,1,"Other",8,"Typ",1,"Gd","Other","Unf","2","TA","TA","Other",0,0,0,0,220,0,"No","No fence","None",0,6,2008,207000,220,1.5,8
"50","RL",60,9120,"Pave","Other","Reg","Lvl","AllPub","Inside","Gtl","BrkSide","Norm","Norm","1Fam","Other",7,6,1925,1950,"Gable","CompShg","Wd Sdng","Wd Sdng","None",0,"TA","Other","PConc","TA","TA","No","Rec",329,"Unf",0,697,1026,"GasA","Ex","Y","SBrkr",1133,687,0,1820,1,0,2,0,4,1,"TA",8,"Typ",0,"No fireplace","Other","Unf","Other","TA","TA","Other",0,100,0,0,0,0,"No","Other","None",0,6,2008,184000,100,3,58
"50","RL",60,9144,"Pave","Other","Reg","Lvl","AllPub","Inside","Gtl","BrkSide","Norm","Norm","1Fam","Other",6,4,1915,2004,"Gable","CompShg","VinylSd","VinylSd","None",0,"TA","Other","Other","TA","TA","No","Unf",0,"Unf",0,810,810,"GasA","Ex","Y","SBrkr",1170,546,0,1716,0,0,2,0,4,1,"Other",8,"Typ",0,"No fireplace","Other","Unf","2","TA","TA","Y",0,195,0,0,0,0,"No","No fence","None",0,3,2008,162500,195,2,4
"50","RL",0,9144,"Pave","Other","Reg","Lvl","AllPub","Inside","Gtl","BrkSide","Norm","Norm","1Fam","Other",5,5,1940,1982,"Gable","CompShg","MetalSd","MetalSd","None",0,"TA","TA","CBlock","TA","TA","No","Rec",399,"Unf",0,484,883,"GasA","Other","Y","SBrkr",988,517,0,1505,1,0,1,0,3,1,"TA",8,"Typ",0,"No fireplace","Other","Unf","Other","TA","TA","Other",0,0,0,0,0,0,"No","No fence","None",0,7,2008,145000,0,2,26
"30","RL",55,10267,"Pave","No alley","Reg","Lvl","AllPub","Inside","Gtl","BrkSide","Other","Norm","1Fam","1Story",6,7,1918,2000,"Gable","CompShg","Stucco","Wd Shng","None",0,"TA","Other","Other","TA","Other","Other","Rec",210,"Other",606,0,816,"GasA","Ex","Y","SBrkr",838,0,0,838,1,0,1,0,2,1,"Other",5,"Typ",0,"No fireplace","Other","Fin","Other","TA","TA","Other",0,0,112,0,0,0,"No","Other","None",0,5,2008,130000,112,2,8
"60","Other",57,8094,"Pave","Other","Reg","Lvl","AllPub","Inside","Gtl","OldTown","Norm","Norm","Other","Other",6,8,1910,1983,"Gable","CompShg","Wd Sdng","Wd Sdng","None",0,"TA","TA","PConc","TA","TA","Other","Rec",196,"Unf",0,1046,1242,"GasA","Other","Y","SBrkr",1242,742,0,1984,0,0,2,0,5,1,"TA",8,"Typ",0,"No fireplace","Other","Other","Other","Other","Other","Y",64,0,180,0,0,0,"No","Other","Other",1000,9,2008,160000,180,2,25
"70","Other",0,5100,"Pave","Other","Reg","Lvl","AllPub","Inside","Gtl","OldTown","Norm","Norm","1Fam","Other",8,7,1925,1996,"Other","CompShg","Stucco","Wd Shng","None",0,"TA","Other","PConc","TA","TA","No","Unf",0,"Unf",0,588,588,"GasA","Other","Y","SBrkr",833,833,0,1666,0,0,1,0,3,1,"Other",7,"Typ",1,"Gd","Other","Unf","Other","TA","TA","Y",192,63,0,0,0,0,"No","Other","None",0,6,2008,161000,63,1,12
"50","Other",63,4347,"Pave","No alley","Reg","Lvl","AllPub","Inside","Gtl","OldTown","Norm","Norm","1Fam","Other",6,8,1910,1950,"Other","CompShg","MetalSd","MetalSd","None",0,"Other","TA","Other","Gd","Other","No","Unf",0,"Unf",0,796,796,"GasA","Ex","Y","SBrkr",825,784,0,1609,0,0,1,0,3,1,"TA",7,"Typ",0,"No fireplace","Other","Unf","Other","Other","Other","Other",0,182,0,0,0,0,"No","No fence","None",0,6,2008,127500,182,1,58
"30","Other",0,6291,"Other","No alley","Other","Lvl","AllPub","Inside","Gtl","IDOTRR","Other","Norm","1Fam","1Story",6,6,1930,1950,"Gable","CompShg","Stucco","Wd Shng","None",0,"Other","Other","Other","TA","TA","No","Unf",0,"Unf",0,768,768,"GasA","TA","Y","SBrkr",768,0,0,768,0,0,1,0,1,1,"TA",4,"Typ",0,"No fireplace","Other","Unf","2","TA","TA","Other",0,0,84,0,0,0,"No","No fence","None",0,7,2008,93850,84,1,58
"50","Other",60,6876,"Pave","No alley","Reg","Other","AllPub","Inside","Gtl","IDOTRR","Norm","Norm","1Fam","Other",6,6,1938,1958,"Gable","CompShg","Wd Sdng","Wd Sdng","None",0,"TA","TA","Other","TA","TA","No","Unf",0,"Unf",0,1272,1272,"GasA","TA","Y","SBrkr",1272,0,697,1969,0,0,2,0,4,1,"TA",9,"Other",1,"Gd","Other","Unf","2","TA","TA","Y",0,34,0,0,0,0,"No","No fence","None",0,11,2008,141000,34,2,50
"50","Other",0,10320,"Pave","Other","Reg","Lvl","AllPub","Inside","Gtl","IDOTRR","Norm","Norm","1Fam","Other",5,6,1915,1978,"Gable","CompShg","HdBoard","HdBoard","None",0,"TA","Other","Other","TA","Other","No","Unf",0,"Unf",0,880,880,"GasA","Other","Y","SBrkr",880,428,0,1308,0,0,2,0,2,1,"TA",6,"Typ",0,"No fireplace","Other","Unf","2","Other","Other","Y",0,0,117,0,0,0,"No","No fence","None",0,4,2008,120000,117,2,30
"30","Other",60,7200,"Pave","No alley","Reg","Lvl","AllPub","Other","Gtl","IDOTRR","Norm","Norm","1Fam","1Story",6,7,1925,1992,"Gable","CompShg","VinylSd","VinylSd","None",0,"TA","TA","CBlock","TA","TA","No","Unf",0,"Unf",0,1040,1040,"GasA","Other","Y","SBrkr",1040,0,0,1040,0,0,1,0,2,1,"TA",5,"Typ",0,"No fireplace","Other","Unf","2","TA","TA","Y",0,132,0,0,0,0,"No","No fence","None",0,7,2008,127500,132,1,16
"50","Other",0,7920,"Pave","Other","Other","Lvl","AllPub","Inside","Gtl","IDOTRR","Other","Norm","1Fam","Other",6,7,1920,1950,"Gable","CompShg","MetalSd","MetalSd","None",0,"TA","Other","CBlock","TA","TA","No","Unf",0,"Unf",0,319,319,"GasA","TA","Y","Other",1035,371,0,1406,0,0,1,0,3,1,"Other",6,"Typ",0,"No fireplace","Other","Other","Other","Other","Other","Other",0,144,0,0,0,0,"No","Other","None",0,3,2008,89500,144,1,58
"20","Other",49,8235,"Pave","No alley","Other","Other","AllPub","Inside","Gtl","OldTown","Other","Other","1Fam","1Story",5,7,1955,1995,"Gable","CompShg","MetalSd","MetalSd","None",0,"TA","Other","CBlock","TA","TA","No","Other",180,"Other",645,0,825,"GasA","TA","Y","SBrkr",825,0,0,825,1,0,1,0,2,1,"TA",4,"Typ",0,"No fireplace","Other","RFn","2","TA","TA","Y",140,50,0,0,0,0,"No","Other","None",0,6,2008,125000,50,2,13
"190","Other",60,10320,"Pave","Other","Reg","Lvl","AllPub","Inside","Gtl","IDOTRR","Norm","Norm","Other","Other",3,3,1915,1950,"Gable","CompShg","Other","Other","None",0,"Other","Other","PConc","TA","Other","No","Unf",0,"Unf",0,536,536,"GasA","Ex","Other","Other",808,536,0,1344,0,0,2,0,3,2,"TA",8,"Typ",0,"No fireplace","Other","Other","Other","Other","Other","Other",42,0,204,0,0,0,"No","No fence","None",0,5,2008,82375,204,2,58
"50","Other",60,10320,"Pave","Other","Reg","Lvl","AllPub","Inside","Gtl","IDOTRR","Norm","Norm","1Fam","Other",6,7,1906,1995,"Gable","CompShg","MetalSd","MetalSd","None",0,"TA","TA","CBlock","TA","TA","No","Unf",0,"Unf",0,756,756,"GasA","Ex","Y","SBrkr",756,713,0,1469,0,0,1,0,3,1,"TA",7,"Typ",0,"No fireplace","Other","Unf","Other","TA","TA","Y",57,0,239,0,0,0,"No","Other","None",0,6,2008,135000,239,1,13
"20","RL",55,8250,"Pave","No alley","Reg","Lvl","AllPub","Inside","Gtl","Sawyer","Other","Norm","1Fam","1Story",5,5,1968,1968,"Other","CompShg","HdBoard","HdBoard","None",0,"TA","TA","CBlock","TA","TA","No","BLQ",250,"Other",492,210,952,"GasA","Ex","Y","SBrkr",1211,0,0,1211,0,0,1,0,3,1,"TA",5,"Typ",1,"TA","Attchd","Unf","Other","TA","TA","Y",0,63,0,0,0,0,"No","No fence","None",0,8,2008,134000,63,1,40
"50","RL",115,21286,"Pave","No alley","Reg","Lvl","AllPub","Inside","Gtl","Sawyer","Norm","Norm","1Fam","Other",5,5,1948,1950,"Gable","CompShg","Wd Sdng","Wd Sdng","None",0,"TA","TA","CBlock","TA","TA","No","Unf",0,"Unf",0,720,720,"GasA","TA","Y","SBrkr",720,551,0,1271,0,0,2,0,4,1,"TA",7,"Typ",1,"Gd","Attchd","Unf","Other","TA","TA","Y",0,0,108,0,0,0,"No","No fence","None",0,8,2008,135000,108,2,58
"50","RL",80,17120,"Pave","No alley","Reg","Lvl","AllPub","Inside","Gtl","ClearCr","Other","Norm","1Fam","Other",4,4,1959,1959,"Gable","CompShg","WdShing","Plywood","None",0,"TA","TA","CBlock","Other","Other","Other","Other",0,"Other",0,0,0,"GasA","TA","Y","SBrkr",1120,468,0,1588,0,0,2,0,4,1,"TA",7,"Other",1,"Gd","Other","Fin","2","TA","TA","Other",0,59,0,0,0,0,"No","No fence","None",0,7,2008,134432,59,2,49
"190","RL",62,10106,"Pave","No alley","Reg","Lvl","AllPub","Inside","Gtl","Edwards","Norm","Norm","Other","Other",5,7,1940,1999,"Gable","CompShg","Wd Sdng","Wd Sdng","None",0,"TA","Other","Other","TA","TA","No","ALQ",351,"Other",181,112,644,"GasA","Other","Y","SBrkr",808,547,0,1355,1,0,2,0,4,2,"TA",6,"Typ",0,"No fireplace","Other","Other","Other","Other","Other","Y",140,0,0,0,0,0,"No","No fence","None",0,9,2008,127500,0,3,9
"20","RL",70,11200,"Pave","No alley","Reg","Lvl","AllPub","Inside","Gtl","Sawyer","Norm","Norm","1Fam","1Story",5,5,1965,1965,"Other","CompShg","HdBoard","HdBoard","None",0,"TA","TA","CBlock","TA","TA","No","Rec",906,"Unf",0,134,1040,"GasA","Ex","Y","SBrkr",1040,0,0,1040,1,0,1,0,3,1,"TA",5,"Typ",0,"No fireplace","Other","Unf","Other","TA","TA","Y",0,0,0,0,0,0,"No","No fence","None",0,2,2008,129500,0,2,43
"80","RL",80,13014,"Pave","No alley","Reg","Lvl","AllPub","Inside","Gtl","Sawyer","Norm","Norm","1Fam","Other",6,5,1978,1978,"Gable","CompShg","HdBoard","Plywood","Other",39,"TA","TA","CBlock","TA","TA","Other","ALQ",528,"Unf",0,480,1008,"GasA","TA","Y","SBrkr",1096,0,0,1096,1,0,1,0,3,1,"TA",6,"Typ",1,"Other","Attchd","Unf","2","TA","TA","Y",168,0,0,0,0,0,"No","No fence","None",0,12,2008,157500,0,2,30
"20","RL",68,10265,"Pave","No alley","Other","Lvl","AllPub","Inside","Gtl","Sawyer","Norm","Norm","1Fam","1Story",5,7,1967,2005,"Gable","CompShg","HdBoard","HdBoard","None",0,"TA","Other","CBlock","TA","TA","No","ALQ",758,"Unf",0,234,992,"GasA","Ex","Y","SBrkr",992,0,0,992,1,0,1,0,3,1,"Other",6,"Typ",0,"No fireplace","Attchd","RFn","Other","TA","TA","Y",204,0,0,0,0,0,"No","Other","Other",600,7,2008,145000,0,2,3
"20","RL",57,9764,"Pave","No alley","Other","Lvl","AllPub","Other","Gtl","Sawyer","Other","Norm","1Fam","1Story",5,7,1967,2003,"Gable","CompShg","VinylSd","VinylSd","None",0,"TA","TA","CBlock","TA","TA","No","BLQ",702,"Unf",0,192,894,"GasA","Ex","Y","SBrkr",894,0,0,894,1,0,1,0,3,1,"Other",5,"Typ",0,"No fireplace","Attchd","RFn","2","TA","TA","Y",0,0,0,0,0,0,"No","No fence","None",0,5,2008,130000,0,2,5
"85","RL",0,7703,"Pave","No alley","Other","Lvl","AllPub","Other","Gtl","Sawyer","Norm","Norm","1Fam","Other",6,8,1978,1978,"Gable","CompShg","HdBoard","HdBoard","Other",40,"TA","TA","CBlock","Gd","TA","Other","ALQ",450,"Unf",0,0,450,"GasA","Ex","Y","SBrkr",1034,0,0,1034,0,1,1,0,3,1,"TA",6,"Typ",1,"Other","Other","Fin","2","TA","TA","Y",311,0,0,0,0,0,"No","Other","None",0,5,2008,153000,0,1.5,30
"20","RL",0,9981,"Pave","No alley","Other","Lvl","AllPub","Other","Gtl","Sawyer","Norm","Norm","1Fam","1Story",5,5,1967,1967,"Gable","CompShg","MetalSd","MetalSd","Other",340,"TA","TA","CBlock","TA","TA","Other","BLQ",221,"Unf",0,852,1073,"GasA","Other","Y","SBrkr",1073,0,0,1073,0,0,1,0,3,1,"TA",6,"Typ",0,"No fireplace","Attchd","RFn","Other","TA","TA","Y",0,90,0,0,0,0,"No","Other","None",0,3,2008,120000,90,1,41
"85","RL",0,7400,"Pave","No alley","Other","Lvl","AllPub","Other","Gtl","Sawyer","Norm","Norm","1Fam","Other",5,5,1984,1984,"Gable","CompShg","VinylSd","VinylSd","None",0,"TA","TA","PConc","Gd","TA","Other","Other",104,"Other",956,0,1060,"GasA","TA","Y","SBrkr",1126,0,0,1126,1,0,1,0,2,1,"TA",5,"Typ",0,"No fireplace","Attchd","Unf","2","TA","TA","Y",178,0,0,0,0,0,"No","No fence","None",0,3,2008,152000,0,2,24
"20","RL",0,9000,"Pave","No alley","Reg","Lvl","AllPub","Inside","Gtl","Sawyer","Norm","Norm","1Fam","1Story",5,3,1959,1959,"Gable","CompShg","Wd Sdng","Plywood","None",0,"TA","TA","CBlock","TA","TA","No","GLQ",288,"Unf",0,718,1006,"GasA","TA","Y","SBrkr",1006,0,0,1006,0,0,1,0,3,1,"TA",5,"Typ",0,"No fireplace","Other","Other","Other","Other","Other","Y",0,24,0,0,0,0,"No","No fence","None",0,7,2008,80000,24,1,49
"20","RL",0,8544,"Pave","No alley","Other","Lvl","AllPub","Other","Gtl","Sawyer","Norm","Norm","1Fam","1Story",5,6,1966,2006,"Gable","CompShg","HdBoard","HdBoard","None",0,"TA","TA","CBlock","TA","TA","No","Unf",0,"Unf",0,1228,1228,"GasA","Other","Y","SBrkr",1228,0,0,1228,0,0,1,1,3,1,"Other",6,"Typ",0,"No fireplace","Attchd","Unf","Other","TA","TA","Y",0,65,0,0,0,0,"No","Other","None",0,6,2008,149350,65,1.5,2
"20","RL",94,9239,"Pave","No alley","Reg","Lvl","AllPub","Inside","Gtl","Sawyer","Other","Norm","1Fam","1Story",5,8,1963,2003,"Gable","CompShg","VinylSd","VinylSd","None",0,"TA","Other","CBlock","TA","TA","No","GLQ",634,"Unf",0,326,960,"GasA","Ex","Y","SBrkr",960,0,0,960,1,0,1,0,3,1,"Other",6,"Typ",0,"No fireplace","Attchd","Fin","Other","TA","TA","Y",168,0,0,0,0,0,"No","No fence","None",0,5,2008,144900,0,2,5
"20","RL",88,14175,"Pave","No alley","Reg","Lvl","AllPub","Inside","Gtl","Sawyer","Other","Norm","1Fam","1Story",6,8,1956,1956,"Gable","CompShg","HdBoard","HdBoard","None",0,"TA","TA","CBlock","TA","Other","Other","GLQ",776,"Unf",0,212,988,"GasA","TA","Y","Other",1188,0,0,1188,1,0,1,0,1,1,"TA",4,"Typ",1,"TA","Attchd","Unf","2","TA","TA","Y",102,89,231,0,0,0,"No","No fence","None",0,6,2008,185000,320,2,52
"20","RL",0,13284,"Pave","No alley","Reg","Lvl","AllPub","Inside","Gtl","Sawyer","Other","Norm","1Fam","1Story",5,5,1954,1954,"Gable","CompShg","Wd Sdng","Plywood","None",0,"TA","TA","PConc","Gd","TA","Other","BLQ",1064,"Unf",0,319,1383,"GasA","TA","Y","SBrkr",1383,0,0,1383,1,0,1,0,3,1,"TA",6,"Typ",1,"Gd","Attchd","Unf","Other","TA","TA","Y",511,116,0,0,0,0,"No","Other","None",0,6,2008,165000,116,2,54
"20","RL",0,13500,"Pave","No alley","Reg","Lvl","AllPub","Inside","Gtl","ClearCr","Norm","Norm","1Fam","1Story",6,7,1960,1975,"Other","CompShg","BrkFace","Plywood","None",0,"TA","TA","CBlock","Gd","TA","Other","BLQ",429,"Other",1080,93,1602,"GasA","Other","Y","SBrkr",1252,0,0,1252,1,0,1,0,1,1,"TA",4,"Typ",1,"Gd","Attchd","RFn","2","TA","TA","Y",409,0,0,0,0,0,"No","No fence","None",0,3,2008,235000,0,2,33
"80","RL",85,13825,"Pave","No alley","Reg","Lvl","AllPub","Inside","Gtl","Sawyer","Norm","Norm","1Fam","Other",5,6,1958,1987,"Gable","CompShg","MetalSd","MetalSd","None",0,"TA","Other","CBlock","TA","TA","No","Unf",0,"Unf",0,533,533,"GasA","TA","Y","SBrkr",1021,580,0,1601,0,1,1,0,3,1,"TA",6,"Other",0,"No fireplace","Other","RFn","Other","TA","TA","Y",280,34,0,0,0,0,"No","No fence","None",0,12,2008,140000,34,1.5,21
"30","RL",60,10200,"Pave","No alley","Reg","Lvl","AllPub","Inside","Gtl","Sawyer","Norm","Norm","1Fam","1Story",5,8,1940,1997,"Gable","CompShg","Wd Sdng","Wd Sdng","None",0,"TA","TA","PConc","TA","TA","No","Unf",0,"Unf",0,672,672,"GasA","Ex","Y","SBrkr",672,0,0,672,0,0,1,0,2,1,"TA",4,"Typ",0,"No fireplace","Other","Unf","Other","TA","TA","Other",168,0,0,0,0,0,"No","Other","None",0,8,2008,108000,0,1,11
"50","RL",63,8375,"Pave","No alley","Reg","Lvl","AllPub","Other","Gtl","Sawyer","Norm","Norm","1Fam","Other",5,7,1941,1973,"Gable","CompShg","Wd Sdng","Wd Sdng","None",0,"TA","TA","Other","TA","TA","No","ALQ",336,"Unf",0,240,576,"GasA","Other","Y","SBrkr",864,486,0,1350,1,0,1,1,2,1,"Other",6,"Other",0,"No fireplace","Other","Unf","Other","TA","TA","Other",0,0,0,0,0,0,"No","Other","None",0,6,2008,152400,0,2.5,35
"80","RL",0,10200,"Pave","No alley","Reg","Lvl","AllPub","Inside","Gtl","Sawyer","Norm","Norm","1Fam","Other",5,8,1970,1970,"Other","CompShg","HdBoard","HdBoard","None",0,"TA","Other","PConc","Gd","TA","Other","ALQ",704,"Unf",0,160,864,"GasA","Ex","Y","SBrkr",904,0,0,904,0,0,1,0,3,1,"Other",5,"Typ",0,"No fireplace","Other","Unf","Other","TA","TA","Y",143,0,0,0,0,0,"No","Other","None",0,6,2008,144000,0,1,38
"120","RL",0,2887,"Pave","No alley","Reg","Other","AllPub","Inside","Gtl","ClearCr","Norm","Norm","1Fam","1Story",6,5,1996,1997,"Gable","CompShg","Wd Sdng","Wd Sdng","None",0,"TA","TA","PConc","Gd","TA","Other","GLQ",1003,"Unf",0,288,1291,"GasA","Ex","Y","SBrkr",1291,0,0,1291,1,0,1,0,2,1,"Other",6,"Typ",1,"Gd","Attchd","Unf","2","TA","TA","Y",307,0,0,0,0,0,"No","No fence","None",0,11,2008,173000,0,2,11
"60","RL",83,10005,"Pave","No alley","Reg","Lvl","AllPub","Inside","Gtl","ClearCr","Norm","Norm","1Fam","Other",7,5,1977,1977,"Other","CompShg","Plywood","Plywood","Other",299,"TA","TA","CBlock","Gd","TA","No","BLQ",392,"Unf",0,768,1160,"GasA","Ex","Y","SBrkr",1156,866,0,2022,0,0,2,1,4,1,"TA",8,"Typ",1,"TA","Attchd","Fin","2","TA","TA","Y",288,117,0,0,0,0,"No","No fence","None",0,3,2008,192000,117,2.5,31
"20","RL",82,20270,"Pave","No alley","Other","Lvl","AllPub","Other","Gtl","ClearCr","Norm","Norm","1Fam","1Story",7,6,1979,1979,"Gable","CompShg","Plywood","Plywood","None",0,"TA","TA","CBlock","Gd","TA","Other","GLQ",599,"Unf",0,925,1524,"GasA","TA","Y","SBrkr",1524,0,0,1524,1,0,2,0,3,1,"TA",7,"Typ",2,"Gd","Attchd","Fin","2","TA","TA","Y",140,0,0,0,0,0,"No","No fence","None",0,4,2008,245000,0,3,29
"20","RL",73,39104,"Pave","No alley","Other","Other","AllPub","Other","Other","ClearCr","Norm","Norm","1Fam","1Story",7,7,1954,2005,"Other","Other","Plywood","Plywood","None",0,"TA","TA","CBlock","Gd","TA","Other","Other",226,"Other",1063,96,1385,"GasA","Ex","Y","SBrkr",1363,0,0,1363,1,0,1,0,2,1,"TA",5,"Other",2,"TA","Attchd","Unf","2","TA","TA","Y",81,0,0,0,0,0,"No","No fence","None",0,4,2008,241500,0,2,3
"20","RL",0,53227,"Pave","No alley","Other","Other","AllPub","Other","Other","ClearCr","Norm","Norm","1Fam","1Story",4,6,1954,1994,"Other","Other","Plywood","Plywood","None",0,"TA","TA","CBlock","Gd","TA","Other","BLQ",1116,"Unf",0,248,1364,"GasA","Ex","Y","SBrkr",1663,0,0,1663,1,0,1,0,2,1,"Other",6,"Other",2,"Gd","Attchd","Fin","2","TA","TA","Y",224,137,0,0,0,0,"No","No fence","None",0,3,2008,256000,137,2,14
"80","RL",124,11512,"Pave","No alley","Other","Lvl","AllPub","Other","Gtl","Edwards","Norm","Norm","1Fam","Other",6,7,1959,2006,"Gable","CompShg","Plywood","Plywood","Other",84,"TA","TA","CBlock","TA","TA","Other","ALQ",719,"Unf",0,300,1019,"GasA","Other","Y","SBrkr",1357,0,0,1357,1,0,1,0,2,1,"Other",5,"Typ",1,"Gd","Other","RFn","Other","TA","TA","Y",0,0,0,0,163,0,"No","Other","None",0,5,2008,177000,163,2,2
"50","RL",50,5190,"Pave","No alley","Reg","Lvl","AllPub","Inside","Gtl","Edwards","Norm","Norm","1Fam","Other",7,5,1948,1950,"Gable","CompShg","BrkFace","Plywood","None",0,"TA","TA","CBlock","TA","TA","No","Unf",0,"Unf",0,570,570,"GasA","TA","Y","SBrkr",617,462,0,1079,0,0,1,0,2,1,"TA",5,"Typ",1,"Gd","Attchd","Unf","Other","TA","TA","Y",135,0,0,0,0,0,"No","No fence","None",0,1,2008,125600,0,1,58
"20","RL",85,10452,"Pave","No alley","Other","Lvl","AllPub","Inside","Gtl","Edwards","Norm","Norm","1Fam","1Story",6,5,1953,1953,"Other","CompShg","Wd Sdng","Wd Sdng","Other",216,"TA","TA","CBlock","TA","TA","Other","Rec",500,"Unf",0,594,1094,"GasA","Ex","Y","SBrkr",1094,0,0,1094,0,0,1,0,3,1,"TA",5,"Typ",2,"Gd","Attchd","RFn","2","TA","TA","Y",0,0,0,0,287,0,"No","No fence","None",0,6,2008,155000,287,1,55
"50","RL",75,45600,"Pave","No alley","Other","Other","AllPub","Inside","Gtl","ClearCr","Norm","Norm","1Fam","Other",6,8,1908,1997,"Gable","CompShg","Wd Sdng","Wd Sdng","None",0,"TA","TA","Other","TA","TA","No","Unf",0,"Unf",0,907,907,"GasA","TA","Y","SBrkr",1307,1051,0,2358,0,0,3,0,5,1,"TA",10,"Typ",1,"Gd","Other","Unf","2","Other","TA","Y",486,40,0,0,175,0,"No","No fence","None",0,9,2008,240000,215,3,11
"30","RL",85,19550,"Pave","No alley","Reg","Lvl","AllPub","Inside","Gtl","Edwards","Norm","Norm","1Fam","1Story",5,7,1940,2007,"Other","Other","Other","Other","None",0,"TA","TA","PConc","TA","TA","Other","ALQ",1035,"Unf",0,545,1580,"GasA","Ex","Y","SBrkr",1518,0,0,1518,1,0,1,0,2,1,"Other",5,"Typ",2,"Gd","Other","Other","Other","Other","Other","Y",0,39,0,0,0,0,"No","No fence","None",0,1,2008,260000,39,2,1
"50","RL",66,21780,"Pave","No alley","Reg","Lvl","AllPub","Inside","Gtl","Edwards","Norm","Norm","1Fam","Other",6,7,1918,1950,"Gable","CompShg","Wd Sdng","Wd Sdng","None",0,"TA","TA","Other","Gd","TA","Other","Unf",0,"Unf",0,1163,1163,"GasA","Ex","Y","SBrkr",1163,511,0,1674,0,0,2,0,4,1,"TA",8,"Typ",1,"Gd","Other","Fin","2","TA","TA","Other",72,36,0,0,144,0,"No","No fence","None",0,7,2008,185000,180,2,58
"70","RL",120,13728,"Pave","No alley","Reg","Lvl","AllPub","Other","Gtl","Edwards","Norm","Norm","1Fam","Other",6,7,1935,1986,"Other","CompShg","Stucco","Stucco","None",0,"TA","TA","CBlock","TA","TA","No","Rec",626,"Unf",0,501,1127,"GasA","Ex","Y","SBrkr",1236,872,0,2108,0,0,2,0,4,1,"Other",7,"Typ",2,"TA","Other","Unf","2","TA","TA","Y",0,0,0,0,90,0,"No","No fence","None",0,7,2008,235000,90,2,22
"20","RL",68,9571,"Pave","No alley","Reg","Lvl","AllPub","Inside","Gtl","Edwards","Norm","Norm","1Fam","1Story",5,6,1956,1956,"Other","CompShg","Wd Sdng","Wd Sdng","None",0,"TA","TA","CBlock","TA","TA","Other","Rec",870,"Unf",0,639,1509,"GasA","TA","Y","Other",1509,0,0,1509,1,0,1,0,3,1,"Other",6,"Typ",1,"TA","Attchd","Unf","Other","TA","TA","Y",158,0,0,0,576,0,"No","Other","None",0,7,2008,159900,576,2,52
"90","RL",50,9350,"Pave","No alley","Reg","Lvl","AllPub","Inside","Gtl","Edwards","Norm","Norm","Other","Other",5,5,1975,1975,"Gable","CompShg","HdBoard","HdBoard","None",0,"TA","TA","PConc","Gd","TA","Other","GLQ",864,"Unf",0,0,864,"GasA","Other","Other","SBrkr",864,0,0,864,1,0,1,0,2,1,"TA",4,"Typ",0,"No fireplace","Other","Other","Other","Other","Other","Y",0,0,0,0,0,0,"No","No fence","None",0,4,2008,99600,0,2,33
"60","RL",50,9360,"Pave","No alley","Reg","Lvl","AllPub","Other","Gtl","Edwards","Norm","Norm","1Fam","Other",6,8,1962,2001,"Gable","CompShg","VinylSd","VinylSd","Other",216,"Other","TA","CBlock","TA","TA","No","Rec",324,"Unf",0,297,621,"GasA","TA","Y","SBrkr",621,648,0,1269,0,0,1,1,3,1,"TA",7,"Typ",0,"No fireplace","Other","Unf","Other","TA","TA","Y",0,236,0,0,0,0,"No","Other","None",0,11,2008,134500,236,1.5,7
"50","RL",50,8405,"Pave","Other","Reg","Lvl","AllPub","Inside","Gtl","Edwards","Norm","Norm","1Fam","Other",5,8,1900,1950,"Gable","CompShg","MetalSd","MetalSd","None",0,"TA","TA","Other","TA","Other","No","Rec",241,"Other",391,229,861,"GasA","Ex","Y","SBrkr",961,406,0,1367,1,0,1,0,4,1,"TA",7,"Typ",0,"No fireplace","Other","Unf","Other","TA","TA","Y",0,130,112,0,0,0,"No","Other","None",0,4,2008,119000,242,2,58
"190","RL",70,7000,"Pave","No alley","Reg","Lvl","AllPub","Inside","Gtl","Edwards","Norm","Norm","Other","Other",5,7,1910,1991,"Gable","CompShg","MetalSd","MetalSd","None",0,"TA","TA","CBlock","Gd","TA","Other","GLQ",969,"Unf",0,148,1117,"GasA","TA","Y","SBrkr",820,527,0,1347,1,0,1,0,3,1,"TA",5,"Typ",0,"No fireplace","Other","Other","Other","Other","Other","Other",85,0,148,0,0,0,"No","No fence","None",0,1,2008,107500,148,2,17
"190","RL",68,10880,"Pave","No alley","Reg","Lvl","AllPub","Inside","Gtl","Edwards","Norm","Norm","Other","1Story",5,5,1950,1950,"Gable","CompShg","MetalSd","MetalSd","None",0,"TA","TA","CBlock","TA","TA","No","ALQ",1040,"Unf",0,124,1164,"Other","TA","Other","SBrkr",1164,0,0,1164,1,0,1,0,3,1,"TA",5,"Typ",0,"No fireplace","Other","Unf","Other","TA","TA","Y",0,48,0,0,0,0,"No","No fence","None",0,8,2008,125000,48,2,58
"50","RL",60,9600,"Pave","No alley","Reg","Lvl","AllPub","Other","Gtl","Edwards","Other","Norm","1Fam","Other",6,5,1924,1950,"Gable","CompShg","Wd Sdng","Wd Sdng","None",0,"TA","TA","Other","TA","TA","No","Unf",0,"Unf",0,572,572,"Other","Other","Other","Other",572,524,0,1096,0,0,1,0,2,1,"TA",5,"Typ",0,"No fireplace","Other","Other","Other","Other","Other","Other",0,8,128,0,0,0,"No","No fence","None",0,4,2008,79000,136,1,58
"50","RL",60,9084,"Pave","No alley","Reg","Lvl","AllPub","Inside","Gtl","Edwards","Other","Norm","1Fam","Other",5,6,1941,1950,"Gable","CompShg","VinylSd","VinylSd","None",0,"TA","TA","CBlock","TA","Other","Other","Other",236,"Other",380,0,616,"GasA","TA","Other","SBrkr",616,495,0,1111,0,1,1,0,3,1,"TA",5,"Typ",0,"No fireplace","Other","Unf","Other","TA","Other","Y",48,0,0,0,0,0,"No","No fence","None",0,3,2008,95000,0,1.5,58
"60","RL",86,11839,"Pave","No alley","Reg","Lvl","AllPub","Inside","Gtl","SawyerW","Norm","Norm","1Fam","Other",7,5,1990,1990,"Other","CompShg","HdBoard","HdBoard","Other",99,"TA","TA","PConc","Gd","TA","No","GLQ",1085,"Unf",0,390,1475,"GasA","Ex","Y","SBrkr",1532,797,0,2329,1,0,2,1,4,1,"Other",10,"Typ",1,"Other","Attchd","Unf","2","TA","TA","Y",192,121,0,0,0,0,"No","No fence","None",0,5,2008,262280,121,3.5,18
"60","RL",0,9771,"Pave","No alley","Other","Lvl","AllPub","Other","Gtl","SawyerW","Norm","Norm","1Fam","Other",6,5,1995,2002,"Gable","CompShg","HdBoard","HdBoard","Other",190,"Other","TA","PConc","Gd","TA","No","Other",779,"Unf",0,298,1077,"GasA","Ex","Y","SBrkr",1093,1721,0,2814,0,1,2,1,4,1,"Other",9,"Typ",1,"TA","Other","Fin","2","TA","TA","Y",48,32,0,0,216,0,"No","Other","None",0,6,2008,260000,248,3,6
"20","RL",80,9938,"Pave","No alley","Reg","Lvl","AllPub","Inside","Gtl","SawyerW","Norm","Norm","1Fam","1Story",7,5,1994,1994,"Gable","CompShg","HdBoard","HdBoard","Other",251,"Other","TA","PConc","Gd","TA","No","GLQ",1271,"Unf",0,331,1602,"GasA","Ex","Y","SBrkr",1626,0,0,1626,1,0,2,1,3,1,"Other",7,"Typ",1,"TA","Attchd","RFn","2","TA","TA","Y",424,40,0,0,0,0,"No","No fence","None",0,4,2008,226500,40,3.5,14
"60","RL",0,14171,"Pave","No alley","Other","Lvl","AllPub","Other","Gtl","SawyerW","Norm","Norm","1Fam","Other",7,5,1993,1994,"Gable","CompShg","VinylSd","VinylSd","None",0,"Other","TA","PConc","Gd","TA","No","GLQ",355,"Unf",0,457,812,"GasA","Ex","Y","SBrkr",1101,1099,0,2200,0,0,2,1,4,1,"Other",9,"Typ",1,"TA","Attchd","RFn","2","TA","TA","Y",168,98,0,0,0,0,"No","No fence","None",0,12,2008,225000,98,2.5,14
"80","RL",85,10541,"Pave","No alley","Other","Lvl","AllPub","Other","Gtl","SawyerW","Norm","Norm","1Fam","Other",7,5,1996,1996,"Gable","CompShg","VinylSd","VinylSd","None",0,"Other","TA","PConc","Gd","TA","Other","Unf",0,"Unf",0,672,672,"GasA","Ex","Y","SBrkr",1302,735,0,2037,0,0,2,1,3,1,"Other",8,"Typ",1,"TA","Attchd","Fin","2","TA","TA","Y",100,33,0,0,0,0,"No","No fence","None",0,2,2008,229000,33,2.5,12
"20","RL",65,9345,"Pave","No alley","Other","Lvl","AllPub","Inside","Gtl","CollgCr","Norm","Norm","1Fam","1Story",8,5,2007,2007,"Gable","CompShg","VinylSd","VinylSd","Other",156,"Other","TA","PConc","Gd","TA","Other","Unf",0,"Unf",0,1615,1615,"GasA","Ex","Y","SBrkr",1615,0,0,1615,0,0,2,0,3,1,"Other",7,"Typ",1,"Gd","Attchd","RFn","Other","TA","TA","Y",168,30,0,0,0,0,"No","No fence","None",0,5,2008,248500,30,2,1
"60","RL",59,11228,"Pave","No alley","Other","Lvl","AllPub","Other","Gtl","SawyerW","Norm","Norm","1Fam","Other",7,5,1993,1993,"Gable","CompShg","VinylSd","VinylSd","None",0,"Other","TA","PConc","Gd","TA","No","BLQ",50,"Other",531,499,1080,"GasA","Ex","Y","SBrkr",1080,1017,0,2097,0,1,2,1,3,1,"Other",9,"Typ",1,"TA","Attchd","Unf","Other","TA","TA","Y",196,187,0,0,0,0,"No","No fence","None",0,12,2008,228000,187,3,15
"80","RL",0,11454,"Pave","No alley","Other","Lvl","AllPub","Other","Gtl","SawyerW","Norm","Norm","1Fam","Other",8,5,1995,1995,"Gable","CompShg","VinylSd","VinylSd","Other",302,"Other","TA","PConc","Gd","TA","Other","GLQ",770,"Unf",0,631,1401,"GasA","Ex","Y","SBrkr",1511,0,0,1511,1,0,2,0,3,1,"Other",6,"Typ",1,"Other","Attchd","Fin","Other","TA","TA","Y",168,42,0,0,0,0,"No","No fence","None",0,2,2008,225000,42,3,13
"20","RL",0,11500,"Pave","No alley","Other","Other","AllPub","Other","Gtl","ClearCr","Norm","Norm","1Fam","1Story",6,6,1966,1966,"Other","Other","Plywood","Plywood","None",0,"TA","TA","CBlock","Gd","Other","Other","Other",262,"Other",723,197,1182,"GasA","Ex","Y","SBrkr",1643,0,0,1643,1,0,2,0,2,1,"TA",6,"Typ",1,"Gd","Attchd","Unf","2","TA","TA","Y",339,0,0,0,0,0,"No","No fence","None",0,3,2008,195000,0,3,42
"60","RL",79,12798,"Pave","No alley","Other","Other","AllPub","Inside","Other","ClearCr","Other","Norm","1Fam","Other",6,5,1997,1997,"Gable","CompShg","VinylSd","VinylSd","None",0,"TA","TA","PConc","Gd","TA","Other","GLQ",462,"Unf",0,154,616,"GasA","Other","Y","SBrkr",616,1072,0,1688,1,0,2,1,4,1,"Other",8,"Typ",0,"No fireplace","Attchd","RFn","2","TA","TA","Y",403,114,185,0,0,0,"No","No fence","Other",400,5,2008,200000,299,3.5,11
"20","RL",65,9750,"Pave","No alley","Reg","Other","AllPub","Inside","Other","CollgCr","Norm","Norm","1Fam","1Story",5,7,1994,1994,"Gable","CompShg","VinylSd","VinylSd","None",0,"TA","TA","PConc","Gd","TA","No","GLQ",722,"Unf",0,268,990,"GasA","Ex","Y","SBrkr",990,0,0,990,1,0,1,0,3,1,"TA",5,"Typ",0,"No fireplace","Other","Unf","2","TA","TA","Y",168,0,0,0,0,0,"No","No fence","None",0,8,2008,155000,0,2,14
"20","RL",75,9525,"Pave","No alley","Reg","Lvl","AllPub","Inside","Gtl","CollgCr","Norm","Norm","1Fam","1Story",5,6,1995,2006,"Gable","CompShg","VinylSd","VinylSd","None",0,"TA","TA","PConc","Gd","TA","No","Unf",0,"Unf",0,1099,1099,"GasA","Ex","Y","SBrkr",1099,0,0,1099,0,0,1,1,3,1,"Other",6,"Typ",0,"No fireplace","Attchd","Unf","Other","TA","TA","Y",278,0,0,0,0,0,"No","No fence","None",0,6,2008,144000,0,1.5,2
"20","RL",57,9245,"Pave","No alley","Other","Lvl","AllPub","Inside","Gtl","CollgCr","Norm","Norm","1Fam","1Story",5,5,1994,1995,"Gable","CompShg","VinylSd","VinylSd","None",0,"TA","TA","PConc","Gd","TA","No","GLQ",686,"Unf",0,304,990,"GasA","Ex","Y","SBrkr",990,0,0,990,0,1,1,0,3,1,"TA",5,"Typ",0,"No fireplace","Other","Unf","2","TA","TA","Y",0,0,0,0,0,0,"No","No fence","None",0,2,2008,145000,0,1.5,13
"20","RL",0,8696,"Pave","No alley","Other","Lvl","AllPub","Inside","Gtl","CollgCr","Norm","Norm","1Fam","1Story",7,5,1997,1998,"Gable","CompShg","VinylSd","VinylSd","Other",150,"TA","TA","PConc","Gd","TA","Other","GLQ",1308,"Unf",0,110,1418,"GasA","Ex","Y","SBrkr",1418,0,0,1418,1,0,2,0,3,1,"Other",5,"Typ",1,"TA","Attchd","RFn","2","TA","TA","Y",208,110,0,0,0,0,"No","No fence","None",0,5,2008,226001,110,3,10
"60","RL",0,13142,"Pave","No alley","Other","Lvl","AllPub","Other","Gtl","CollgCr","Other","Norm","1Fam","Other",6,5,1997,1997,"Gable","CompShg","VinylSd","VinylSd","Other",128,"TA","TA","PConc","Gd","TA","No","GLQ",688,"Unf",0,176,864,"GasA","Ex","Y","SBrkr",872,899,0,1771,1,0,2,1,3,1,"Other",6,"Typ",0,"No fireplace","Attchd","RFn","2","TA","TA","Y",0,96,0,0,0,0,"No","No fence","None",0,7,2008,215700,96,3.5,11
"60","RL",68,8998,"Pave","No alley","Other","Lvl","AllPub","Inside","Gtl","CollgCr","Norm","Norm","1Fam","Other",7,5,2000,2000,"Gable","CompShg","VinylSd","VinylSd","Other",120,"Other","TA","PConc","Gd","TA","Other","GLQ",527,"Unf",0,255,782,"GasA","Ex","Y","SBrkr",782,870,0,1652,0,0,2,1,3,1,"Other",6,"Typ",0,"No fireplace","Attchd","RFn","2","TA","TA","Y",0,70,0,0,0,0,"No","No fence","None",0,6,2008,207500,70,2.5,8
"60","RL",57,8924,"Pave","No alley","Other","Lvl","AllPub","Other","Gtl","CollgCr","Norm","Norm","1Fam","Other",7,5,1998,1999,"Gable","CompShg","VinylSd","VinylSd","None",0,"TA","TA","PConc","Gd","TA","Other","Unf",0,"Unf",0,880,880,"GasA","Ex","Y","SBrkr",880,844,0,1724,0,0,2,1,3,1,"Other",8,"Typ",0,"No fireplace","Attchd","Fin","2","TA","TA","Y",120,155,0,0,0,0,"No","No fence","None",0,7,2008,188000,155,2.5,9
"20","RL",93,9382,"Pave","No alley","Other","Lvl","AllPub","Other","Gtl","CollgCr","Norm","Norm","1Fam","1Story",7,5,1999,2000,"Gable","CompShg","VinylSd","VinylSd","Other",125,"Other","TA","PConc","Gd","TA","No","Unf",0,"Unf",0,1468,1468,"GasA","Ex","Y","SBrkr",1479,0,0,1479,0,0,2,0,3,1,"Other",6,"Typ",0,"No fireplace","Attchd","RFn","2","TA","TA","Y",120,25,0,0,0,0,"No","No fence","None",0,7,2008,191000,25,2,8
"20","RL",88,12803,"Pave","No alley","Other","Lvl","AllPub","Inside","Gtl","CollgCr","Norm","Norm","1Fam","1Story",7,5,2002,2002,"Gable","CompShg","VinylSd","VinylSd","Other",99,"Other","TA","PConc","Gd","TA","Other","GLQ",922,"Unf",0,572,1494,"GasA","Ex","Y","SBrkr",1494,0,0,1494,1,0,2,0,3,1,"Other",6,"Typ",1,"TA","Attchd","RFn","2","TA","TA","Y",192,36,0,0,0,0,"No","No fence","None",0,9,2008,221000,36,3,6
"60","RL",80,12435,"Pave","No alley","Reg","Lvl","AllPub","Inside","Gtl","CollgCr","Norm","Norm","1Fam","Other",7,5,2001,2001,"Gable","CompShg","VinylSd","VinylSd","Other",172,"Other","TA","PConc","Gd","TA","No","GLQ",361,"Unf",0,602,963,"GasA","Ex","Y","SBrkr",963,829,0,1792,0,0,2,1,3,1,"Other",7,"Typ",1,"TA","Attchd","RFn","2","TA","TA","Y",0,96,0,245,0,0,"No","No fence","None",0,5,2008,231500,341,2.5,7
"60","RL",75,12192,"Pave","No alley","Other","Lvl","AllPub","Inside","Gtl","CollgCr","Norm","Norm","1Fam","Other",7,5,2000,2001,"Gable","CompShg","VinylSd","VinylSd","None",0,"Other","TA","PConc","Gd","TA","No","GLQ",663,"Unf",0,265,928,"GasA","Ex","Y","SBrkr",928,895,0,1823,1,0,2,1,3,1,"Other",6,"Typ",0,"No fireplace","Attchd","RFn","2","TA","TA","Y",192,36,0,0,0,0,"No","No fence","Other",4500,5,2008,235000,36,3.5,7
"60","RL",68,11250,"Pave","No alley","Other","Lvl","AllPub","Inside","Gtl","CollgCr","Norm","Norm","1Fam","Other",7,5,2001,2002,"Gable","CompShg","VinylSd","VinylSd","Other",162,"Other","TA","PConc","Gd","TA","Other","GLQ",486,"Unf",0,434,920,"GasA","Ex","Y","SBrkr",920,866,0,1786,1,0,2,1,3,1,"Other",6,"Typ",1,"TA","Attchd","RFn","2","TA","TA","Y",0,42,0,0,0,0,"No","No fence","None",0,9,2008,223500,42,3.5,6
"20","RL",0,9200,"Pave","No alley","Other","Lvl","AllPub","Other","Gtl","CollgCr","Norm","Norm","1Fam","1Story",5,6,1975,1980,"Other","CompShg","VinylSd","VinylSd","None",0,"TA","TA","CBlock","Gd","TA","Other","Other",280,"Other",491,167,938,"GasA","TA","Y","SBrkr",938,0,0,938,1,0,1,0,3,1,"TA",5,"Typ",0,"No fireplace","Other","Unf","Other","TA","TA","Y",145,0,0,0,0,0,"No","Other","None",0,7,2008,130250,0,2,28
"80","RL",65,8385,"Pave","No alley","Reg","Lvl","AllPub","Inside","Gtl","CollgCr","Norm","Norm","1Fam","Other",5,8,1977,1977,"Gable","CompShg","HdBoard","HdBoard","Other",220,"Other","TA","CBlock","Gd","Other","Other","GLQ",595,"Unf",0,390,985,"GasA","TA","Y","SBrkr",985,0,0,985,0,0,2,0,3,1,"TA",6,"Typ",0,"No fireplace","Attchd","Unf","Other","TA","TA","Y",210,0,0,0,0,0,"No","No fence","None",0,11,2008,149900,0,2,31
"20","RL",0,12250,"Pave","No alley","Other","Lvl","AllPub","Inside","Gtl","CollgCr","Norm","Norm","1Fam","1Story",5,6,1978,1978,"Gable","CompShg","HdBoard","HdBoard","Other",180,"TA","TA","CBlock","Gd","TA","Other","ALQ",781,"Unf",0,83,864,"GasA","Ex","Y","SBrkr",1174,0,0,1174,1,0,1,0,3,1,"TA",5,"Typ",0,"No fireplace","Attchd","Unf","2","TA","TA","Y",211,0,280,0,0,0,"No","No fence","None",0,5,2008,158000,280,2,30
"80","RL",0,10970,"Pave","No alley","Other","Other","AllPub","Inside","Other","CollgCr","Norm","Norm","1Fam","Other",6,6,1978,1978,"Gable","CompShg","Plywood","HdBoard","None",0,"TA","TA","CBlock","Gd","Other","Other","GLQ",505,"Other",435,0,940,"GasA","TA","Y","SBrkr",1026,0,0,1026,1,0,1,0,3,1,"TA",5,"Typ",0,"No fireplace","Other","Unf","2","TA","Other","Y",0,0,34,0,0,0,"No","Other","None",0,10,2008,147000,34,2,30
"20","RL",40,14330,"Pave","No alley","Other","Lvl","AllPub","Other","Gtl","CollgCr","Norm","Norm","1Fam","1Story",5,6,1975,2001,"Gable","CompShg","Plywood","Wd Sdng","None",0,"TA","TA","CBlock","TA","TA","No","Rec",88,"Other",596,180,864,"GasA","TA","Y","SBrkr",1558,0,0,1558,1,0,2,0,2,1,"TA",5,"Other",0,"No fireplace","Attchd","Fin","2","TA","TA","Y",140,0,239,0,227,0,"No","No fence","None",0,8,2008,163000,466,3,7
"20","RL",88,7990,"Pave","No alley","Other","Lvl","AllPub","Inside","Gtl","CollgCr","Norm","Norm","1Fam","1Story",5,6,1975,1975,"Other","CompShg","HdBoard","HdBoard","None",0,"TA","TA","CBlock","Gd","TA","No","Unf",0,"Unf",0,924,924,"GasA","TA","Y","SBrkr",924,0,0,924,0,0,1,0,3,1,"TA",5,"Typ",0,"No fireplace","Other","Unf","Other","TA","TA","Y",0,0,0,0,0,0,"No","Other","None",0,4,2008,110000,0,1,33
"20","RL",60,7180,"Pave","No alley","Other","Lvl","AllPub","Inside","Gtl","CollgCr","Norm","Norm","1Fam","1Story",5,7,1972,1972,"Other","CompShg","HdBoard","HdBoard","None",0,"TA","TA","CBlock","TA","TA","Other","ALQ",390,"Unf",0,474,864,"GasA","TA","Y","SBrkr",864,0,0,864,0,0,1,0,3,1,"TA",5,"Typ",0,"No fireplace","Other","Unf","Other","TA","TA","Y",0,0,0,0,0,0,"No","No fence","None",0,5,2008,127000,0,1,36
"20","RL",60,7200,"Pave","No alley","Reg","Other","AllPub","Inside","Gtl","CollgCr","Norm","Norm","1Fam","1Story",5,7,1972,1972,"Gable","CompShg","HdBoard","HdBoard","None",0,"TA","TA","CBlock","TA","TA","Other","ALQ",632,"Unf",0,148,780,"GasA","Ex","Y","SBrkr",780,0,0,780,0,0,1,0,2,1,"TA",4,"Typ",0,"No fireplace","Other","Unf","Other","TA","TA","Y",196,0,0,0,0,0,"No","Other","None",0,1,2008,124900,0,1,36
"20","RL",75,9742,"Pave","No alley","Reg","Lvl","AllPub","Inside","Gtl","CollgCr","Norm","Norm","1Fam","1Story",8,5,2002,2002,"Other","CompShg","VinylSd","VinylSd","Other",281,"Other","TA","PConc","Gd","TA","No","Unf",0,"Unf",0,1777,1777,"GasA","Ex","Y","SBrkr",1795,0,0,1795,0,0,2,0,3,1,"Other",7,"Typ",1,"Gd","Attchd","RFn","2","TA","TA","Y",171,159,0,0,0,0,"No","No fence","None",0,9,2008,230000,159,2,6
"60","RL",75,9473,"Pave","No alley","Reg","Lvl","AllPub","Inside","Gtl","CollgCr","Norm","Norm","1Fam","Other",8,5,2002,2002,"Gable","CompShg","VinylSd","VinylSd","None",0,"Other","TA","PConc","Gd","TA","No","GLQ",804,"Unf",0,324,1128,"GasA","Ex","Y","SBrkr",1128,903,0,2031,1,0,2,1,3,1,"Other",7,"Typ",1,"Gd","Attchd","RFn","2","TA","TA","Y",0,211,0,0,0,0,"No","No fence","None",0,3,2008,237000,211,3.5,6
"60","RL",0,10316,"Pave","No alley","Other","Lvl","AllPub","Inside","Gtl","CollgCr","Norm","Norm","1Fam","Other",7,5,2000,2000,"Gable","CompShg","VinylSd","VinylSd","None",0,"Other","TA","PConc","Gd","TA","No","GLQ",735,"Unf",0,257,992,"GasA","Ex","Y","SBrkr",992,873,0,1865,1,0,2,1,3,1,"Other",7,"Typ",1,"TA","Attchd","RFn","Other","TA","TA","Y",0,184,0,0,0,0,"No","No fence","None",0,6,2008,235000,184,3.5,8
"60","RL",0,10400,"Pave","No alley","Reg","Lvl","AllPub","Inside","Gtl","CollgCr","Norm","Norm","1Fam","Other",7,5,2001,2001,"Gable","CompShg","VinylSd","VinylSd","Other",227,"Other","TA","PConc","Gd","TA","No","Unf",0,"Unf",0,1257,1257,"GasA","Ex","Y","SBrkr",1290,871,0,2161,0,0,2,1,3,1,"Other",8,"Typ",1,"TA","Attchd","RFn","2","TA","TA","Y",0,84,0,0,0,0,"No","No fence","None",0,6,2008,230500,84,2.5,7
"60","RL",73,9066,"Pave","No alley","Other","Lvl","AllPub","Inside","Gtl","CollgCr","Norm","Norm","1Fam","Other",8,5,1999,2000,"Gable","CompShg","VinylSd","VinylSd","Other",320,"Other","TA","PConc","Gd","TA","Other","GLQ",668,"Unf",0,336,1004,"GasA","Ex","Y","SBrkr",1004,848,0,1852,0,0,2,1,3,1,"Other",7,"Typ",2,"TA","Attchd","Fin","Other","TA","TA","Y",224,106,0,0,0,0,"No","Other","None",0,12,2008,230000,106,2.5,8
"60","RL",75,11404,"Pave","No alley","Other","Lvl","AllPub","Inside","Gtl","CollgCr","Norm","Norm","1Fam","Other",7,5,1998,1999,"Gable","CompShg","VinylSd","VinylSd","Other",202,"Other","TA","PConc","Gd","TA","Other","ALQ",252,"Unf",0,901,1153,"GasA","Ex","Y","SBrkr",1153,878,0,2031,0,0,2,1,3,1,"Other",8,"Typ",1,"TA","Attchd","Fin","2","TA","TA","Y",192,84,0,0,0,0,"No","No fence","None",0,7,2008,222500,84,2.5,9
"60","RL",0,9240,"Pave","No alley","Reg","Lvl","AllPub","Inside","Gtl","CollgCr","Norm","Norm","1Fam","Other",8,5,2001,2002,"Gable","CompShg","VinylSd","VinylSd","Other",396,"Other","TA","PConc","Gd","TA","No","Unf",0,"Unf",0,1055,1055,"GasA","Ex","Y","SBrkr",1055,1208,0,2263,0,0,2,1,3,1,"Other",7,"Typ",1,"TA","Other","Fin","2","TA","TA","Y",0,45,0,0,189,0,"No","No fence","None",0,9,2008,287000,234,2.5,6
"60","RL",0,9720,"Pave","No alley","Other","Lvl","AllPub","Other","Gtl","CollgCr","Norm","Norm","1Fam","Other",9,5,2001,2002,"Gable","CompShg","VinylSd","VinylSd","Other",134,"Other","TA","PConc","Gd","TA","Other","GLQ",1194,"Unf",0,163,1357,"GasA","Ex","Y","SBrkr",1366,581,0,1947,1,0,2,1,3,1,"Other",7,"Typ",1,"TA","Other","Fin","Other","TA","TA","Y",168,116,0,0,0,0,"No","No fence","None",0,1,2008,274000,116,3.5,6
"20","RL",0,14860,"Pave","No alley","Other","Lvl","AllPub","Other","Gtl","CollgCr","Norm","Norm","1Fam","1Story",8,5,2002,2003,"Other","CompShg","VinylSd","VinylSd","Other",240,"Other","TA","PConc","Other","TA","Other","GLQ",1538,"Unf",0,240,1778,"GasA","Ex","Y","SBrkr",1786,0,0,1786,1,0,2,0,3,1,"Other",6,"Typ",1,"Gd","Attchd","RFn","Other","TA","TA","Y",182,35,0,0,0,0,"No","No fence","None",0,6,2008,300000,35,3,5
"60","RL",0,11250,"Pave","No alley","Reg","Lvl","AllPub","Other","Gtl","CollgCr","Norm","Norm","1Fam","Other",8,5,2002,2002,"Gable","CompShg","CemntBd","CmentBd","None",0,"Other","TA","PConc","Gd","TA","Other","Unf",0,"Unf",0,1128,1128,"GasA","Ex","Y","SBrkr",1149,1141,0,2290,0,0,2,1,4,1,"Other",9,"Typ",1,"Gd","Attchd","Unf","2","TA","TA","Y",0,0,0,0,0,0,"No","No fence","None",0,5,2008,255900,0,2.5,6
"60","RL",65,8158,"Pave","No alley","Reg","Lvl","AllPub","Inside","Gtl","CollgCr","Norm","Norm","1Fam","Other",7,5,2003,2003,"Gable","CompShg","VinylSd","VinylSd","Other",252,"Other","TA","PConc","Gd","TA","No","GLQ",550,"Unf",0,334,884,"GasA","Ex","Y","SBrkr",884,884,0,1768,1,0,2,1,3,1,"Other",8,"Typ",0,"No fireplace","Attchd","RFn","2","TA","TA","Y",0,63,0,0,0,0,"No","No fence","None",0,7,2008,224900,63,3.5,5
"60","RL",41,10905,"Pave","No alley","Other","Lvl","AllPub","Other","Gtl","CollgCr","Norm","Norm","1Fam","Other",7,5,2003,2003,"Gable","CompShg","VinylSd","VinylSd","None",0,"Other","TA","PConc","Gd","TA","No","Unf",0,"Unf",0,1129,1129,"GasA","Ex","Y","SBrkr",1129,1198,0,2327,0,0,2,1,4,1,"Other",9,"Typ",1,"Gd","Other","RFn","2","TA","TA","Y",0,57,0,0,0,0,"No","No fence","None",0,8,2008,240000,57,2.5,5
"60","RL",72,7226,"Pave","No alley","Other","Lvl","AllPub","Other","Gtl","CollgCr","Norm","Norm","1Fam","Other",7,5,2003,2003,"Gable","CompShg","VinylSd","VinylSd","None",0,"Other","TA","PConc","Gd","TA","No","Unf",0,"Unf",0,798,798,"GasA","Ex","Y","SBrkr",798,842,0,1640,0,0,2,1,3,1,"Other",6,"Typ",0,"No fireplace","Attchd","RFn","2","TA","TA","Y",0,45,0,0,0,0,"No","No fence","None",0,6,2008,183000,45,2.5,5
"60","RL",96,11690,"Pave","No alley","Other","Lvl","AllPub","Inside","Gtl","CollgCr","Norm","Norm","1Fam","Other",8,5,1999,2000,"Gable","CompShg","VinylSd","VinylSd","Other",192,"Other","TA","PConc","Gd","TA","Other","Unf",0,"Unf",0,850,850,"GasA","Ex","Y","SBrkr",886,878,0,1764,0,0,2,1,3,1,"Other",7,"Typ",1,"TA","Attchd","Unf","2","TA","TA","Y",120,29,0,0,0,0,"No","No fence","None",0,6,2008,207000,29,2.5,8
"60","RL",70,8750,"Pave","No alley","Reg","Lvl","AllPub","Inside","Gtl","CollgCr","Norm","Norm","1Fam","Other",7,5,1994,1995,"Gable","CompShg","VinylSd","VinylSd","None",0,"Other","Other","PConc","Gd","TA","No","GLQ",642,"Unf",0,273,915,"GasA","Ex","Y","SBrkr",933,975,0,1908,1,0,2,1,4,1,"Other",8,"Typ",1,"TA","Attchd","Unf","2","TA","TA","Y",144,133,0,0,0,0,"No","No fence","None",0,7,2008,210000,133,3.5,13
"120","Other",37,4435,"Pave","No alley","Reg","Lvl","AllPub","Inside","Gtl","CollgCr","Norm","Norm","Other","1Story",6,5,2003,2003,"Gable","CompShg","VinylSd","VinylSd","Other",170,"Other","TA","PConc","Gd","TA","Other","GLQ",686,"Unf",0,162,848,"GasA","Ex","Y","SBrkr",848,0,0,848,1,0,1,0,1,1,"Other",3,"Typ",0,"No fireplace","Attchd","Fin","2","TA","TA","Y",140,0,0,0,0,0,"No","No fence","None",0,3,2008,136500,0,2,5
"120","Other",0,4426,"Pave","No alley","Reg","Lvl","AllPub","Inside","Gtl","CollgCr","Norm","Norm","Other","1Story",6,5,2004,2004,"Gable","CompShg","VinylSd","VinylSd","Other",205,"Other","TA","PConc","Gd","TA","Other","GLQ",662,"Unf",0,186,848,"GasA","Ex","Y","SBrkr",848,0,0,848,1,0,1,0,1,1,"Other",3,"Typ",0,"No fireplace","Attchd","RFn","2","TA","TA","Y",140,0,0,0,0,0,"No","No fence","None",0,2,2008,145000,0,2,4
"20","RL",75,13125,"Pave","No alley","Reg","Lvl","AllPub","Inside","Other","CollgCr","Norm","Norm","1Fam","1Story",6,5,1997,1998,"Gable","CompShg","VinylSd","VinylSd","Other",215,"TA","TA","PConc","Gd","TA","Other","GLQ",994,"Unf",0,484,1478,"GasA","Ex","Y","SBrkr",1493,0,0,1493,1,0,2,0,3,1,"Other",7,"Typ",1,"TA","Attchd","Fin","2","TA","TA","Y",140,39,0,0,0,0,"No","No fence","None",0,4,2008,208900,39,3,10
"20","RL",70,9135,"Pave","No alley","Reg","Lvl","AllPub","Inside","Gtl","CollgCr","Norm","Norm","1Fam","1Story",7,5,2002,2003,"Gable","CompShg","VinylSd","VinylSd","Other",113,"Other","TA","PConc","Gd","TA","Other","GLQ",810,"Unf",0,726,1536,"GasA","Ex","Y","SBrkr",1536,0,0,1536,1,0,2,0,3,1,"Other",7,"Typ",0,"No fireplace","Attchd","RFn","2","TA","TA","Y",192,74,0,0,0,0,"No","No fence","None",0,12,2008,214000,74,3,5
"60","RL",65,8450,"Pave","No alley","Reg","Lvl","AllPub","Inside","Gtl","CollgCr","Norm","Norm","1Fam","Other",7,5,2003,2003,"Gable","CompShg","VinylSd","VinylSd","Other",196,"Other","TA","PConc","Gd","TA","No","GLQ",706,"Unf",0,150,856,"GasA","Ex","Y","SBrkr",856,854,0,1710,1,0,2,1,3,1,"Other",8,"Typ",0,"No fireplace","Attchd","RFn","2","TA","TA","Y",0,61,0,0,0,0,"No","No fence","None",0,2,2008,208500,61,3.5,5
"20","RL",75,9750,"Pave","No alley","Reg","Lvl","AllPub","Inside","Gtl","CollgCr","Norm","Norm","1Fam","1Story",7,5,2004,2004,"Gable","CompShg","VinylSd","VinylSd","Other",50,"Other","TA","PConc","Gd","TA","Other","GLQ",24,"Unf",0,1421,1445,"GasA","Ex","Y","SBrkr",1445,0,0,1445,0,0,2,0,3,1,"Other",6,"Typ",0,"No fireplace","Attchd","Unf","2","TA","TA","Y",0,35,0,0,0,0,"No","No fence","None",0,6,2008,186500,35,2,4
"20","RL",65,8450,"Pave","No alley","Reg","Lvl","AllPub","Inside","Gtl","CollgCr","Norm","Norm","1Fam","1Story",7,5,2004,2004,"Gable","CompShg","VinylSd","VinylSd","Other",266,"Other","TA","PConc","Gd","TA","Other","GLQ",946,"Unf",0,490,1436,"GasA","Ex","Y","SBrkr",1436,0,0,1436,1,0,2,0,3,1,"Other",8,"Typ",0,"No fireplace","Attchd","Unf","2","TA","TA","Y",139,98,0,0,0,0,"No","No fence","None",0,4,2008,210000,98,3,4
"60","RL",64,8320,"Pave","No alley","Reg","Lvl","AllPub","Inside","Gtl","CollgCr","Norm","Norm","1Fam","Other",7,5,2004,2004,"Gable","CompShg","VinylSd","VinylSd","None",0,"Other","TA","PConc","Gd","TA","No","GLQ",490,"Unf",0,280,770,"GasA","Ex","Y","SBrkr",770,812,0,1582,0,0,2,1,3,1,"Other",6,"Typ",0,"No fireplace","Attchd","RFn","2","TA","TA","Y",0,45,0,0,0,0,"No","No fence","None",0,9,2008,185900,45,2.5,4
"20","RL",85,11049,"Pave","No alley","Reg","Lvl","AllPub","Other","Gtl","CollgCr","Norm","Norm","1Fam","1Story",8,5,2007,2007,"Gable","CompShg","VinylSd","VinylSd","None",0,"Other","TA","PConc","Other","TA","Other","Unf",0,"Unf",0,1234,1234,"GasA","Ex","Y","SBrkr",1234,0,0,1234,0,0,2,0,3,1,"Other",7,"Typ",0,"No fireplace","Attchd","RFn","2","TA","TA","Y",0,30,0,0,0,0,"No","No fence","None",0,1,2008,179900,30,2,1
"20","RL",85,11058,"Pave","No alley","Reg","Lvl","AllPub","Other","Gtl","CollgCr","Norm","Norm","1Fam","1Story",7,6,2007,2007,"Gable","CompShg","VinylSd","VinylSd","Other",212,"Other","TA","PConc","Gd","TA","No","GLQ",56,"Unf",0,1508,1564,"GasA","Ex","Y","SBrkr",1564,0,0,1564,0,0,2,0,3,1,"Other",6,"Typ",0,"No fireplace","Attchd","RFn","Other","TA","TA","Y",0,24,0,0,0,0,"No","No fence","None",0,2,2008,218836,24,2,1
"20","RL",74,9627,"Pave","No alley","Reg","Lvl","AllPub","Inside","Gtl","CollgCr","Norm","Norm","1Fam","1Story",7,5,2007,2007,"Gable","CompShg","VinylSd","VinylSd","None",0,"Other","TA","PConc","Gd","TA","Other","GLQ",24,"Unf",0,1327,1351,"GasA","Ex","Y","SBrkr",1361,0,0,1361,0,0,2,0,3,1,"Other",6,"Typ",0,"No fireplace","Attchd","RFn","2","TA","TA","Y",0,50,0,0,0,0,"No","No fence","None",0,6,2008,193000,50,2,1
"60","RL",63,8199,"Pave","No alley","Reg","Lvl","AllPub","Inside","Gtl","CollgCr","Norm","Norm","1Fam","Other",7,5,2005,2005,"Gable","CompShg","WdShing","Wd Shng","None",0,"Other","TA","PConc","Gd","TA","Other","GLQ",648,"Unf",0,80,728,"GasA","Ex","Y","SBrkr",728,728,0,1456,1,0,2,1,3,1,"Other",7,"Typ",1,"Gd","Attchd","Fin","2","TA","TA","Y",36,18,0,0,0,0,"No","No fence","None",0,10,2008,189000,18,3.5,3
"120","Other",0,4426,"Pave","No alley","Reg","Lvl","AllPub","Inside","Gtl","CollgCr","Norm","Norm","Other","1Story",6,5,2004,2004,"Gable","CompShg","VinylSd","VinylSd","Other",147,"Other","TA","PConc","Gd","TA","Other","GLQ",697,"Unf",0,151,848,"GasA","Ex","Y","SBrkr",848,0,0,848,1,0,1,0,1,1,"Other",3,"Typ",1,"TA","Attchd","RFn","2","TA","TA","Y",149,0,0,0,0,0,"No","No fence","None",0,5,2008,149300,0,2,4
"120","Other",0,4426,"Pave","No alley","Reg","Lvl","AllPub","Inside","Gtl","CollgCr","Norm","Norm","Other","1Story",6,5,2004,2004,"Gable","CompShg","VinylSd","VinylSd","Other",147,"Other","TA","PConc","Gd","TA","Other","GLQ",697,"Unf",0,151,848,"GasA","Ex","Y","SBrkr",848,0,0,848,1,0,1,0,1,1,"Other",3,"Typ",1,"TA","Attchd","RFn","2","TA","TA","Y",149,0,0,0,0,0,"No","No fence","None",0,5,2008,141000,0,2,4
"120","Other",0,4438,"Pave","No alley","Reg","Lvl","AllPub","Inside","Gtl","CollgCr","Norm","Norm","Other","1Story",6,5,2004,2004,"Gable","CompShg","VinylSd","VinylSd","Other",205,"Other","TA","PConc","Gd","TA","Other","GLQ",662,"Unf",0,186,848,"GasA","Ex","Y","SBrkr",848,0,0,848,1,0,1,0,1,1,"Other",3,"Typ",1,"Gd","Attchd","RFn","2","TA","TA","Y",149,0,0,0,0,0,"No","No fence","None",0,1,2008,149000,0,2,4
"120","Other",0,4438,"Pave","No alley","Reg","Lvl","AllPub","Inside","Gtl","CollgCr","Norm","Norm","Other","1Story",6,5,2004,2004,"Gable","CompShg","VinylSd","VinylSd","Other",169,"Other","TA","PConc","Gd","TA","Other","GLQ",662,"Unf",0,186,848,"GasA","Ex","Y","SBrkr",848,0,0,848,1,0,1,0,1,1,"Other",4,"Typ",1,"Gd","Attchd","Fin","2","TA","TA","Y",140,0,0,0,0,0,"No","No fence","None",0,6,2008,144500,0,2,4
"30","RL",67,8777,"Pave","No alley","Reg","Lvl","AllPub","Inside","Gtl","Edwards","Other","Norm","1Fam","1Story",5,7,1910,1950,"Gable","CompShg","MetalSd","Wd Sdng","None",0,"TA","TA","CBlock","Other","TA","No","Unf",0,"Unf",0,796,796,"GasA","Other","Y","Other",796,0,0,796,0,0,1,0,2,1,"TA",4,"Typ",0,"No fireplace","Other","Other","Other","Other","Other","Other",328,0,164,0,0,0,"No","Other","None",0,5,2008,85000,164,1,58
"90","RL",67,8777,"Pave","No alley","Reg","Lvl","AllPub","Inside","Gtl","Edwards","Other","Norm","Other","Other",5,7,1900,2003,"Gable","CompShg","MetalSd","MetalSd","None",0,"TA","TA","CBlock","TA","TA","No","ALQ",1084,"Unf",0,188,1272,"GasA","Other","Y","SBrkr",1272,928,0,2200,2,0,2,2,4,2,"TA",9,"Typ",0,"No fireplace","Other","Other","Other","Other","Other","Other",0,70,0,0,0,0,"No","Other","None",0,9,2008,145900,70,5,5
"20","RL",75,9937,"Pave","No alley","Reg","Lvl","AllPub","Inside","Gtl","Edwards","Norm","Norm","1Fam","1Story",5,6,1965,1965,"Gable","CompShg","HdBoard","HdBoard","None",0,"Other","TA","CBlock","TA","TA","No","BLQ",830,"Other",290,136,1256,"GasA","Other","Y","SBrkr",1256,0,0,1256,1,0,1,1,3,1,"TA",6,"Typ",0,"No fireplace","Attchd","Fin","Other","TA","TA","Y",736,68,0,0,0,0,"No","No fence","None",0,6,2008,147500,68,2.5,43
"20","RL",65,6500,"Pave","No alley","Reg","Lvl","AllPub","Inside","Gtl","Edwards","Norm","Norm","1Fam","1Story",6,6,1976,1976,"Other","CompShg","HdBoard","Plywood","Other",84,"TA","TA","CBlock","TA","Other","No","BLQ",1033,"Unf",0,94,1127,"GasA","TA","Y","SBrkr",1127,0,0,1127,0,1,1,1,3,1,"TA",6,"Typ",1,"Other","Other","Unf","2","TA","TA","Y",0,0,138,0,0,0,"No","No fence","None",0,5,2008,135000,138,2,32
"30","RL",63,13907,"Pave","No alley","Reg","Lvl","AllPub","Inside","Gtl","Edwards","Norm","Norm","1Fam","1Story",5,6,1940,1969,"Gable","CompShg","WdShing","Wd Shng","None",0,"TA","TA","CBlock","TA","TA","No","BLQ",290,"Unf",0,706,996,"GasA","Ex","Y","SBrkr",996,0,0,996,1,0,1,0,3,1,"TA",6,"Typ",1,"Gd","Other","Other","Other","Other","Other","Y",144,0,0,0,0,0,"No","No fence","None",0,7,2008,108000,0,2,39
"85","RL",90,10012,"Pave","No alley","Reg","Lvl","AllPub","Inside","Gtl","Edwards","Norm","Norm","1Fam","Other",4,5,1972,1972,"Gable","CompShg","Plywood","Plywood","None",0,"TA","TA","CBlock","Gd","TA","Other","BLQ",920,"Other",180,38,1138,"GasA","TA","Y","SBrkr",1181,0,0,1181,1,0,2,0,3,1,"TA",6,"Typ",0,"No fireplace","Other","RFn","2","TA","TA","Y",0,0,180,0,0,0,"No","Other","None",0,4,2008,137500,180,3,36
"60","RL",60,6931,"Pave","No alley","Reg","Lvl","AllPub","Inside","Gtl","Edwards","Norm","Norm","1Fam","Other",7,5,2003,2004,"Gable","CompShg","VinylSd","VinylSd","Other",92,"Other","TA","PConc","Gd","TA","No","Unf",0,"Unf",0,746,746,"GasA","Ex","Y","SBrkr",760,896,0,1656,0,0,2,1,3,1,"Other",7,"Typ",1,"Gd","Other","Fin","2","TA","TA","Y",178,128,0,0,0,0,"No","No fence","None",0,7,2008,165400,128,2.5,4
"80","RL",0,9638,"Pave","No alley","Other","Lvl","AllPub","Other","Gtl","Edwards","Norm","Norm","1Fam","Other",6,6,1977,1977,"Other","CompShg","Plywood","Plywood","None",0,"TA","TA","CBlock","TA","TA","Other","ALQ",368,"Other",120,541,1029,"GasA","TA","Y","SBrkr",1117,0,0,1117,1,0,1,0,3,1,"TA",6,"Typ",1,"Other","Attchd","RFn","2","TA","TA","Y",292,0,0,0,0,0,"No","No fence","None",0,11,2008,147000,0,2,31
"60","RL",72,7200,"Pave","No alley","Reg","Lvl","AllPub","Inside","Gtl","Edwards","Norm","Norm","1Fam","Other",6,7,1976,2001,"Other","CompShg","Plywood","Plywood","None",0,"TA","TA","CBlock","TA","TA","Other","ALQ",288,"Unf",0,396,684,"GasA","TA","Y","SBrkr",684,714,0,1398,0,0,1,1,3,1,"TA",6,"Typ",1,"TA","Attchd","Fin","2","TA","TA","Y",0,0,0,0,0,0,"No","Other","None",0,2,2008,160500,0,1.5,7
"20","RL",60,7024,"Pave","No alley","Reg","Lvl","AllPub","Inside","Gtl","Edwards","Norm","Norm","1Fam","1Story",4,5,2005,2005,"Gable","CompShg","VinylSd","VinylSd","None",0,"TA","TA","PConc","Gd","TA","No","GLQ",1024,"Unf",0,108,1132,"GasA","Ex","Y","SBrkr",1132,0,0,1132,1,0,1,1,2,1,"Other",5,"Typ",0,"No fireplace","Attchd","Fin","2","TA","TA","Y",252,64,0,0,0,0,"No","No fence","None",0,6,2008,176000,64,2.5,3
"20","RL",123,47007,"Pave","No alley","Other","Lvl","AllPub","Inside","Gtl","Edwards","Norm","Norm","1Fam","1Story",5,7,1959,1996,"Gable","CompShg","Plywood","Plywood","None",0,"TA","TA","Other","Other","Other","Other","Other",0,"Other",0,0,0,"GasA","TA","Y","SBrkr",3820,0,0,3820,0,0,3,1,5,1,"Other",11,"Typ",2,"Gd","Attchd","Unf","2","TA","TA","Y",0,372,0,0,0,0,"No","No fence","None",0,7,2008,284700,372,3.5,12
"180","Other",35,3675,"Pave","No alley","Reg","Lvl","AllPub","Inside","Gtl","Edwards","Norm","Norm","Other","Other",6,5,2005,2005,"Gable","CompShg","VinylSd","VinylSd","Other",80,"TA","TA","PConc","Gd","TA","Other","GLQ",459,"Unf",0,88,547,"GasA","Ex","Y","SBrkr",1072,0,0,1072,1,0,1,0,2,1,"TA",5,"Typ",0,"No fireplace","Other","RFn","2","TA","TA","Y",0,28,0,0,0,0,"No","No fence","None",0,6,2008,148000,28,2,3
"90","RL",92,12108,"Pave","No alley","Reg","Lvl","AllPub","Inside","Gtl","Edwards","Norm","Norm","Other","1Story",4,4,1955,1955,"Gable","CompShg","VinylSd","VinylSd","Other",270,"TA","TA","CBlock","TA","TA","No","ALQ",133,"Unf",0,1307,1440,"GasA","TA","Other","Other",1440,0,0,1440,0,0,2,0,4,2,"Other",8,"Typ",0,"No fireplace","Other","Other","Other","Other","Other","Y",0,0,0,0,0,0,"No","No fence","None",0,9,2008,118000,0,2,53
"90","RL",74,6845,"Pave","No alley","Reg","Lvl","AllPub","Inside","Gtl","Edwards","Norm","Norm","Other","1Story",4,5,1955,1955,"Gable","CompShg","WdShing","Wd Shng","Other",58,"TA","TA","Other","Other","Other","Other","Other",0,"Other",0,0,0,"GasA","TA","Other","Other",1152,0,0,1152,0,0,2,0,2,2,"TA",6,"Typ",0,"No fireplace","Other","Other","Other","Other","Other","Other",0,0,0,0,0,0,"No","No fence","None",0,7,2008,82500,0,2,53
"190","RL",56,6931,"Pave","No alley","Reg","Lvl","AllPub","Inside","Gtl","Edwards","Norm","Norm","Other","1Story",4,5,1955,1955,"Other","CompShg","Wd Sdng","Wd Sdng","None",0,"TA","TA","CBlock","TA","TA","Other","ALQ",784,"Unf",0,0,784,"GasA","TA","Other","Other",784,0,0,784,1,0,1,0,2,1,"TA",4,"Typ",0,"No fireplace","Other","Other","Other","Other","Other","Y",112,0,0,0,0,0,"No","No fence","None",0,5,2008,91900,0,2,53
"50","RL",57,8050,"Pave","No alley","Reg","Lvl","AllPub","Inside","Gtl","Edwards","Norm","Norm","1Fam","Other",5,8,1947,1993,"Gable","CompShg","MetalSd","MetalSd","None",0,"TA","Other","Other","Other","Other","Other","Other",0,"Other",0,0,0,"GasA","Other","Y","SBrkr",929,208,0,1137,0,0,1,1,4,1,"TA",8,"Other",0,"No fireplace","Other","Other","Other","Other","Other","Y",0,0,0,0,0,0,"No","No fence","None",0,4,2008,96000,0,1.5,15
"20","RL",68,9520,"Pave","No alley","Reg","Other","AllPub","Inside","Other","Edwards","Norm","Norm","1Fam","1Story",4,5,1953,1953,"Gable","CompShg","MetalSd","MetalSd","Other",115,"TA","TA","CBlock","Gd","TA","No","Rec",767,"Unf",0,144,911,"GasA","TA","Y","SBrkr",930,0,0,930,0,0,1,0,2,1,"TA",5,"Typ",0,"No fireplace","Attchd","RFn","Other","TA","TA","Y",134,0,0,0,0,0,"No","Other","Other",3000,5,2008,99000,0,1,55
"50","RL",70,11767,"Pave","No alley","Reg","Lvl","AllPub","Inside","Gtl","Edwards","Norm","Norm","1Fam","Other",5,6,1946,1995,"Gable","CompShg","MetalSd","MetalSd","None",0,"TA","TA","CBlock","TA","TA","No","BLQ",352,"Unf",0,416,768,"GasA","Ex","Y","SBrkr",768,432,0,1200,0,0,1,0,3,1,"TA",6,"Typ",0,"No fireplace","Other","Unf","Other","TA","TA","Y",0,0,0,0,0,0,"No","No fence","None",0,5,2008,130500,0,1,13
"50","RL",60,8172,"Pave","No alley","Reg","Lvl","AllPub","Inside","Gtl","Edwards","Norm","Norm","1Fam","Other",4,6,1954,1972,"Gable","CompShg","MetalSd","MetalSd","None",0,"TA","TA","PConc","TA","TA","No","Unf",0,"Unf",0,941,941,"GasA","Ex","Y","SBrkr",997,473,0,1470,0,0,2,0,4,1,"TA",7,"Typ",0,"No fireplace","Other","Unf","Other","TA","TA","Y",0,0,0,0,156,0,"No","No fence","None",0,5,2008,135000,156,2,36
"50","RL",59,16466,"Pave","No alley","Other","Lvl","AllPub","Inside","Gtl","Edwards","Norm","Norm","1Fam","Other",5,7,1955,1955,"Gable","CompShg","MetalSd","MetalSd","None",0,"TA","Other","PConc","TA","TA","No","Unf",0,"Unf",0,816,816,"GasA","TA","Y","SBrkr",872,521,0,1393,0,0,1,1,3,1,"TA",8,"Typ",0,"No fireplace","Attchd","Unf","Other","TA","TA","Y",121,0,0,0,265,0,"No","No fence","None",0,4,2008,135500,265,1.5,53
"30","RL",67,5142,"Pave","No alley","Reg","Lvl","AllPub","Inside","Gtl","Edwards","Norm","Norm","1Fam","Other",4,7,1923,2008,"Gable","CompShg","Wd Sdng","Wd Sdng","None",0,"TA","TA","PConc","TA","TA","No","ALQ",224,"Unf",0,725,949,"GasA","TA","Y","SBrkr",949,343,0,1292,0,0,1,1,3,1,"Other",6,"Typ",0,"No fireplace","Other","Unf","Other","TA","TA","Other",0,0,183,0,0,0,"No","No fence","None",0,6,2008,108000,183,1.5,0
"30","RL",67,5604,"Pave","No alley","Reg","Lvl","AllPub","Inside","Gtl","Edwards","Norm","Norm","1Fam","1Story",5,6,1925,1950,"Gable","CompShg","Stucco","Stucco","None",0,"TA","TA","CBlock","TA","TA","No","Rec",468,"Unf",0,396,864,"GasA","TA","Other","Other",864,0,0,864,1,0,1,0,2,1,"TA",5,"Typ",0,"No fireplace","Other","Other","Other","Other","Other","Y",0,0,96,0,0,0,"No","No fence","None",0,4,2008,98000,96,2,58
"30","RL",45,8248,"Pave","Other","Reg","Lvl","AllPub","Inside","Gtl","Edwards","Norm","Norm","1Fam","1Story",3,3,1914,1950,"Gable","CompShg","Stucco","Stucco","None",0,"TA","TA","Other","TA","TA","No","BLQ",41,"Unf",0,823,864,"GasA","TA","Other","Other",864,0,0,864,1,0,1,0,2,1,"TA",5,"Typ",0,"No fireplace","Other","Other","Other","Other","Other","Other",0,0,100,0,0,0,"No","No fence","None",0,9,2008,67000,100,2,58
"190","RL",55,5687,"Pave","Other","Reg","Other","AllPub","Inside","Gtl","SWISU","Norm","Norm","Other","Other",5,6,1912,2000,"Gable","CompShg","VinylSd","VinylSd","None",0,"TA","Other","PConc","TA","Other","No","Rec",210,"Unf",0,570,780,"GasA","Ex","Other","SBrkr",936,780,0,1716,1,0,2,0,6,1,"Other",9,"Typ",0,"No fireplace","Other","Other","Other","Other","Other","Other",0,184,0,0,0,0,"No","No fence","None",0,3,2008,135900,184,3,8
"70","Other",0,12155,"Pave","No alley","Other","Lvl","AllPub","Inside","Gtl","SWISU","Norm","Norm","1Fam","Other",6,8,1925,1950,"Gable","CompShg","Wd Sdng","Wd Sdng","None",0,"TA","TA","Other","TA","TA","No","BLQ",156,"Unf",0,516,672,"GasA","TA","Other","SBrkr",810,672,0,1482,0,0,2,0,4,1,"Other",7,"Typ",0,"No fireplace","Other","Unf","Other","TA","TA","Other",0,0,254,0,0,0,"No","No fence","None",0,3,2008,140000,254,2,58
"75","RL",60,8400,"Pave","No alley","Reg","Other","AllPub","Inside","Other","SWISU","Norm","Norm","1Fam","Other",5,8,1939,1997,"Gable","CompShg","Wd Sdng","Wd Sdng","None",0,"TA","TA","PConc","TA","TA","No","Other",378,"Unf",0,342,720,"GasA","Ex","Y","SBrkr",1052,720,420,2192,0,0,2,1,4,1,"Other",8,"Typ",1,"Gd","Other","Unf","Other","TA","TA","Y",262,24,0,0,0,0,"No","No fence","None",0,7,2008,179500,24,2.5,11
"50","RL",60,8400,"Pave","No alley","Reg","Other","AllPub","Inside","Gtl","SWISU","Norm","Norm","1Fam","Other",6,5,1925,1950,"Gable","CompShg","MetalSd","MetalSd","None",0,"TA","TA","PConc","TA","TA","No","Rec",423,"Unf",0,758,1181,"GasA","Other","Y","SBrkr",1390,304,0,1694,0,0,2,0,4,1,"TA",7,"Typ",1,"Gd","Other","Unf","2","TA","TA","Y",342,0,128,0,0,0,"No","No fence","None",0,6,2008,136500,128,2,58
"30","RL",60,7290,"Pave","No alley","Reg","Lvl","AllPub","Other","Gtl","SWISU","Norm","Norm","1Fam","1Story",7,8,1921,1950,"Gable","CompShg","WdShing","Wd Shng","Other",174,"TA","TA","Other","TA","TA","No","Unf",0,"Unf",0,1228,1228,"GasA","Ex","Y","SBrkr",1424,0,0,1424,0,0,2,0,2,1,"TA",7,"Typ",1,"Gd","Attchd","Unf","Other","TA","TA","Y",0,0,90,0,0,0,"No","No fence","None",0,4,2008,168000,90,2,58
"70","RL",51,9842,"Pave","No alley","Reg","Lvl","AllPub","Inside","Gtl","SWISU","Other","Norm","1Fam","Other",5,6,1921,1998,"Gable","CompShg","MetalSd","Wd Sdng","None",0,"TA","TA","Other","TA","Other","No","Unf",0,"Unf",0,612,612,"GasA","Ex","Y","SBrkr",990,1611,0,2601,0,0,3,1,4,1,"TA",8,"Typ",0,"No fireplace","Other","RFn","2","TA","TA","Y",183,0,301,0,0,0,"No","No fence","None",0,5,2008,189000,301,3.5,10
"70","RL",66,8969,"Pave","No alley","Reg","Other","AllPub","Inside","Gtl","Crawfor","Norm","Norm","1Fam","Other",6,6,1926,1950,"Other","CompShg","Wd Sdng","Wd Sdng","None",0,"TA","TA","Other","TA","TA","No","BLQ",379,"Unf",0,265,644,"GasA","Ex","Y","SBrkr",672,644,0,1316,1,0,1,0,2,1,"TA",6,"Typ",1,"Gd","Other","Unf","Other","TA","TA","Other",0,0,0,0,192,0,"No","Other","None",0,7,2008,145000,192,2,58
"70","RL",79,11526,"Pave","No alley","Other","Other","AllPub","Inside","Other","Crawfor","Norm","Norm","1Fam","Other",6,7,1922,1994,"Gable","CompShg","MetalSd","MetalSd","None",0,"TA","TA","Other","Other","TA","No","Unf",0,"Unf",0,588,588,"GasA","Other","Y","SBrkr",1423,748,384,2555,0,0,2,0,3,1,"TA",11,"Other",1,"Gd","Other","Fin","2","TA","TA","Y",431,0,0,0,0,0,"No","No fence","None",0,9,2008,191000,0,2,14
"70","RL",63,15576,"Pave","No alley","Reg","Lvl","AllPub","Inside","Gtl","Crawfor","Norm","Norm","1Fam","Other",6,7,1915,1976,"Gable","CompShg","Wd Sdng","Plywood","None",0,"TA","TA","Other","Gd","TA","No","Unf",0,"Unf",0,840,840,"GasA","Ex","Y","SBrkr",840,840,0,1680,0,0,2,0,4,1,"TA",8,"Typ",0,"No fireplace","Attchd","Unf","Other","TA","TA","Y",0,0,160,0,0,0,"No","No fence","None",0,3,2008,177000,160,2,32
"50","RL",63,15564,"Pave","No alley","Reg","Lvl","AllPub","Inside","Gtl","Crawfor","Norm","Norm","1Fam","Other",6,6,1914,1995,"Gable","CompShg","Wd Sdng","Wd Shng","None",0,"TA","TA","Other","Gd","TA","No","Unf",0,"Unf",0,676,676,"GasA","Ex","Y","SBrkr",676,588,0,1264,0,0,1,0,3,1,"TA",6,"Typ",0,"No fireplace","Other","Unf","2","TA","TA","Y",424,0,0,0,0,0,"No","No fence","Other",400,1,2008,147500,0,1,13
"30","RL",52,6292,"Pave","No alley","Reg","Other","AllPub","Inside","Gtl","SWISU","Norm","Norm","1Fam","1Story",6,5,1930,1950,"Gable","CompShg","Wd Sdng","Wd Sdng","None",0,"TA","TA","Other","Gd","TA","Other","Rec",384,"Unf",0,384,768,"GasA","TA","Other","SBrkr",790,0,0,790,0,0,1,0,2,1,"TA",4,"Typ",0,"No fireplace","Other","Unf","Other","Other","TA","Y",0,141,0,0,0,0,"No","No fence","None",0,4,2008,91000,141,1,58
"70","RL",54,7609,"Pave","No alley","Reg","Lvl","AllPub","Other","Gtl","Crawfor","Norm","Norm","1Fam","Other",8,9,1925,1997,"Gable","CompShg","Stucco","Stucco","None",0,"Other","Other","PConc","Other","TA","No","ALQ",406,"Unf",0,392,798,"GasA","Ex","Y","SBrkr",798,714,0,1512,1,0,2,0,3,1,"Other",7,"Typ",1,"Gd","Other","Unf","Other","TA","TA","Other",85,16,41,0,0,0,"No","Other","None",0,6,2008,231000,57,3,11
"50","RL",51,10480,"Pave","No alley","Reg","Lvl","AllPub","Inside","Gtl","SWISU","Norm","Norm","1Fam","Other",6,5,1936,1950,"Gable","CompShg","MetalSd","MetalSd","None",0,"TA","TA","Other","TA","TA","No","Unf",0,"Unf",0,1064,1064,"GasA","Ex","Y","Other",1166,0,473,1639,0,0,1,0,3,1,"TA",6,"Other",0,"No fireplace","Other","Unf","Other","TA","TA","Y",0,0,0,0,0,0,"No","No fence","None",0,3,2008,115000,0,1,58
"70","RL",0,9650,"Pave","No alley","Other","Other","AllPub","Other","Gtl","Crawfor","Norm","Norm","1Fam","Other",6,3,1923,1950,"Other","CompShg","Wd Sdng","Plywood","None",0,"TA","TA","Other","TA","TA","No","Unf",0,"Unf",0,784,784,"GasA","TA","Y","SBrkr",819,784,0,1603,0,0,1,0,4,1,"TA",7,"Typ",1,"Gd","Attchd","Unf","2","TA","TA","Y",0,217,0,0,0,0,"No","No fence","None",0,6,2008,138000,217,1,58
"70","RL",60,7200,"Pave","No alley","Reg","Other","AllPub","Inside","Other","Crawfor","Norm","Norm","1Fam","Other",7,6,1931,2000,"Gable","CompShg","Stucco","Wd Shng","None",0,"TA","Other","Other","Gd","TA","No","Unf",0,"Unf",0,776,776,"GasA","TA","Y","SBrkr",851,651,0,1502,0,0,1,1,3,1,"TA",6,"Typ",1,"Gd","Attchd","RFn","Other","TA","TA","Other",0,0,112,0,0,0,"No","Other","None",0,2,2008,149000,112,1.5,8
"70","RL",74,11988,"Pave","No alley","Other","Other","AllPub","Inside","Other","Crawfor","Norm","Norm","1Fam","Other",6,7,1934,1995,"Other","CompShg","Stucco","Stucco","None",0,"TA","TA","CBlock","TA","TA","No","Other",326,"Unf",0,389,715,"GasA","Other","Y","Other",849,811,0,1660,0,0,1,1,3,1,"TA",6,"Typ",1,"Gd","Other","Unf","Other","TA","TA","Y",0,0,0,0,0,0,"No","No fence","None",0,8,2008,188700,0,1.5,13
"50","RL",0,11700,"Pave","Other","Other","Other","AllPub","Inside","Other","Crawfor","Norm","Norm","1Fam","Other",5,6,1937,1995,"Gable","CompShg","WdShing","Wd Shng","None",0,"TA","TA","CBlock","TA","TA","No","BLQ",606,"Unf",0,336,942,"GasA","Ex","Y","SBrkr",1265,673,0,1938,0,0,2,0,4,1,"Other",7,"Other",1,"Gd","Other","Unf","Other","TA","TA","Y",0,40,0,0,0,0,"No","No fence","None",0,7,2008,198000,40,2,13
"50","RL",0,9260,"Pave","Other","Other","Other","AllPub","Inside","Gtl","Crawfor","Other","Norm","1Fam","Other",5,4,1938,1950,"Gable","CompShg","Wd Sdng","Wd Sdng","None",0,"TA","TA","Other","TA","TA","No","Unf",0,"Unf",0,884,884,"GasA","TA","Y","Other",932,442,0,1374,0,0,1,0,3,1,"TA",6,"Typ",0,"No fireplace","Other","Unf","Other","TA","TA","Y",64,0,0,0,100,0,"No","No fence","None",0,3,2008,110000,100,1,58
"20","RL",79,7801,"Pave","No alley","Other","Lvl","AllPub","Other","Gtl","Crawfor","Other","Norm","1Fam","1Story",6,5,1951,1951,"Other","CompShg","WdShing","Plywood","Other",88,"TA","Other","PConc","TA","TA","No","Rec",500,"Unf",0,591,1091,"GasA","Other","Other","Other",1091,0,0,1091,0,1,1,0,2,1,"TA",5,"Typ",1,"TA","Attchd","Fin","Other","TA","TA","Y",66,105,0,0,221,0,"No","Other","None",0,5,2008,104000,326,1.5,57
"50","RL",0,14100,"Pave","No alley","Other","Lvl","AllPub","Inside","Other","Crawfor","Norm","Norm","1Fam","Other",8,9,1935,1997,"Gable","CompShg","Stucco","Stucco","Other",632,"TA","Other","CBlock","TA","TA","Other","Rec",192,"Unf",0,536,728,"GasA","Ex","Y","SBrkr",1968,1479,0,3447,0,0,3,1,4,1,"Other",11,"Typ",2,"Gd","Other","Unf","Other","TA","TA","Y",314,12,0,0,0,0,"No","Other","None",0,5,2008,381000,12,3.5,11
"50","RL",0,15660,"Pave","No alley","Other","Lvl","AllPub","Other","Gtl","Crawfor","Norm","Norm","1Fam","Other",7,9,1939,2006,"Gable","CompShg","VinylSd","VinylSd","Other",312,"Other","Other","CBlock","TA","TA","No","BLQ",341,"Unf",0,457,798,"GasA","Ex","Y","SBrkr",1137,817,0,1954,0,1,1,1,3,1,"Other",8,"Typ",2,"TA","Attchd","Unf","2","TA","TA","Y",0,119,150,0,0,0,"No","No fence","None",0,5,2008,311500,269,2,2
"50","RL",70,12392,"Pave","No alley","Reg","Other","AllPub","Inside","Gtl","Crawfor","Norm","Norm","1Fam","Other",7,9,1950,2000,"Gable","CompShg","VinylSd","VinylSd","None",0,"TA","Other","CBlock","TA","Other","No","GLQ",435,"Unf",0,397,832,"GasA","Ex","Y","SBrkr",1218,943,0,2161,1,0,2,1,3,1,"Other",8,"Typ",2,"TA","Attchd","Fin","2","TA","TA","Y",0,96,0,0,0,0,"No","No fence","None",0,4,2008,263400,96,3.5,8
"20","RL",56,26073,"Pave","No alley","Other","Lvl","AllPub","Other","Gtl","Crawfor","Norm","Norm","1Fam","1Story",5,5,1956,1956,"Gable","CompShg","BrkFace","MetalSd","None",0,"TA","TA","PConc","TA","TA","No","Rec",1116,"Unf",0,782,1898,"GasA","Ex","Y","Other",1898,0,0,1898,0,0,2,1,3,1,"TA",7,"Typ",2,"TA","Attchd","Unf","2","TA","TA","Y",0,51,224,0,0,0,"No","Other","None",0,4,2008,236500,275,2.5,52
"20","RL",0,14778,"Pave","No alley","Other","Other","AllPub","Other","Gtl","Crawfor","Other","Norm","1Fam","1Story",6,7,1954,2006,"Other","CompShg","HdBoard","HdBoard","Other",72,"Other","TA","CBlock","TA","TA","No","BLQ",728,"Unf",0,568,1296,"GasA","Ex","Y","SBrkr",1640,0,0,1640,1,0,1,0,3,1,"Other",7,"Typ",1,"Gd","Other","Unf","2","TA","TA","Y",108,0,0,216,0,0,"No","No fence","None",0,11,2008,224000,216,2,2
"160","Other",24,1879,"Pave","No alley","Reg","Lvl","AllPub","Other","Gtl","Other","Norm","Norm","Other","Other",6,6,1980,1980,"Gable","CompShg","MetalSd","MetalSd","None",0,"TA","TA","CBlock","Gd","TA","No","GLQ",366,"Unf",0,150,516,"GasA","TA","Y","SBrkr",516,516,0,1032,0,0,1,0,2,1,"TA",5,"Typ",1,"TA","Other","Unf","2","TA","TA","Y",213,0,0,0,0,0,"No","Other","None",0,12,2008,116500,0,1,28
"160","Other",24,1950,"Pave","No alley","Reg","Lvl","AllPub","Inside","Gtl","Other","Norm","Norm","Other","Other",6,6,1980,1980,"Gable","CompShg","MetalSd","MetalSd","None",0,"TA","Other","CBlock","Gd","TA","No","Other",81,"Other",612,23,716,"GasA","TA","Y","SBrkr",716,840,0,1556,1,0,2,1,3,1,"TA",6,"Typ",1,"TA","Attchd","Fin","2","TA","TA","Y",161,0,0,0,0,0,"No","Other","None",0,7,2008,151000,0,3.5,28
"30","Other",50,7000,"Pave","No alley","Reg","Lvl","AllPub","Inside","Gtl","IDOTRR","Norm","Norm","1Fam","1Story",6,8,1926,1998,"Gable","CompShg","VinylSd","VinylSd","None",0,"TA","Other","Other","TA","TA","No","Rec",299,"Other",40,555,894,"GasA","TA","Y","SBrkr",919,0,0,919,1,0,1,0,2,1,"TA",5,"Typ",0,"No fireplace","Other","Unf","Other","TA","TA","Other",0,0,116,0,0,0,"No","Other","None",0,7,2008,126000,116,2,10
"50","Other",60,6000,"Pave","No alley","Reg","Lvl","AllPub","Inside","Gtl","IDOTRR","Norm","Norm","1Fam","Other",6,8,1940,2006,"Gable","CompShg","VinylSd","VinylSd","None",0,"TA","TA","CBlock","Other","TA","No","Unf",0,"Unf",0,720,720,"GasA","Other","Y","SBrkr",760,330,0,1090,0,0,1,0,3,1,"TA",5,"Typ",0,"No fireplace","Other","Unf","Other","TA","TA","Y",0,0,0,0,0,0,"No","No fence","None",0,7,2008,120000,0,1,2
"30","Other",40,3636,"Pave","No alley","Reg","Lvl","AllPub","Inside","Gtl","IDOTRR","Norm","Norm","1Fam","1Story",4,4,1922,1950,"Gable","CompShg","AsbShng","AsbShng","None",0,"TA","TA","Other","TA","Other","No","Unf",0,"Unf",0,796,796,"GasA","Other","Other","SBrkr",796,0,0,796,0,0,1,0,2,1,"TA",5,"Typ",0,"No fireplace","Other","Other","Other","Other","Other","Other",0,0,100,0,0,0,"No","Other","None",0,1,2008,55000,100,1,58
"30","Other",0,5890,"Pave","No alley","Reg","Lvl","AllPub","Other","Gtl","IDOTRR","Norm","Norm","1Fam","1Story",6,8,1930,2007,"Gable","CompShg","Wd Sdng","Wd Sdng","None",0,"Other","Other","Other","TA","TA","Other","ALQ",538,"Unf",0,278,816,"GasA","Ex","Y","SBrkr",816,0,0,816,0,0,1,0,2,1,"TA",5,"Typ",0,"No fireplace","Other","Unf","Other","TA","TA","Y",0,0,96,0,0,0,"No","No fence","None",0,6,2008,120500,96,1,1
"30","Other",71,6900,"Pave","No alley","Reg","Lvl","AllPub","Inside","Gtl","IDOTRR","Norm","Norm","1Fam","1Story",5,6,1940,1955,"Gable","CompShg","VinylSd","VinylSd","None",0,"TA","TA","CBlock","TA","TA","No","ALQ",403,"Other",125,212,740,"GasA","Ex","Y","SBrkr",778,0,0,778,0,0,1,0,2,1,"TA",4,"Typ",1,"Gd","Other","Fin","Other","Other","Other","Y",0,25,0,0,0,0,"No","No fence","None",0,2,2008,120500,25,1,53
"50","Other",58,8155,"Pave","No alley","Reg","Lvl","AllPub","Inside","Gtl","IDOTRR","Norm","Norm","1Fam","Other",5,7,1930,1950,"Gable","CompShg","Wd Sdng","Wd Sdng","None",0,"TA","TA","CBlock","Gd","TA","No","Unf",0,"Unf",0,780,780,"GasA","Other","Y","Other",780,420,0,1200,0,0,1,0,4,1,"TA",7,"Typ",0,"No fireplace","Other","Other","Other","Other","Other","Y",0,0,96,0,0,0,"No","No fence","None",0,7,2008,119000,96,1,58
"80","Other",75,6000,"Pave","No alley","Reg","Lvl","AllPub","Inside","Gtl","IDOTRR","Norm","Norm","1Fam","Other",5,5,1967,1967,"Other","CompShg","HdBoard","Plywood","None",0,"Other","TA","CBlock","Gd","TA","Other","Rec",257,"Unf",0,367,624,"GasA","Ex","Y","SBrkr",1092,564,0,1656,0,0,1,1,3,1,"TA",7,"Other",1,"Other","Attchd","Unf","Other","TA","TA","Y",0,180,0,0,100,0,"No","Other","None",0,7,2008,126000,280,1.5,41
"30","Other",60,7392,"Pave","No alley","Reg","Lvl","AllPub","Inside","Gtl","IDOTRR","Norm","Norm","1Fam","1Story",5,7,1930,1995,"Gable","CompShg","Wd Sdng","Wd Sdng","None",0,"TA","TA","Other","TA","TA","No","Unf",0,"Unf",0,520,520,"GasA","TA","Y","Other",912,0,0,912,0,0,1,0,2,1,"TA",5,"Typ",0,"No fireplace","Other","RFn","Other","TA","TA","Y",0,90,0,0,0,0,"No","No fence","None",0,5,2008,99500,90,1,13
"50","Other",75,9000,"Pave","No alley","Reg","Lvl","AllPub","Inside","Gtl","IDOTRR","Norm","Norm","1Fam","Other",5,5,1958,1958,"Gable","CompShg","WdShing","Wd Shng","Other",162,"TA","TA","CBlock","TA","TA","No","ALQ",330,"Unf",0,821,1151,"GasA","Other","Y","Other",1151,804,0,1955,0,0,2,0,4,1,"TA",7,"Typ",0,"No fireplace","Attchd","Fin","Other","TA","TA","Y",0,0,0,0,0,0,"No","No fence","None",0,1,2008,165500,0,2,50
"120","Other",44,3811,"Pave","No alley","Other","Other","AllPub","Inside","Other","Crawfor","Norm","Norm","Other","1Story",7,5,2004,2005,"Other","CompShg","CemntBd","CmentBd","Other",174,"Other","TA","PConc","Other","TA","Other","GLQ",1474,"Unf",0,120,1594,"GasA","Ex","Y","SBrkr",1646,0,0,1646,1,1,2,0,2,1,"Other",5,"Typ",1,"Gd","Attchd","Fin","2","TA","TA","Y",128,53,0,0,155,0,"No","No fence","None",0,7,2008,250000,208,3.5,3
"120","Other",44,3842,"Pave","No alley","Other","Other","AllPub","Inside","Other","Crawfor","Norm","Norm","Other","1Story",8,5,2004,2005,"Other","CompShg","CemntBd","CmentBd","Other",174,"Other","TA","PConc","Other","TA","Other","GLQ",1373,"Unf",0,221,1594,"GasA","Ex","Y","SBrkr",1646,0,0,1646,1,1,2,0,2,1,"Other",5,"Typ",1,"Gd","Attchd","Fin","2","TA","TA","Y",128,53,0,0,155,0,"No","No fence","None",0,1,2008,275000,208,3.5,3
"20","RL",0,23730,"Pave","No alley","Other","Lvl","AllPub","Inside","Gtl","Mitchel","Norm","Norm","1Fam","1Story",7,5,1996,1997,"Gable","CompShg","MetalSd","MetalSd","Other",668,"Other","TA","PConc","Other","TA","Other","GLQ",700,"Unf",0,1140,1840,"GasA","Ex","Y","SBrkr",2032,0,0,2032,1,0,3,0,3,1,"Other",7,"Typ",0,"No fireplace","Attchd","Fin","Other","TA","TA","Y",0,46,192,0,0,0,"No","No fence","None",0,9,2008,300000,238,4,11
"20","RL",0,13265,"Pave","No alley","Other","Lvl","AllPub","Other","Gtl","Mitchel","Norm","Norm","1Fam","1Story",8,5,2002,2002,"Other","CompShg","CemntBd","CmentBd","Other",148,"Other","TA","PConc","Gd","TA","No","GLQ",1218,"Unf",0,350,1568,"GasA","Ex","Y","SBrkr",1689,0,0,1689,1,0,2,0,3,1,"Other",7,"Typ",2,"Gd","Attchd","RFn","Other","TA","TA","Y",150,59,0,0,0,0,"No","No fence","None",0,7,2008,271000,59,3,6
"60","RL",0,11050,"Pave","No alley","Reg","Lvl","AllPub","Inside","Gtl","Mitchel","Norm","Norm","1Fam","Other",7,5,1996,1997,"Gable","CompShg","VinylSd","VinylSd","None",0,"TA","TA","PConc","Gd","TA","Other","Unf",0,"Unf",0,910,910,"GasA","Ex","Y","SBrkr",910,910,0,1820,0,0,2,1,3,1,"Other",8,"Typ",1,"TA","Attchd","Unf","Other","TA","TA","Y",318,32,0,0,0,0,"No","No fence","None",0,9,2008,213000,32,2.5,11
"80","RL",76,9880,"Pave","No alley","Reg","Lvl","AllPub","Inside","Gtl","Mitchel","Norm","Norm","1Fam","Other",6,6,1977,1977,"Gable","CompShg","Plywood","Plywood","None",0,"TA","TA","CBlock","TA","TA","Other","ALQ",522,"Unf",0,574,1096,"GasA","TA","Y","SBrkr",1118,0,0,1118,1,0,1,0,3,1,"TA",6,"Typ",1,"Other","Attchd","Fin","Other","TA","TA","Y",203,0,0,0,0,576,"Other","Other","None",0,7,2008,171000,0,2,31
"20","RL",75,10125,"Pave","No alley","Reg","Lvl","AllPub","Inside","Gtl","Mitchel","Norm","Norm","1Fam","1Story",6,6,1977,1977,"Gable","CompShg","Plywood","Plywood","None",0,"TA","TA","CBlock","TA","TA","No","ALQ",641,"Other",279,276,1196,"GasA","TA","Y","SBrkr",1279,0,0,1279,0,1,2,0,3,1,"TA",6,"Typ",2,"Other","Other","Unf","2","TA","TA","Y",238,83,0,0,0,0,"No","Other","None",0,2,2008,171500,83,2.5,31
"20","RL",74,9990,"Pave","No alley","Reg","Lvl","AllPub","Inside","Gtl","Mitchel","Norm","Norm","1Fam","1Story",4,5,1991,1991,"Gable","CompShg","HdBoard","HdBoard","None",0,"TA","TA","PConc","Gd","TA","No","ALQ",1383,"Unf",0,297,1680,"GasA","Other","Y","SBrkr",1689,0,0,1689,1,0,2,0,3,1,"TA",6,"Typ",1,"TA","Attchd","Unf","2","TA","TA","Y",428,120,0,0,0,0,"No","No fence","None",0,7,2008,228500,120,3,17
"190","RL",0,164660,"Other","No alley","Other","Other","AllPub","Other","Other","Timber","Norm","Norm","Other","Other",5,6,1965,1965,"Gable","CompShg","Plywood","Plywood","None",0,"TA","TA","CBlock","TA","TA","Other","ALQ",1249,"Other",147,103,1499,"GasA","Ex","Y","SBrkr",1619,167,0,1786,2,0,2,0,3,1,"TA",7,"Typ",2,"Gd","Attchd","Fin","2","TA","TA","Y",670,0,0,0,0,0,"No","No fence","Other",700,8,2008,228950,0,4,43
"120","RL",42,4084,"Pave","No alley","Other","Lvl","AllPub","Inside","Gtl","Timber","Norm","Norm","Other","1Story",7,6,1986,1986,"Gable","CompShg","VinylSd","VinylSd","Other",340,"Other","TA","CBlock","Gd","TA","Other","GLQ",893,"Unf",0,384,1277,"GasA","Other","Y","SBrkr",1501,0,0,1501,1,0,2,0,2,1,"Other",6,"Typ",1,"TA","Attchd","Fin","2","TA","TA","Y",240,0,0,0,0,0,"No","No fence","None",0,7,2008,241500,0,3,22
"20","RL",74,11563,"Pave","No alley","Other","Other","AllPub","Inside","Gtl","Timber","Norm","Norm","1Fam","1Story",8,5,2006,2007,"Other","CompShg","VinylSd","VinylSd","Other",258,"Other","TA","PConc","Other","TA","Other","GLQ",1036,"Unf",0,482,1518,"GasA","Ex","Y","SBrkr",1537,0,0,1537,1,0,2,0,3,1,"Other",8,"Typ",0,"No fireplace","Attchd","Fin","Other","TA","TA","Y",0,26,0,0,0,0,"No","No fence","None",0,4,2008,294000,26,3,1
"80","RL",73,9802,"Pave","No alley","Reg","Lvl","AllPub","Inside","Gtl","Timber","Norm","Norm","1Fam","Other",5,5,2006,2007,"Gable","CompShg","VinylSd","VinylSd","None",0,"TA","TA","PConc","Gd","TA","No","Unf",0,"Unf",0,352,352,"GasA","Other","Y","SBrkr",712,730,0,1442,0,0,2,1,3,1,"TA",6,"Typ",0,"No fireplace","Other","Fin","2","TA","TA","Y",100,0,0,0,0,0,"No","No fence","None",0,4,2008,172500,0,2.5,1
"80","RL",73,9735,"Pave","No alley","Reg","Lvl","AllPub","Inside","Gtl","Timber","Norm","Norm","1Fam","Other",5,5,2006,2007,"Gable","CompShg","VinylSd","VinylSd","None",0,"TA","TA","PConc","Gd","TA","No","Unf",0,"Unf",0,384,384,"GasA","Other","Y","SBrkr",754,640,0,1394,0,0,2,1,3,1,"Other",7,"Typ",0,"No fireplace","Other","Fin","2","TA","TA","Y",100,0,0,0,0,0,"No","No fence","None",0,5,2008,167500,0,2.5,1
"20","RL",75,12890,"Pave","No alley","Other","Lvl","AllPub","Inside","Gtl","Timber","Norm","Norm","1Fam","1Story",6,5,1989,1989,"Gable","CompShg","Wd Sdng","Wd Sdng","Other",128,"TA","TA","CBlock","Gd","TA","No","Unf",0,"Unf",0,1495,1495,"GasA","Ex","Y","SBrkr",1495,0,0,1495,0,0,2,0,3,1,"TA",8,"Typ",1,"TA","Attchd","Unf","2","TA","TA","Y",252,0,192,0,0,0,"No","No fence","None",0,7,2008,150000,192,2,19
"20","RL",47,12416,"Pave","No alley","Other","Lvl","AllPub","Inside","Gtl","Timber","Norm","Norm","1Fam","1Story",6,5,1986,1986,"Gable","CompShg","VinylSd","Plywood","Other",132,"TA","TA","CBlock","Gd","Other","No","ALQ",1398,"Other",208,0,1606,"GasA","TA","Y","SBrkr",1651,0,0,1651,1,0,2,0,3,1,"TA",7,"Other",1,"TA","Attchd","Fin","2","TA","TA","Y",192,0,0,0,0,0,"No","No fence","None",0,11,2008,184000,0,3,22
"20","RL",93,18265,"Pave","No alley","Reg","Lvl","AllPub","Other","Gtl","Timber","Norm","Norm","1Fam","1Story",6,5,1986,1986,"Gable","CompShg","Plywood","HdBoard","Other",228,"Other","Other","CBlock","Gd","Other","Other","GLQ",920,"Other",60,276,1256,"GasA","Ex","Y","SBrkr",1256,0,0,1256,0,0,2,0,3,1,"Other",6,"Typ",1,"Other","Attchd","Unf","2","TA","TA","Y",282,0,0,0,0,0,"No","No fence","None",0,3,2008,180000,0,2,22
"20","RL",82,11202,"Pave","No alley","Other","Lvl","AllPub","Inside","Gtl","Timber","Norm","Norm","1Fam","1Story",8,5,2003,2003,"Other","CompShg","VinylSd","VinylSd","Other",206,"Other","TA","PConc","Other","TA","Other","GLQ",1029,"Unf",0,403,1432,"GasA","Ex","Y","SBrkr",1440,0,0,1440,1,0,2,0,3,1,"Other",7,"Typ",1,"TA","Attchd","Fin","2","TA","TA","Y",185,95,0,0,0,0,"No","No fence","None",0,6,2008,232500,95,3,5
"20","RL",0,7915,"Pave","No alley","Other","Lvl","AllPub","Inside","Gtl","Timber","Norm","Norm","1Fam","1Story",6,5,1999,2000,"Other","CompShg","VinylSd","VinylSd","None",0,"Other","TA","PConc","Other","TA","Other","GLQ",1223,"Unf",0,443,1666,"GasA","Ex","Y","SBrkr",1675,0,0,1675,1,0,2,0,3,1,"Other",6,"Typ",0,"No fireplace","Attchd","RFn","2","TA","TA","Y",165,52,0,0,0,0,"No","No fence","None",0,12,2008,195000,52,3,8
"60","RL",85,12244,"Pave","No alley","Reg","Lvl","AllPub","Inside","Gtl","Timber","Norm","Norm","1Fam","Other",8,5,2003,2003,"Other","CompShg","VinylSd","VinylSd","Other",226,"Other","TA","PConc","Gd","TA","Other","GLQ",871,"Unf",0,611,1482,"GasA","Ex","Y","SBrkr",1482,780,0,2262,1,0,2,1,4,1,"Other",10,"Typ",2,"Gd","Attchd","Fin","Other","TA","TA","Y",168,0,0,0,0,0,"No","No fence","None",0,8,2008,305000,0,3.5,5
"20","RL",79,11449,"Pave","No alley","Other","Other","AllPub","Inside","Gtl","Timber","Norm","Norm","1Fam","1Story",8,5,2007,2007,"Gable","CompShg","VinylSd","VinylSd","None",0,"Other","TA","PConc","Gd","TA","Other","GLQ",1011,"Unf",0,873,1884,"GasA","Ex","Y","SBrkr",1728,0,0,1728,1,0,2,0,3,1,"Other",7,"Typ",1,"Gd","Attchd","Fin","2","TA","TA","Y",0,276,0,0,0,0,"No","No fence","None",0,1,2008,298751,276,3,1
"20","RL",85,11447,"Pave","No alley","Other","Lvl","AllPub","Inside","Gtl","Timber","Norm","Norm","1Fam","1Story",8,5,2005,2006,"Gable","CompShg","VinylSd","VinylSd","Other",674,"Other","TA","PConc","Other","TA","Other","GLQ",1571,"Unf",0,393,1964,"GasA","Ex","Y","SBrkr",1964,0,0,1964,1,0,2,1,3,1,"Other",7,"Typ",1,"Gd","Attchd","Fin","Other","TA","TA","Y",0,265,0,0,0,0,"No","No fence","None",0,6,2008,370000,265,3.5,2
"120","Other",32,4500,"Pave","No alley","Reg","Lvl","AllPub","Other","Gtl","Mitchel","Norm","Norm","Other","1Story",6,5,1997,1997,"Other","CompShg","VinylSd","VinylSd","Other",197,"TA","TA","PConc","Other","TA","No","GLQ",864,"Unf",0,325,1189,"GasA","Ex","Y","SBrkr",1189,0,0,1189,1,0,2,0,2,1,"TA",4,"Typ",0,"No fireplace","Attchd","RFn","2","TA","TA","Y",0,122,0,0,0,0,"No","No fence","None",0,4,2008,160500,122,3,11
"85","RL",150,14137,"Pave","No alley","Reg","Lvl","AllPub","Other","Gtl","Mitchel","Norm","Norm","1Fam","Other",4,5,1964,1964,"Gable","CompShg","HdBoard","HdBoard","Other",98,"TA","TA","CBlock","Gd","TA","Other","ALQ",865,"Other",247,88,1200,"GasA","Other","Y","SBrkr",1200,0,0,1200,1,0,1,0,3,1,"TA",6,"Typ",0,"No fireplace","Other","Fin","Other","TA","TA","Y",0,119,0,0,171,0,"No","No fence","None",0,11,2008,173000,290,2,44
"120","Other",0,4224,"Pave","No alley","Reg","Lvl","AllPub","Inside","Gtl","MeadowV","Norm","Norm","Other","1Story",5,6,1975,1975,"Gable","CompShg","CemntBd","CmentBd","None",0,"TA","TA","PConc","Gd","TA","No","GLQ",769,"Unf",0,271,1040,"GasA","Other","Y","SBrkr",1040,0,0,1040,0,0,1,0,3,1,"TA",6,"Typ",0,"No fireplace","Attchd","Unf","2","TA","TA","Y",0,100,0,0,0,0,"No","No fence","None",0,6,2008,124000,100,1,33
"160","Other",0,2665,"Pave","No alley","Reg","Lvl","AllPub","Inside","Gtl","MeadowV","Norm","Norm","Other","Other",5,6,1976,1976,"Gable","CompShg","CemntBd","CmentBd","None",0,"TA","TA","PConc","Gd","TA","Other","Unf",0,"Unf",0,264,264,"GasA","TA","Y","SBrkr",616,688,0,1304,0,0,1,1,3,1,"TA",4,"Typ",1,"Gd","Other","Fin","Other","TA","TA","Y",141,24,0,0,0,0,"No","No fence","None",0,6,2008,115000,24,1.5,32
"160","Other",41,2665,"Pave","No alley","Reg","Lvl","AllPub","Inside","Gtl","MeadowV","Norm","Norm","Other","Other",5,7,1976,1976,"Gable","CompShg","CemntBd","CmentBd","None",0,"TA","TA","PConc","Gd","TA","No","ALQ",318,"Unf",0,232,550,"GasA","TA","Y","SBrkr",925,550,0,1475,0,0,2,0,4,1,"TA",6,"Typ",1,"TA","Attchd","Unf","Other","TA","TA","Y",92,26,0,0,0,0,"No","No fence","None",0,5,2008,129500,26,2,32
"180","Other",21,1974,"Pave","No alley","Reg","Lvl","AllPub","Inside","Gtl","MeadowV","Norm","Norm","Other","Other",4,7,1973,2006,"Gable","CompShg","CemntBd","CmentBd","None",0,"TA","Other","CBlock","Gd","TA","Other","GLQ",501,"Unf",0,25,526,"GasA","Other","Y","SBrkr",526,462,0,988,1,0,1,0,2,1,"TA",5,"Typ",0,"No fireplace","Other","RFn","Other","TA","TA","Y",120,101,0,0,0,0,"No","No fence","None",0,6,2008,105000,101,2,2
"180","Other",21,1596,"Pave","No alley","Reg","Lvl","AllPub","Inside","Gtl","MeadowV","Norm","Norm","Other","Other",4,6,1973,1973,"Gable","CompShg","CemntBd","CmentBd","None",0,"TA","TA","CBlock","Gd","TA","Other","GLQ",437,"Unf",0,25,462,"GasA","TA","Y","SBrkr",526,462,0,988,1,0,1,0,1,1,"TA",4,"Typ",1,"Other","Other","RFn","Other","TA","TA","Y",0,101,0,120,0,0,"No","Other","None",0,7,2008,94900,221,2,35
"20","RL",0,17979,"Pave","No alley","Other","Lvl","AllPub","Other","Gtl","Mitchel","Norm","Norm","1Fam","1Story",5,6,1968,1968,"Gable","CompShg","Plywood","Plywood","None",0,"TA","Other","CBlock","TA","TA","No","ALQ",785,"Unf",0,328,1113,"GasA","Ex","Y","SBrkr",1160,0,0,1160,1,0,1,0,3,1,"Other",6,"Typ",0,"No fireplace","Attchd","Unf","Other","TA","TA","Y",81,0,0,0,0,0,"No","Other","Other",500,2,2008,152500,0,2,40
"160","Other",21,1477,"Pave","No alley","Reg","Lvl","AllPub","Inside","Gtl","MeadowV","Norm","Norm","Other","Other",6,9,1970,2007,"Gable","CompShg","CemntBd","CmentBd","None",0,"TA","Other","CBlock","TA","TA","No","GLQ",358,"Unf",0,188,546,"GasA","Ex","Y","SBrkr",546,546,0,1092,0,0,2,1,3,1,"TA",6,"Typ",0,"No fireplace","Other","Other","Other","Other","Other","Y",187,0,0,0,0,0,"No","No fence","None",0,3,2008,98000,0,2.5,1
"180","Other",21,1890,"Pave","No alley","Reg","Lvl","AllPub","Inside","Gtl","MeadowV","Norm","Norm","Other","Other",4,7,1972,1972,"Gable","CompShg","CemntBd","CmentBd","None",0,"TA","Other","CBlock","Gd","TA","Other","ALQ",495,"Unf",0,135,630,"GasA","Other","Y","SBrkr",630,0,0,630,1,0,1,0,1,1,"TA",3,"Typ",0,"No fireplace","Other","Other","Other","Other","Other","Y",88,0,0,0,0,0,"No","No fence","None",0,6,2008,81000,0,2,36
"20","RL",100,21750,"Pave","No alley","Reg","Other","AllPub","Inside","Other","Mitchel","Other","Norm","1Fam","1Story",5,5,1954,1954,"Other","CompShg","HdBoard","HdBoard","None",0,"TA","TA","CBlock","TA","TA","No","Unf",0,"Unf",0,988,988,"GasA","Ex","Y","Other",988,0,0,988,0,0,1,0,2,1,"TA",4,"Typ",0,"No fireplace","Attchd","RFn","2","TA","TA","Other",0,0,0,0,0,0,"No","No fence","None",0,2,2008,113000,0,1,54
"20","RL",59,6490,"Pave","No alley","Reg","Lvl","AllPub","Inside","Gtl","Mitchel","Norm","Norm","1Fam","1Story",5,7,1983,1983,"Gable","CompShg","VinylSd","VinylSd","None",0,"TA","Other","CBlock","TA","TA","No","GLQ",534,"Unf",0,282,816,"GasA","Ex","Y","SBrkr",816,0,0,816,0,1,1,0,2,1,"TA",4,"Typ",0,"No fireplace","Attchd","Unf","Other","TA","TA","Y",315,0,0,0,0,0,"No","Other","None",0,4,2008,128500,0,1.5,25
"20","RL",37,6951,"Pave","No alley","Other","Lvl","AllPub","Other","Gtl","Mitchel","Norm","Norm","1Fam","1Story",5,5,1984,1985,"Gable","CompShg","HdBoard","Plywood","None",0,"TA","TA","CBlock","TA","TA","No","ALQ",658,"Unf",0,218,876,"GasA","TA","Y","SBrkr",923,0,0,923,1,0,1,0,3,1,"TA",5,"Typ",0,"No fireplace","Attchd","Unf","Other","TA","TA","Y",362,0,0,0,0,0,"No","Other","None",0,10,2008,119500,0,2,23
"20","RL",60,6600,"Pave","No alley","Reg","Lvl","AllPub","Inside","Gtl","Mitchel","Norm","Norm","1Fam","1Story",5,9,1982,2008,"Gable","CompShg","VinylSd","VinylSd","None",0,"Other","Other","CBlock","TA","TA","No","ALQ",641,"Unf",0,175,816,"GasA","Ex","Y","SBrkr",816,0,0,816,0,1,1,0,3,1,"Other",5,"Typ",1,"Other","Attchd","Unf","Other","TA","TA","Y",0,0,0,0,0,0,"No","Other","None",0,10,2008,130500,0,1.5,0
"20","RL",60,6600,"Pave","No alley","Reg","Lvl","AllPub","Inside","Gtl","Mitchel","Norm","Norm","1Fam","1Story",5,8,1982,2003,"Gable","CompShg","HdBoard","HdBoard","None",0,"TA","Other","PConc","TA","Other","No","GLQ",816,"Unf",0,0,816,"GasA","Ex","Y","SBrkr",816,0,0,816,1,0,1,0,2,1,"TA",4,"Typ",0,"No fireplace","Other","Fin","2","TA","TA","Y",0,0,0,0,0,0,"No","No fence","None",0,6,2008,138000,0,2,5
"20","RL",60,6600,"Pave","No alley","Reg","Lvl","AllPub","Inside","Gtl","Mitchel","Norm","Norm","1Fam","1Story",5,6,1982,2005,"Gable","CompShg","HdBoard","Plywood","None",0,"TA","TA","CBlock","TA","TA","No","GLQ",638,"Unf",0,207,845,"GasA","Other","Y","SBrkr",845,0,0,845,0,0,1,0,3,1,"Other",6,"Typ",0,"No fireplace","Attchd","Unf","Other","TA","TA","Y",0,0,0,0,0,0,"No","No fence","None",0,7,2008,134500,0,1,3
"50","RL",75,12508,"Pave","No alley","Other","Lvl","AllPub","Inside","Gtl","Mitchel","Norm","Norm","1Fam","Other",6,7,1940,1985,"Gable","CompShg","VinylSd","VinylSd","None",0,"TA","TA","CBlock","Gd","TA","Other","ALQ",660,"Unf",0,323,983,"GasA","Ex","Y","SBrkr",983,767,0,1750,1,0,2,0,4,1,"TA",7,"Other",0,"No fireplace","Attchd","Unf","Other","TA","TA","Y",245,0,156,0,0,0,"No","No fence","Other",1300,7,2008,160000,156,3,23
"20","RL",74,12395,"Pave","No alley","Reg","Lvl","AllPub","Other","Gtl","Mitchel","Norm","Norm","1Fam","1Story",5,6,1984,1984,"Gable","CompShg","HdBoard","Plywood","None",0,"TA","TA","CBlock","TA","TA","No","ALQ",647,"Unf",0,217,864,"GasA","TA","Y","SBrkr",889,0,0,889,0,0,1,0,3,1,"TA",6,"Typ",0,"No fireplace","Attchd","Unf","2","TA","TA","Y",0,0,0,0,0,0,"No","No fence","None",0,4,2008,137500,0,1,24
"60","RL",0,11075,"Pave","No alley","Other","Lvl","AllPub","Inside","Other","Mitchel","Norm","Norm","1Fam","Other",5,4,1969,1969,"Gable","CompShg","HdBoard","HdBoard","Other",232,"TA","TA","CBlock","TA","TA","Other","ALQ",562,"Other",193,29,784,"GasA","Ex","Y","SBrkr",1168,800,0,1968,0,1,2,1,4,1,"TA",7,"Other",1,"Other","Attchd","RFn","2","TA","TA","Y",305,189,0,0,0,0,"No","Other","Other",400,9,2008,172000,189,3,39
"20","RL",85,10667,"Pave","No alley","Reg","Lvl","AllPub","Inside","Gtl","NAmes","Norm","Norm","1Fam","1Story",6,6,1971,1971,"Gable","CompShg","MetalSd","MetalSd","Other",302,"TA","TA","CBlock","TA","TA","No","BLQ",838,"Unf",0,749,1587,"GasA","TA","Y","SBrkr",1587,0,0,1587,0,0,2,0,3,1,"TA",7,"Typ",1,"Gd","Attchd","Unf","2","TA","TA","Y",0,44,0,0,0,0,"No","No fence","None",0,3,2007,167300,44,2,36
"20","RL",85,10628,"Pave","No alley","Reg","Lvl","AllPub","Inside","Gtl","NAmes","Norm","Norm","1Fam","1Story",7,5,1970,1970,"Other","Other","Plywood","Plywood","None",0,"TA","Other","CBlock","TA","Other","Other","GLQ",778,"Unf",0,499,1277,"GasA","TA","Y","SBrkr",1277,0,0,1277,1,0,1,0,2,1,"TA",5,"Typ",1,"Other","Attchd","Unf","2","TA","TA","Y",0,0,0,0,176,0,"No","Other","None",0,4,2007,167000,176,2,37
"20","RL",95,13651,"Pave","No alley","Other","Lvl","AllPub","Inside","Gtl","NAmes","Norm","Norm","1Fam","1Story",7,6,1973,1973,"Gable","CompShg","Plywood","Plywood","Other",1115,"TA","Other","CBlock","Gd","TA","Other","ALQ",1880,"Unf",0,343,2223,"GasA","Ex","Y","SBrkr",2223,0,0,2223,1,0,2,0,3,1,"TA",8,"Typ",2,"Gd","Attchd","Fin","2","TA","TA","Y",300,0,0,0,0,0,"No","No fence","None",0,2,2007,244000,0,3,34
"20","RL",95,15865,"Pave","No alley","Other","Lvl","AllPub","Inside","Other","NAmes","Norm","Norm","1Fam","1Story",8,6,1970,1970,"Other","Other","Wd Sdng","Wd Sdng","None",0,"Other","Other","PConc","TA","Other","Other","ALQ",351,"Other",823,1043,2217,"GasA","Ex","Y","SBrkr",2217,0,0,2217,1,0,2,0,4,1,"Other",8,"Typ",1,"TA","Attchd","Unf","2","TA","TA","Y",81,207,0,0,224,0,"No","No fence","None",0,10,2007,268000,431,3,37
"60","RL",0,10364,"Pave","No alley","Other","Lvl","AllPub","Inside","Gtl","Gilbert","Norm","Norm","1Fam","Other",6,5,1995,1996,"Gable","CompShg","MetalSd","MetalSd","None",0,"TA","TA","PConc","Gd","TA","No","Unf",0,"Unf",0,806,806,"GasA","Other","Y","SBrkr",806,766,0,1572,0,0,2,1,3,1,"TA",7,"Typ",1,"TA","Other","Fin","2","TA","TA","Y",0,40,0,0,0,0,"No","No fence","None",0,5,2007,168000,40,2.5,11
"60","RL",0,13869,"Pave","No alley","Other","Lvl","AllPub","Other","Gtl","Gilbert","Norm","Norm","1Fam","Other",6,6,1997,1997,"Gable","CompShg","VinylSd","VinylSd","None",0,"TA","TA","PConc","Gd","TA","Other","GLQ",182,"Unf",0,612,794,"GasA","Other","Y","SBrkr",794,676,0,1470,0,1,2,0,3,1,"TA",6,"Typ",0,"No fireplace","Attchd","Fin","2","TA","TA","Y",0,75,0,0,0,0,"No","No fence","None",0,7,2007,177000,75,2.5,10
"60","RL",57,8773,"Pave","No alley","Other","Other","AllPub","Inside","Gtl","Gilbert","Norm","Norm","1Fam","Other",6,5,1997,1997,"Gable","CompShg","VinylSd","VinylSd","None",0,"TA","TA","PConc","Gd","TA","Other","Unf",0,"Unf",0,916,916,"GasA","Other","Y","SBrkr",916,684,0,1600,0,0,2,1,3,1,"TA",7,"Typ",1,"TA","Attchd","Fin","2","TA","TA","Y",100,38,0,0,0,0,"No","No fence","None",0,8,2007,169000,38,2.5,10
"80","RL",56,8872,"Pave","No alley","Other","Other","AllPub","Inside","Gtl","Gilbert","Norm","Norm","1Fam","Other",6,5,1997,1997,"Gable","CompShg","VinylSd","VinylSd","None",0,"TA","TA","PConc","Gd","TA","No","Unf",0,"Unf",0,384,384,"GasA","Other","Y","SBrkr",754,630,0,1384,0,0,2,1,3,1,"TA",7,"Typ",1,"TA","Other","Fin","2","TA","TA","Y",0,0,0,0,0,0,"No","No fence","None",0,3,2007,161500,0,2.5,10
"120","RL",41,5330,"Pave","No alley","Reg","Lvl","AllPub","Inside","Gtl","StoneBr","Norm","Norm","Other","1Story",8,5,2000,2000,"Gable","CompShg","CemntBd","CmentBd","None",0,"Other","TA","PConc","Gd","TA","Other","GLQ",1196,"Unf",0,298,1494,"GasA","Ex","Y","SBrkr",1652,0,0,1652,1,0,2,0,2,1,"Other",6,"Typ",0,"No fireplace","Attchd","RFn","2","TA","TA","Y",96,48,0,0,0,0,"No","No fence","None",0,8,2007,251000,48,3,7
"80","RL",0,10147,"Pave","No alley","Other","Lvl","AllPub","Other","Gtl","Gilbert","Norm","Norm","1Fam","Other",6,5,1994,1994,"Gable","CompShg","HdBoard","HdBoard","Other",32,"TA","TA","PConc","Gd","TA","No","Other",186,"Unf",0,206,392,"GasA","Other","Y","SBrkr",924,770,0,1694,0,0,2,1,3,1,"TA",7,"Typ",1,"TA","Other","Fin","2","TA","TA","Y",256,64,0,0,0,0,"No","Other","None",0,3,2007,160000,64,2.5,13
"60","RL",63,7875,"Pave","No alley","Reg","Lvl","AllPub","Inside","Gtl","Gilbert","Norm","Norm","1Fam","Other",7,5,1996,1996,"Gable","CompShg","HdBoard","HdBoard","None",0,"Other","TA","PConc","Gd","TA","No","Rec",414,"Unf",0,277,691,"GasA","Other","Y","SBrkr",691,862,0,1553,0,0,2,1,3,1,"Other",6,"Typ",0,"No fireplace","Attchd","Fin","2","TA","TA","Y",0,44,0,0,0,0,"No","No fence","None",0,8,2007,178750,44,2.5,11
"20","RL",63,7875,"Pave","No alley","Reg","Lvl","AllPub","Inside","Gtl","Gilbert","Norm","Norm","1Fam","1Story",7,5,1995,1996,"Gable","CompShg","HdBoard","HdBoard","Other",38,"TA","TA","PConc","Gd","Other","No","Unf",0,"Unf",0,1237,1237,"GasA","Other","Y","SBrkr",1253,0,0,1253,0,0,2,0,3,1,"TA",6,"Typ",1,"TA","Attchd","Fin","2","TA","TA","Y",220,21,0,0,0,0,"No","No fence","None",0,6,2007,176000,21,2,11
"60","RL",60,7500,"Pave","No alley","Reg","Lvl","AllPub","Inside","Gtl","Gilbert","Norm","Norm","1Fam","Other",6,5,1999,2003,"Gable","CompShg","VinylSd","VinylSd","None",0,"TA","TA","PConc","Gd","TA","No","Unf",0,"Unf",0,938,938,"GasA","Ex","Y","SBrkr",957,1342,0,2299,0,0,3,1,5,1,"TA",7,"Typ",1,"TA","Attchd","Fin","2","TA","TA","Y",188,30,0,0,0,0,"No","No fence","None",0,8,2007,204000,30,3.5,4
"20","RL",0,9556,"Pave","No alley","Other","Lvl","AllPub","Other","Gtl","Gilbert","Norm","Norm","1Fam","1Story",7,5,1992,1993,"Gable","CompShg","HdBoard","HdBoard","Other",52,"TA","TA","PConc","Gd","TA","No","Unf",0,"Unf",0,1168,1168,"GasA","Other","Y","SBrkr",1187,0,0,1187,0,0,2,0,3,1,"Other",6,"Typ",0,"No fireplace","Attchd","RFn","2","TA","TA","Y",0,21,0,0,0,0,"No","No fence","None",0,8,2007,160000,21,2,14
"80","RL",0,10784,"Pave","No alley","Other","Lvl","AllPub","Other","Gtl","Gilbert","Norm","Norm","1Fam","Other",7,5,1991,1992,"Gable","CompShg","HdBoard","HdBoard","Other",76,"Other","TA","PConc","Gd","TA","No","Unf",0,"Unf",0,384,384,"GasA","Other","Y","SBrkr",802,670,0,1472,0,0,2,1,3,1,"Other",7,"Typ",1,"TA","Attchd","RFn","2","TA","TA","Y",164,0,0,0,0,0,"No","No fence","None",0,5,2007,160000,0,2.5,15
"80","RL",0,9125,"Pave","No alley","Other","Lvl","AllPub","Inside","Gtl","Gilbert","Norm","Norm","1Fam","Other",7,5,1992,1992,"Gable","CompShg","HdBoard","HdBoard","Other",170,"TA","TA","PConc","Gd","TA","No","Unf",0,"Unf",0,384,384,"GasA","Other","Y","SBrkr",812,670,0,1482,0,0,2,1,3,1,"Other",7,"Typ",1,"TA","Attchd","Fin","2","TA","TA","Y",100,25,0,0,0,0,"No","No fence","None",0,7,2007,163900,25,2.5,15
"60","RL",0,7655,"Pave","No alley","Other","Lvl","AllPub","Other","Gtl","Gilbert","Norm","Norm","1Fam","Other",6,5,1993,1994,"Gable","CompShg","HdBoard","HdBoard","None",0,"TA","TA","PConc","Gd","TA","No","Unf",0,"Unf",0,903,903,"GasA","Other","Y","SBrkr",910,732,0,1642,0,0,2,1,3,1,"TA",7,"Typ",1,"TA","Attchd","RFn","2","TA","TA","Y",290,84,0,0,0,0,"No","No fence","None",0,7,2007,168000,84,2.5,13
"120","RL",0,3696,"Pave","No alley","Reg","Lvl","AllPub","Inside","Gtl","StoneBr","Norm","Norm","Other","1Story",8,5,1986,1986,"Gable","CompShg","HdBoard","HdBoard","None",0,"Other","TA","CBlock","Gd","TA","No","Unf",0,"Unf",0,1074,1074,"GasA","Ex","Y","SBrkr",1088,0,0,1088,0,0,1,1,2,1,"Other",5,"Typ",0,"No fireplace","Attchd","RFn","2","TA","TA","Y",0,74,137,0,0,0,"No","No fence","None",0,10,2007,170000,211,1.5,21
"160","RL",0,5062,"Pave","No alley","Other","Lvl","AllPub","Other","Gtl","StoneBr","Norm","Norm","Other","Other",7,5,1984,1984,"Gable","CompShg","HdBoard","HdBoard","None",0,"Other","TA","CBlock","Gd","TA","Other","GLQ",828,"Other",182,180,1190,"GasA","Other","Y","SBrkr",1190,900,0,2090,1,0,2,0,3,1,"Other",6,"Other",1,"TA","Attchd","Fin","2","TA","TA","Y",219,0,0,0,0,0,"No","No fence","None",0,9,2007,207500,0,3,23
"120","RL",38,4740,"Pave","No alley","Other","Lvl","AllPub","Inside","Gtl","StoneBr","Norm","Norm","Other","1Story",8,5,1988,1988,"Gable","CompShg","CemntBd","CmentBd","None",0,"Other","TA","CBlock","Gd","TA","Other","GLQ",248,"Unf",0,918,1166,"GasA","Other","Y","SBrkr",1179,0,0,1179,1,0,2,0,2,1,"TA",5,"Typ",0,"No fireplace","Attchd","RFn","2","TA","TA","Y",0,108,0,0,135,0,"No","No fence","None",0,10,2007,182000,243,3,19
"120","RL",35,5118,"Pave","No alley","Other","Other","AllPub","Inside","Gtl","StoneBr","Norm","Norm","Other","1Story",8,5,1990,1990,"Gable","CompShg","CemntBd","CmentBd","None",0,"Other","TA","PConc","Gd","TA","Other","GLQ",926,"Unf",0,386,1312,"GasA","Other","Y","SBrkr",1321,0,0,1321,1,0,1,0,1,1,"Other",4,"Typ",1,"TA","Attchd","RFn","2","TA","TA","Y",0,64,140,0,0,0,"No","No fence","None",0,8,2007,212000,204,2,17
"20","RL",86,14157,"Pave","No alley","Other","Other","AllPub","Other","Gtl","StoneBr","Norm","Norm","1Fam","1Story",9,5,2005,2006,"Other","CompShg","VinylSd","VinylSd","Other",200,"Other","TA","PConc","Other","TA","Other","GLQ",1249,"Unf",0,673,1922,"GasA","Ex","Y","SBrkr",1922,0,0,1922,1,0,2,0,3,1,"Other",8,"Typ",1,"Gd","Attchd","Fin","Other","TA","TA","Y",178,51,0,0,0,0,"No","No fence","None",0,7,2007,377426,51,3,1
"60","RL",98,12328,"Pave","No alley","Other","Lvl","AllPub","Inside","Gtl","StoneBr","Norm","Norm","1Fam","Other",8,5,2005,2005,"Other","CompShg","VinylSd","VinylSd","Other",146,"Other","TA","PConc","Other","TA","Other","GLQ",986,"Unf",0,163,1149,"GasA","Ex","Y","SBrkr",1164,1377,0,2541,1,0,3,1,4,1,"Other",10,"Typ",1,"Gd","Other","Fin","Other","TA","TA","Y",120,32,0,0,0,0,"No","No fence","None",0,7,2007,349265,32,4.5,2
"190","RL",195,41600,"Pave","No alley","Other","Lvl","AllPub","Other","Gtl","Gilbert","Norm","Norm","Other","1Story",5,5,1969,1990,"Gable","CompShg","HdBoard","HdBoard","None",0,"TA","TA","CBlock","Gd","TA","Other","ALQ",1047,"Unf",0,53,1100,"Other","TA","Y","SBrkr",1424,0,0,1424,1,0,1,1,3,1,"TA",7,"Other",0,"No fireplace","Other","Unf","Other","TA","TA","Other",144,0,0,0,0,0,"No","No fence","None",0,11,2007,155000,0,2.5,17
"120","RL",61,8035,"Pave","No alley","Other","Other","AllPub","Inside","Gtl","StoneBr","Norm","Norm","Other","1Story",9,5,2006,2006,"Gable","CompShg","MetalSd","MetalSd","Other",165,"Other","TA","PConc","Other","TA","Other","GLQ",797,"Unf",0,815,1612,"GasA","Ex","Y","SBrkr",1612,0,0,1612,1,0,2,0,2,1,"Other",6,"Typ",1,"Gd","Attchd","Fin","2","TA","TA","Y",0,164,0,0,0,0,"No","No fence","None",0,3,2007,319900,164,3,1
"20","RL",85,14082,"Pave","No alley","Other","Other","AllPub","Inside","Gtl","StoneBr","Norm","Norm","1Fam","1Story",8,5,2006,2006,"Other","CompShg","VinylSd","VinylSd","Other",945,"Other","TA","PConc","Other","Other","Other","GLQ",1558,"Unf",0,662,2220,"GasA","Ex","Y","SBrkr",2234,0,0,2234,1,0,1,1,1,1,"Other",7,"Typ",1,"Gd","Attchd","RFn","2","TA","TA","Y",390,80,0,0,0,0,"No","No fence","None",0,1,2007,441929,80,2.5,1
"20","RL",0,12546,"Pave","No alley","Other","Lvl","AllPub","Other","Gtl","NWAmes","Norm","Norm","1Fam","1Story",6,7,1981,1981,"Gable","CompShg","MetalSd","MetalSd","Other",310,"Other","Other","CBlock","Gd","TA","No","BLQ",678,"Unf",0,762,1440,"GasA","Ex","Y","SBrkr",1440,0,0,1440,0,0,2,0,3,1,"Other",7,"Typ",1,"TA","Attchd","Fin","2","TA","TA","Y",0,0,99,0,0,0,"No","No fence","None",0,4,2007,182900,99,2,26
"60","RL",78,12090,"Pave","No alley","Reg","Lvl","AllPub","Inside","Gtl","NWAmes","Norm","Norm","1Fam","Other",7,7,1981,2003,"Gable","CompShg","MetalSd","MetalSd","Other",306,"Other","TA","CBlock","Gd","TA","No","ALQ",321,"Unf",0,404,725,"GasA","Ex","Y","SBrkr",725,754,0,1479,0,0,2,1,3,1,"Other",6,"Typ",1,"TA","Attchd","RFn","2","TA","TA","Y",167,72,0,0,0,0,"No","No fence","None",0,3,2007,176000,72,2.5,4
"20","RL",93,12299,"Pave","No alley","Reg","Lvl","AllPub","Inside","Gtl","NWAmes","Norm","Norm","1Fam","1Story",7,6,1978,1985,"Gable","CompShg","Plywood","Plywood","Other",67,"TA","TA","CBlock","Gd","TA","No","GLQ",1328,"Unf",0,201,1529,"GasA","TA","Y","SBrkr",1664,0,0,1664,1,0,2,0,3,1,"Other",7,"Typ",1,"TA","Attchd","Fin","2","TA","TA","Y",0,0,0,0,0,0,"No","No fence","None",0,9,2007,213000,0,3,22
"60","RL",61,11339,"Pave","No alley","Other","Lvl","AllPub","Inside","Gtl","NWAmes","Other","Norm","1Fam","Other",7,5,1979,1979,"Other","Other","HdBoard","Plywood","Other",549,"TA","TA","CBlock","Gd","TA","No","ALQ",758,"Unf",0,22,780,"GasA","TA","Y","SBrkr",1085,845,0,1930,1,0,2,1,4,1,"Other",9,"Typ",1,"TA","Attchd","Fin","2","TA","TA","Y",192,72,0,0,0,0,"No","No fence","None",0,3,2007,192000,72,3.5,28
"60","RL",92,11952,"Pave","No alley","Reg","Lvl","AllPub","Inside","Gtl","NWAmes","Other","Norm","1Fam","Other",7,6,1977,1977,"Other","Other","WdShing","Plywood","None",0,"TA","TA","CBlock","Gd","TA","No","Unf",0,"Unf",0,808,808,"GasA","TA","Y","SBrkr",1161,808,0,1969,0,0,2,1,3,1,"TA",8,"Typ",1,"Gd","Attchd","RFn","2","TA","TA","Y",0,0,0,0,276,0,"No","No fence","None",0,11,2007,190000,276,2.5,30
"60","RL",0,12046,"Pave","No alley","Other","Lvl","AllPub","Inside","Gtl","NWAmes","Norm","Norm","1Fam","Other",6,6,1976,1976,"Gable","CompShg","Plywood","Plywood","Other",298,"TA","TA","CBlock","TA","TA","No","Other",156,"Unf",0,692,848,"GasA","TA","Y","SBrkr",1118,912,0,2030,0,0,2,1,4,1,"Other",8,"Typ",1,"TA","Attchd","Fin","2","TA","TA","Y",0,224,0,0,0,0,"No","No fence","None",0,6,2007,195000,224,2.5,31
"80","RL",0,10395,"Pave","No alley","Other","Lvl","AllPub","Other","Gtl","NWAmes","Norm","Norm","1Fam","Other",6,6,1978,1978,"Gable","CompShg","HdBoard","HdBoard","Other",233,"TA","TA","CBlock","Gd","TA","Other","ALQ",605,"Unf",0,427,1032,"GasA","TA","Y","SBrkr",1032,0,0,1032,0,1,2,0,3,1,"TA",6,"Typ",1,"TA","Attchd","Unf","2","TA","TA","Y",0,0,0,0,0,0,"No","Other","Other",500,7,2007,148000,0,2.5,29
"20","RL",79,11850,"Pave","No alley","Reg","Lvl","AllPub","Other","Gtl","NWAmes","Norm","Norm","1Fam","1Story",6,6,1984,1984,"Gable","CompShg","Plywood","Plywood","Other",98,"TA","TA","CBlock","Gd","TA","No","ALQ",781,"Unf",0,372,1153,"GasA","TA","Y","SBrkr",1177,0,0,1177,0,0,2,0,3,1,"Other",6,"Typ",0,"No fireplace","Attchd","Fin","2","TA","TA","Y",204,103,0,0,0,0,"No","Other","None",0,8,2007,151500,103,2,23
"60","RL",80,11584,"Pave","No alley","Reg","Lvl","AllPub","Inside","Gtl","NWAmes","Norm","Norm","1Fam","Other",7,6,1979,1979,"Other","CompShg","HdBoard","HdBoard","Other",96,"TA","TA","CBlock","TA","TA","No","GLQ",315,"Other",110,114,539,"GasA","TA","Y","SBrkr",1040,685,0,1725,0,0,2,1,3,1,"TA",6,"Typ",1,"TA","Attchd","RFn","2","TA","TA","Y",0,88,216,0,0,0,"No","No fence","None",0,11,2007,197000,304,2.5,28
"20","RL",80,10400,"Pave","No alley","Reg","Lvl","AllPub","Inside","Gtl","NWAmes","Norm","Norm","1Fam","1Story",6,5,1979,1999,"Gable","CompShg","MetalSd","MetalSd","Other",253,"TA","TA","CBlock","Gd","TA","No","GLQ",903,"Unf",0,356,1259,"GasA","Ex","Y","SBrkr",1353,0,0,1353,1,0,2,0,2,1,"TA",5,"Typ",1,"TA","Attchd","RFn","2","TA","TA","Y",240,141,0,0,0,0,"No","No fence","None",0,8,2007,192350,141,3,8
"60","RL",80,10793,"Pave","No alley","Reg","Lvl","AllPub","Inside","Gtl","NWAmes","Other","Norm","1Fam","Other",5,5,1969,1969,"Other","CompShg","WdShing","HdBoard","Other",263,"TA","TA","CBlock","TA","TA","No","Rec",493,"Other",287,0,780,"GasA","Ex","Y","SBrkr",780,840,0,1620,0,0,2,1,4,1,"TA",7,"Other",0,"No fireplace","Attchd","Fin","2","TA","TA","Y",208,0,0,0,0,0,"No","Other","None",0,4,2007,152000,0,2.5,38
"20","RL",128,13001,"Pave","No alley","Other","Lvl","AllPub","Inside","Gtl","NWAmes","Other","Norm","1Fam","1Story",6,5,1971,1971,"Other","CompShg","HdBoard","HdBoard","Other",176,"TA","TA","CBlock","TA","TA","Other","ALQ",492,"Other",121,1012,1625,"GasA","TA","Y","SBrkr",1220,0,0,1220,0,1,2,0,2,1,"TA",6,"Typ",1,"TA","Attchd","Unf","2","TA","TA","Y",0,0,249,0,0,0,"No","No fence","None",0,9,2007,170000,249,2.5,36
"20","RL",70,12243,"Pave","No alley","Other","Lvl","AllPub","Inside","Gtl","NWAmes","Norm","Norm","1Fam","1Story",5,6,1971,1971,"Gable","CompShg","Plywood","Plywood","None",0,"TA","TA","CBlock","Gd","TA","Other","ALQ",998,"Unf",0,486,1484,"GasA","Other","Y","SBrkr",1484,0,0,1484,0,0,2,0,3,1,"TA",7,"Typ",1,"TA","Attchd","Unf","2","TA","TA","Y",224,0,0,0,180,0,"No","No fence","None",0,2,2007,175000,180,2,36
"60","RL",90,11700,"Pave","No alley","Reg","Lvl","AllPub","Inside","Gtl","NWAmes","Norm","Norm","1Fam","Other",6,6,1968,1968,"Other","CompShg","HdBoard","Other","Other",365,"Other","TA","CBlock","TA","TA","No","ALQ",384,"Other",175,143,702,"GasA","Other","Y","SBrkr",1041,702,0,1743,0,1,1,2,3,1,"TA",7,"Typ",1,"Gd","Attchd","Unf","2","TA","TA","Y",224,0,0,0,0,0,"No","No fence","None",0,6,2007,175000,0,2.5,39
"60","RL",0,12384,"Pave","No alley","Reg","Lvl","AllPub","Other","Gtl","NWAmes","Norm","Norm","1Fam","Other",7,7,1976,1976,"Gable","CompShg","Plywood","Plywood","Other",233,"TA","TA","CBlock","Gd","TA","No","Unf",0,"Unf",0,793,793,"GasA","TA","Y","SBrkr",1142,793,0,1935,0,0,2,1,3,1,"TA",7,"Typ",1,"TA","Attchd","RFn","2","TA","TA","Y",0,113,252,0,0,0,"No","No fence","None",0,11,2007,197900,365,2.5,31
"80","RL",64,8991,"Pave","No alley","Other","Lvl","AllPub","Other","Gtl","NWAmes","Other","Norm","1Fam","Other",7,6,1976,1976,"Gable","CompShg","Plywood","Plywood","Other",130,"TA","TA","CBlock","Gd","TA","Other","GLQ",624,"Other",604,0,1228,"GasA","TA","Y","SBrkr",1324,0,0,1324,0,1,2,0,3,1,"Other",5,"Typ",1,"Other","Attchd","Fin","2","TA","TA","Y",407,36,0,0,0,0,"No","No fence","None",0,2,2007,174000,36,2.5,31
"60","RL",80,8000,"Pave","No alley","Reg","Lvl","AllPub","Inside","Gtl","NWAmes","Other","Norm","1Fam","Other",6,6,1974,1974,"Gable","CompShg","HdBoard","HdBoard","None",0,"TA","TA","CBlock","TA","TA","No","ALQ",931,"Other",153,0,1084,"GasA","TA","Y","SBrkr",1084,793,0,1877,1,0,2,1,4,1,"TA",8,"Typ",1,"TA","Attchd","Unf","2","TA","TA","Y",0,96,0,0,0,0,"No","No fence","None",0,11,2007,178900,96,3.5,33
"80","RL",70,10500,"Pave","No alley","Reg","Lvl","AllPub","Other","Gtl","NAmes","Norm","Norm","1Fam","Other",5,7,1971,2005,"Other","CompShg","MetalSd","Other","Other",82,"TA","TA","CBlock","TA","TA","Other","ALQ",349,"Unf",0,23,372,"GasA","TA","Y","SBrkr",576,533,0,1109,0,1,1,0,3,1,"TA",5,"Typ",0,"No fireplace","Other","Unf","Other","TA","TA","Y",35,0,0,0,0,0,"No","Other","None",0,12,2007,139000,0,1.5,2
"20","RL",0,10530,"Pave","No alley","Other","Lvl","AllPub","Other","Gtl","NAmes","Norm","Norm","1Fam","1Story",6,5,1971,1971,"Other","CompShg","Plywood","Plywood","None",0,"TA","TA","CBlock","TA","TA","No","ALQ",282,"Other",35,664,981,"GasA","TA","Y","SBrkr",981,0,0,981,1,0,1,1,3,1,"TA",5,"Typ",0,"No fireplace","Other","Unf","2","TA","TA","Y",0,312,40,0,0,0,"No","No fence","None",0,3,2007,143250,352,2.5,36
"60","RL",0,7472,"Pave","No alley","Other","Lvl","AllPub","Other","Gtl","NAmes","Norm","Norm","1Fam","Other",7,9,1972,2004,"Gable","CompShg","HdBoard","HdBoard","Other",138,"TA","TA","CBlock","TA","TA","No","ALQ",626,"Unf",0,99,725,"GasA","Other","Y","SBrkr",725,754,0,1479,1,0,1,1,4,1,"Other",7,"Typ",0,"No fireplace","Attchd","Fin","2","TA","TA","Y",0,32,0,0,0,0,"No","No fence","None",0,6,2007,184000,32,2.5,3
"20","RL",63,9457,"Pave","No alley","Reg","Lvl","AllPub","Inside","Gtl","NAmes","Norm","Norm","1Fam","1Story",5,6,1970,1990,"Gable","CompShg","MetalSd","MetalSd","None",0,"TA","TA","CBlock","TA","TA","No","ALQ",566,"Unf",0,359,925,"GasA","TA","Y","SBrkr",1422,0,0,1422,1,0,1,0,3,1,"TA",7,"Other",0,"No fireplace","Other","Unf","2","TA","TA","Y",252,0,0,0,0,0,"No","Other","None",0,9,2007,155000,0,2,17
"20","RL",66,7920,"Pave","No alley","Reg","Lvl","AllPub","Inside","Gtl","NAmes","Norm","Norm","1Fam","1Story",5,5,1970,2002,"Gable","CompShg","HdBoard","HdBoard","Other",32,"TA","TA","CBlock","TA","TA","No","ALQ",81,"Other",619,214,914,"GasA","Ex","Y","SBrkr",914,0,0,914,0,0,1,0,3,1,"Other",5,"Typ",0,"No fireplace","Attchd","RFn","Other","TA","Other","Y",120,0,0,0,0,0,"No","No fence","None",0,10,2007,133000,0,1,5
"20","RL",61,9758,"Pave","No alley","Other","Lvl","AllPub","Inside","Gtl","NAmes","Norm","Norm","1Fam","1Story",5,5,1971,1971,"Gable","CompShg","HdBoard","MetalSd","None",0,"TA","TA","CBlock","TA","TA","No","BLQ",412,"Other",287,251,950,"GasA","TA","Y","SBrkr",950,0,0,950,0,0,1,0,3,1,"TA",5,"Typ",0,"No fireplace","Other","Unf","Other","TA","TA","Y",0,0,0,0,0,0,"No","No fence","None",0,7,2007,119500,0,1,36
"20","RL",70,8294,"Pave","No alley","Reg","Lvl","AllPub","Inside","Gtl","NAmes","Norm","Norm","1Fam","1Story",4,5,1971,1971,"Gable","CompShg","MetalSd","MetalSd","None",0,"TA","TA","CBlock","TA","TA","No","Unf",0,"Unf",0,858,858,"GasA","TA","Y","SBrkr",872,0,0,872,0,0,1,0,3,1,"TA",5,"Typ",0,"No fireplace","Other","Unf","Other","TA","TA","Y",0,0,0,0,0,0,"No","Other","None",0,6,2007,123000,0,1,36
"20","RL",0,7340,"Pave","No alley","Other","Lvl","AllPub","Inside","Gtl","NAmes","Norm","Norm","1Fam","1Story",4,6,1971,1971,"Gable","CompShg","HdBoard","HdBoard","None",0,"TA","TA","CBlock","TA","TA","No","ALQ",322,"Unf",0,536,858,"GasA","TA","Y","SBrkr",858,0,0,858,0,0,1,0,2,1,"TA",4,"Typ",0,"No fireplace","Other","Unf","Other","TA","TA","Y",0,0,0,0,0,0,"No","No fence","None",0,6,2007,110000,0,1,36
"20","RL",0,17199,"Pave","No alley","Reg","Lvl","AllPub","Other","Gtl","NAmes","Norm","Norm","1Fam","1Story",4,7,1961,1961,"Gable","CompShg","MetalSd","MetalSd","None",0,"TA","Other","Other","TA","TA","No","ALQ",314,"Unf",0,600,914,"GasA","Ex","Y","SBrkr",914,0,0,914,0,0,1,0,2,1,"TA",4,"Typ",0,"No fireplace","Other","Unf","Other","Other","TA","Y",140,0,0,0,0,0,"No","Other","None",0,7,2007,128000,0,1,46
"20","RL",60,9000,"Pave","No alley","Reg","Lvl","AllPub","Other","Gtl","NAmes","Norm","Norm","1Fam","1Story",4,6,1971,1971,"Gable","CompShg","HdBoard","HdBoard","None",0,"TA","TA","PConc","TA","TA","No","ALQ",616,"Unf",0,248,864,"GasA","TA","Y","SBrkr",864,0,0,864,0,0,1,0,3,1,"TA",5,"Typ",0,"No fireplace","Other","Unf","2","TA","TA","Y",0,0,0,0,0,0,"No","Other","None",0,5,2007,120500,0,1,36
"120","Other",34,4058,"Pave","No alley","Reg","Lvl","AllPub","Inside","Gtl","NAmes","Norm","Norm","Other","Other",7,5,1998,1998,"Gable","CompShg","MetalSd","MetalSd","Other",182,"TA","TA","PConc","Gd","TA","Other","GLQ",584,"Other",139,0,723,"GasA","Ex","Y","SBrkr",767,0,0,767,1,0,1,0,1,1,"TA",4,"Typ",0,"No fireplace","Attchd","Fin","Other","TA","TA","Y",120,40,0,0,0,0,"No","No fence","None",0,6,2007,133000,40,2,9
"120","Other",33,4113,"Pave","No alley","Other","Lvl","AllPub","Inside","Gtl","NAmes","Norm","Norm","Other","1Story",6,5,2001,2001,"Gable","CompShg","MetalSd","MetalSd","None",0,"Other","TA","PConc","Gd","TA","Other","Unf",0,"Unf",0,1337,1337,"GasA","Ex","Y","SBrkr",1337,0,0,1337,0,0,2,0,2,1,"Other",5,"Typ",1,"TA","Attchd","Fin","2","TA","TA","Y",136,68,0,0,0,0,"No","No fence","None",0,7,2007,155000,68,2,6
"120","Other",26,10943,"Pave","No alley","Other","Lvl","AllPub","Other","Gtl","NAmes","Norm","Norm","Other","1Story",6,5,1997,1998,"Gable","CompShg","MetalSd","MetalSd","None",0,"Other","TA","PConc","Gd","TA","No","GLQ",930,"Unf",0,475,1405,"GasA","Ex","Y","SBrkr",1337,0,0,1337,1,0,2,0,2,1,"Other",5,"Typ",1,"TA","Attchd","Fin","2","TA","TA","Y",0,68,0,0,0,0,"No","No fence","None",0,10,2007,177000,68,3,9
"160","Other",21,2205,"Pave","No alley","Reg","Lvl","AllPub","Inside","Gtl","BrDale","Norm","Norm","Other","Other",6,6,1973,1973,"Gable","CompShg","HdBoard","HdBoard","Other",567,"TA","TA","CBlock","TA","TA","No","ALQ",312,"Unf",0,213,525,"GasA","TA","Y","SBrkr",525,567,0,1092,0,0,1,1,3,1,"TA",6,"Typ",0,"No fireplace","Other","Unf","Other","TA","TA","Y",144,0,0,0,0,0,"No","No fence","None",0,2,2007,113500,0,1.5,34
"160","Other",21,1890,"Pave","No alley","Reg","Lvl","AllPub","Inside","Gtl","BrDale","Norm","Norm","Other","Other",6,5,1973,1973,"Gable","CompShg","HdBoard","HdBoard","Other",285,"TA","TA","CBlock","TA","TA","No","BLQ",356,"Unf",0,316,672,"GasA","TA","Y","SBrkr",672,546,0,1218,0,0,1,1,3,1,"TA",7,"Typ",0,"No fireplace","Other","Unf","Other","TA","TA","Y",144,28,0,0,0,0,"No","No fence","None",0,5,2007,113000,28,1.5,34
"160","Other",21,2058,"Pave","No alley","Reg","Lvl","AllPub","Inside","Gtl","BrDale","Norm","Norm","Other","Other",6,5,1973,1973,"Gable","CompShg","HdBoard","HdBoard","Other",265,"TA","TA","CBlock","TA","TA","No","Unf",0,"Unf",0,672,672,"GasA","Ex","Y","SBrkr",672,546,0,1218,0,0,1,1,4,1,"Other",7,"Typ",0,"No fireplace","Other","Unf","Other","TA","TA","Y",0,28,0,0,0,0,"No","No fence","None",0,12,2007,113700,28,1.5,34
"160","Other",24,2016,"Pave","No alley","Reg","Lvl","AllPub","Inside","Gtl","BrDale","Norm","Norm","Other","Other",5,5,1970,1970,"Gable","CompShg","HdBoard","HdBoard","Other",304,"TA","TA","CBlock","TA","TA","No","Unf",0,"Unf",0,630,630,"GasA","TA","Y","SBrkr",630,672,0,1302,0,0,2,1,3,1,"TA",6,"Typ",0,"No fireplace","Other","Unf","2","TA","TA","Y",0,0,0,0,0,0,"No","No fence","None",0,4,2007,106000,0,2.5,37
"160","Other",24,1920,"Pave","No alley","Reg","Lvl","AllPub","Inside","Gtl","BrDale","Norm","Norm","Other","Other",5,5,1971,1971,"Gable","CompShg","HdBoard","HdBoard","Other",376,"TA","TA","CBlock","TA","TA","No","ALQ",471,"Unf",0,294,765,"GasA","Ex","Y","SBrkr",765,600,0,1365,1,0,1,1,2,1,"TA",6,"Other",0,"No fireplace","Other","Unf","2","TA","TA","Y",240,36,0,0,0,0,"No","No fence","None",0,8,2007,122500,36,2.5,36
"120","RL",0,4928,"Pave","No alley","Other","Lvl","AllPub","Inside","Gtl","NPkVill","Norm","Norm","Other","1Story",6,5,1976,1976,"Gable","CompShg","Plywood","Plywood","None",0,"TA","TA","CBlock","Gd","TA","No","ALQ",120,"Unf",0,958,1078,"GasA","TA","Y","SBrkr",958,0,0,958,0,0,2,0,2,1,"TA",5,"Typ",1,"TA","Attchd","RFn","2","TA","TA","Y",0,205,0,0,0,0,"No","No fence","None",0,2,2007,128000,205,2,31
"160","RL",24,2308,"Pave","No alley","Reg","Lvl","AllPub","Other","Gtl","NPkVill","Norm","Norm","Other","Other",6,6,1976,1976,"Gable","CompShg","Plywood","Brk Cmn","None",0,"TA","TA","CBlock","Gd","TA","No","ALQ",556,"Unf",0,248,804,"GasA","TA","Y","SBrkr",804,744,0,1548,1,0,2,1,3,1,"Other",7,"Typ",1,"TA","Other","Unf","2","TA","TA","Y",48,0,0,0,0,0,"No","No fence","None",0,7,2007,155000,0,3.5,31
"120","RL",24,2304,"Pave","No alley","Reg","Lvl","AllPub","Inside","Gtl","NPkVill","Norm","Norm","Other","1Story",7,7,1978,1978,"Gable","CompShg","Plywood","Brk Cmn","None",0,"TA","TA","CBlock","Gd","TA","No","GLQ",632,"Unf",6,423,1061,"GasA","TA","Y","SBrkr",1055,0,0,1055,0,0,2,0,2,1,"TA",4,"Typ",0,"No fireplace","Attchd","Unf","Other","TA","TA","Y",108,32,0,0,0,0,"No","No fence","None",0,4,2007,142500,32,2,29
"20","RL",65,7150,"Pave","No alley","Reg","Lvl","AllPub","Inside","Gtl","NAmes","Norm","Norm","1Fam","1Story",5,6,1966,1966,"Other","CompShg","HdBoard","HdBoard","Other",52,"TA","TA","CBlock","TA","TA","No","BLQ",725,"Unf",0,263,988,"GasA","TA","Y","SBrkr",988,0,0,988,1,0,1,0,3,1,"TA",5,"Typ",0,"No fireplace","Other","Unf","Other","TA","TA","Y",0,0,0,0,0,0,"No","No fence","None",0,11,2007,129250,0,2,41
"20","RL",105,15431,"Pave","No alley","Reg","Lvl","AllPub","Inside","Gtl","NridgHt","Norm","Norm","1Fam","1Story",10,5,2005,2006,"Other","CompShg","VinylSd","VinylSd","Other",400,"Other","TA","PConc","Other","TA","Other","GLQ",1430,"Unf",0,564,1994,"GasA","Ex","Y","SBrkr",2046,0,0,2046,1,0,2,1,2,1,"Other",7,"Typ",2,"Gd","Attchd","Fin","Other","TA","TA","Y",188,65,0,0,175,0,"No","No fence","None",0,8,2007,450000,240,3.5,1
"60","RL",105,13693,"Pave","No alley","Reg","Lvl","AllPub","Inside","Gtl","NridgHt","Norm","Norm","1Fam","Other",9,5,2006,2006,"Other","CompShg","VinylSd","VinylSd","Other",772,"Other","TA","PConc","Gd","TA","Other","Unf",0,"Unf",0,2153,2153,"GasA","Ex","Y","SBrkr",2069,574,0,2643,0,0,2,1,3,1,"Other",9,"Typ",1,"Gd","Other","Fin","Other","TA","TA","Y",414,84,0,0,0,0,"No","No fence","None",0,3,2007,380000,84,2.5,1
"20","RL",98,11428,"Pave","No alley","Other","Lvl","AllPub","Inside","Gtl","NridgHt","Norm","Norm","1Fam","1Story",8,5,2006,2006,"Gable","CompShg","VinylSd","VinylSd","Other",248,"Other","TA","PConc","Gd","TA","No","Unf",0,"Unf",0,1626,1626,"GasA","Ex","Y","SBrkr",1634,0,0,1634,0,0,2,0,3,1,"Other",7,"Typ",1,"Gd","Attchd","RFn","Other","TA","TA","Y",0,44,0,0,0,0,"No","No fence","None",0,5,2007,250000,44,2,1
"60","RL",118,13654,"Pave","No alley","Other","Lvl","AllPub","Other","Gtl","NridgHt","Norm","Norm","1Fam","Other",9,5,2005,2006,"Gable","CompShg","MetalSd","MetalSd","Other",365,"Other","TA","PConc","Other","TA","Other","Unf",0,"Unf",0,1704,1704,"GasA","Ex","Y","SBrkr",1722,1036,0,2758,0,0,2,1,4,1,"Other",9,"Typ",1,"Other","Other","Fin","Other","TA","TA","Y",282,55,0,0,0,0,"No","No fence","None",0,5,2007,418000,55,2.5,1
"60","RL",76,9591,"Pave","No alley","Reg","Lvl","AllPub","Inside","Gtl","NridgHt","Norm","Norm","1Fam","Other",8,5,2004,2005,"Gable","CompShg","VinylSd","VinylSd","Other",344,"Other","TA","PConc","Other","TA","Other","Unf",0,"Unf",0,1143,1143,"GasA","Ex","Y","SBrkr",1143,1330,0,2473,0,0,2,1,4,1,"Other",9,"Typ",1,"Gd","Other","RFn","Other","TA","TA","Y",192,151,0,0,0,0,"No","No fence","None",0,10,2007,317000,151,2.5,2
"20","RL",94,13615,"Pave","No alley","Other","Other","AllPub","Other","Other","NridgHt","Norm","Norm","1Fam","1Story",9,5,2006,2006,"Other","CompShg","MetalSd","MetalSd","Other",510,"Other","TA","PConc","Other","TA","Other","Unf",0,"Unf",0,1802,1802,"GasA","Ex","Y","SBrkr",1802,0,0,1802,0,0,2,1,3,1,"Other",7,"Typ",1,"Gd","Attchd","Fin","Other","TA","TA","Y",158,105,0,0,0,0,"No","No fence","None",0,6,2007,372000,105,2.5,1
"60","RL",99,13069,"Pave","No alley","Other","Lvl","AllPub","Inside","Gtl","NridgHt","Norm","Norm","1Fam","Other",8,5,2004,2004,"Gable","CompShg","VinylSd","VinylSd","Other",502,"Other","TA","PConc","Gd","TA","Other","Unf",0,"Unf",0,1706,1706,"GasA","Ex","Y","SBrkr",1718,1238,0,2956,0,0,2,1,5,1,"Other",11,"Typ",1,"Other","Other","RFn","Other","TA","TA","Y",194,50,0,0,0,0,"No","No fence","None",0,8,2007,342000,50,2.5,3
"60","RL",99,12099,"Pave","No alley","Other","Lvl","AllPub","Inside","Gtl","NridgHt","Norm","Norm","1Fam","Other",8,5,2004,2004,"Gable","CompShg","VinylSd","VinylSd","Other",388,"Other","TA","PConc","Other","TA","Other","GLQ",970,"Unf",0,166,1136,"GasA","Ex","Y","SBrkr",1136,1332,0,2468,1,0,2,1,4,1,"Other",10,"Typ",1,"Gd","Other","Fin","Other","TA","TA","Y",184,154,0,0,0,0,"No","No fence","None",0,6,2007,354000,154,3.5,3
"60","RL",110,14277,"Pave","No alley","Reg","Lvl","AllPub","Inside","Gtl","NridgHt","Norm","Norm","1Fam","Other",8,5,2003,2003,"Gable","CompShg","VinylSd","VinylSd","Other",280,"Other","TA","PConc","Other","TA","Other","GLQ",938,"Unf",0,379,1317,"GasA","Ex","Y","SBrkr",1217,1168,0,2385,1,0,2,1,3,1,"Other",7,"Typ",1,"Gd","Attchd","Fin","Other","TA","TA","Y",192,228,0,0,0,0,"No","No fence","None",0,1,2007,350000,228,3.5,4
"60","RL",93,11999,"Pave","No alley","Reg","Lvl","AllPub","Inside","Gtl","NridgHt","Norm","Norm","1Fam","Other",8,5,2003,2004,"Other","CompShg","VinylSd","VinylSd","Other",340,"Other","TA","PConc","Gd","TA","No","Unf",0,"Unf",0,1181,1181,"GasA","Ex","Y","SBrkr",1234,1140,0,2374,0,0,2,1,4,1,"Other",10,"Typ",1,"Gd","Other","Fin","Other","TA","TA","Y",104,100,0,0,0,0,"No","No fence","None",0,5,2007,285000,100,2.5,3
"20","RL",70,9926,"Pave","No alley","Other","Lvl","AllPub","Inside","Gtl","NridgHt","Norm","Norm","1Fam","1Story",7,5,2005,2006,"Gable","CompShg","VinylSd","VinylSd","Other",210,"Other","TA","PConc","Gd","TA","Other","GLQ",1178,"Unf",0,436,1614,"GasA","Ex","Y","SBrkr",1614,0,0,1614,1,0,2,0,3,1,"Other",7,"Typ",0,"No fireplace","Attchd","RFn","Other","TA","TA","Y",100,38,0,0,0,0,"No","No fence","None",0,5,2007,245700,38,3,1
"20","RL",71,9254,"Pave","No alley","Other","Lvl","AllPub","Inside","Gtl","NridgHt","Norm","Norm","1Fam","1Story",8,5,2005,2005,"Gable","CompShg","VinylSd","VinylSd","Other",210,"Other","TA","PConc","Gd","TA","No","GLQ",119,"Unf",0,1602,1721,"GasA","Ex","Y","SBrkr",1721,0,0,1721,1,0,2,0,3,1,"Other",7,"Typ",0,"No fireplace","Attchd","RFn","2","TA","TA","Y",168,27,0,0,0,0,"No","No fence","None",0,1,2007,232698,27,3,2
"120","RL",61,7577,"Pave","No alley","Other","Lvl","AllPub","Other","Gtl","NridgHt","Norm","Norm","Other","1Story",6,5,2005,2006,"Gable","CompShg","VinylSd","VinylSd","Other",256,"Other","TA","PConc","Gd","TA","Other","ALQ",20,"Unf",0,1342,1362,"GasA","Ex","Y","SBrkr",1362,0,0,1362,0,0,2,0,2,1,"Other",6,"Typ",1,"Gd","Attchd","RFn","2","TA","TA","Y",192,28,0,0,0,0,"No","No fence","None",0,6,2007,194700,28,2,1
"120","RL",34,3903,"Pave","No alley","Reg","Lvl","AllPub","Inside","Gtl","NridgHt","Norm","Norm","Other","1Story",6,5,2005,2006,"Gable","CompShg","VinylSd","VinylSd","Other",182,"Other","TA","PConc","Gd","TA","Other","ALQ",1030,"Unf",0,272,1302,"GasA","Ex","Y","SBrkr",1302,0,0,1302,1,0,1,1,1,1,"Other",5,"Typ",1,"Gd","Attchd","RFn","2","TA","TA","Y",110,50,0,0,0,0,"No","No fence","None",0,5,2007,200000,50,2.5,1
"120","RL",41,6289,"Pave","No alley","Other","Lvl","AllPub","Inside","Gtl","NridgHt","Norm","Norm","Other","1Story",6,5,2005,2006,"Gable","CompShg","VinylSd","VinylSd","Other",256,"Other","TA","PConc","Gd","TA","Other","ALQ",762,"Unf",0,600,1362,"GasA","Ex","Y","SBrkr",1362,0,0,1362,1,0,2,0,2,1,"Other",6,"Typ",1,"Gd","Attchd","RFn","2","TA","TA","Y",192,28,0,0,0,0,"No","No fence","None",0,6,2007,207000,28,3,1
"120","RL",34,4590,"Pave","No alley","Reg","Lvl","AllPub","Inside","Gtl","NridgHt","Norm","Norm","Other","1Story",8,5,2006,2006,"Gable","CompShg","VinylSd","VinylSd","Other",108,"Other","TA","PConc","Gd","Other","Other","GLQ",24,"Unf",0,1530,1554,"GasA","Ex","Y","SBrkr",1554,0,0,1554,0,0,2,0,2,1,"Other",6,"Typ",1,"Gd","Attchd","RFn","2","TA","TA","Y",156,73,0,0,0,0,"No","No fence","None",0,8,2007,209500,73,2,1
"120","RL",34,4590,"Pave","No alley","Reg","Lvl","AllPub","Inside","Gtl","NridgHt","Norm","Norm","Other","1Story",8,5,2006,2006,"Gable","CompShg","VinylSd","VinylSd","Other",108,"Other","TA","PConc","Gd","Other","Other","GLQ",24,"Unf",0,1530,1554,"GasA","Ex","Y","SBrkr",1554,0,0,1554,0,0,2,0,2,1,"Other",6,"Typ",1,"Gd","Attchd","RFn","2","TA","TA","Y",156,73,0,0,0,0,"No","No fence","None",0,5,2007,209500,73,2,1
"120","RL",44,6442,"Pave","No alley","Other","Lvl","AllPub","Inside","Gtl","NridgHt","Norm","Norm","Other","1Story",8,5,2006,2006,"Gable","CompShg","VinylSd","VinylSd","Other",178,"Other","TA","PConc","Gd","Other","Other","GLQ",24,"Unf",0,1346,1370,"GasA","Ex","Y","SBrkr",1370,0,0,1370,0,0,2,0,2,1,"Other",6,"Typ",1,"Gd","Attchd","RFn","2","TA","TA","Y",120,49,0,0,0,0,"No","No fence","None",0,10,2007,202500,49,2,1
"120","RL",48,7841,"Pave","No alley","Other","Lvl","AllPub","Inside","Gtl","NridgHt","Norm","Norm","Other","1Story",9,5,2005,2005,"Other","CompShg","MetalSd","MetalSd","Other",394,"Other","TA","PConc","Other","TA","No","GLQ",848,"Unf",0,729,1577,"GasA","Ex","Y","SBrkr",1577,0,0,1577,1,0,2,0,2,1,"Other",6,"Typ",1,"Gd","Attchd","RFn","2","TA","TA","Y",203,39,0,0,0,0,"No","No fence","None",0,5,2007,280000,39,3,2
"120","RL",60,7313,"Pave","No alley","Reg","Lvl","AllPub","Inside","Gtl","NridgHt","Norm","Norm","Other","1Story",9,5,2005,2005,"Other","CompShg","MetalSd","MetalSd","Other",246,"Other","TA","PConc","Other","TA","No","GLQ",1153,"Unf",0,408,1561,"GasA","Ex","Y","SBrkr",1561,0,0,1561,1,0,2,0,2,1,"Other",6,"Typ",1,"Gd","Attchd","Fin","2","TA","TA","Y",203,47,0,0,0,0,"No","No fence","None",0,8,2007,277500,47,3,2
"120","RL",48,3242,"Pave","No alley","Reg","Lvl","AllPub","Inside","Gtl","NridgHt","Norm","Norm","Other","1Story",7,5,2003,2003,"Gable","CompShg","VinylSd","Wd Shng","Other",235,"Other","TA","PConc","Gd","TA","No","GLQ",1000,"Unf",0,405,1405,"GasA","Ex","Y","SBrkr",1405,0,0,1405,1,0,2,0,2,1,"Other",6,"Typ",1,"Gd","Attchd","RFn","2","TA","TA","Y",136,36,0,0,0,0,"No","No fence","None",0,3,2007,200000,36,3,4
"60","RL",65,10237,"Pave","No alley","Reg","Lvl","AllPub","Inside","Gtl","Gilbert","Other","Norm","1Fam","Other",6,5,2005,2006,"Gable","CompShg","VinylSd","VinylSd","None",0,"Other","TA","PConc","Gd","TA","No","Unf",0,"Unf",0,768,768,"GasA","Ex","Y","SBrkr",768,768,0,1536,0,0,2,1,3,1,"Other",6,"Typ",1,"Gd","Attchd","Fin","2","TA","TA","Y",100,38,0,0,0,0,"No","No fence","None",0,6,2007,176000,38,2.5,1
"20","RL",88,12216,"Pave","No alley","Other","Lvl","AllPub","Other","Gtl","Gilbert","Norm","Norm","1Fam","1Story",6,5,2005,2005,"Gable","CompShg","VinylSd","VinylSd","None",0,"TA","TA","PConc","Gd","TA","Other","GLQ",918,"Unf",0,408,1326,"GasA","Ex","Y","SBrkr",1326,0,0,1326,1,0,2,0,3,1,"Other",6,"Typ",0,"No fireplace","Attchd","Fin","2","TA","TA","Y",120,23,0,0,0,0,"No","No fence","Other",2000,6,2007,203000,23,3,2
"120","RL",0,3621,"Pave","No alley","Reg","Lvl","AllPub","Inside","Gtl","Other","Norm","Norm","Other","1Story",8,5,2003,2003,"Other","CompShg","VinylSd","VinylSd","Other",72,"Other","TA","PConc","Gd","TA","Other","GLQ",1084,"Unf",0,322,1406,"GasA","Ex","Y","SBrkr",1589,0,0,1589,1,0,2,0,2,1,"Other",7,"Typ",1,"TA","Attchd","Fin","Other","TA","TA","Y",143,20,0,0,0,0,"No","No fence","None",0,11,2007,226500,20,3,4
"80","RL",65,16219,"Pave","No alley","Other","Lvl","AllPub","Inside","Gtl","Gilbert","Norm","Norm","1Fam","Other",7,5,2004,2005,"Gable","CompShg","VinylSd","VinylSd","None",0,"Other","TA","PConc","Gd","TA","Other","GLQ",779,"Unf",0,56,835,"GasA","Ex","Y","SBrkr",1119,0,0,1119,1,0,2,0,2,1,"Other",5,"Typ",0,"No fireplace","Attchd","Fin","2","TA","TA","Y",100,24,0,0,0,0,"No","No fence","None",0,4,2007,188500,24,3,2
"60","RL",59,11796,"Pave","No alley","Other","Lvl","AllPub","Inside","Gtl","Gilbert","Norm","Norm","1Fam","Other",7,5,2004,2005,"Gable","CompShg","VinylSd","VinylSd","None",0,"Other","TA","PConc","Gd","TA","Other","Unf",0,"Unf",0,847,847,"GasA","Ex","Y","SBrkr",847,1112,0,1959,0,0,2,1,4,1,"Other",8,"Typ",1,"Gd","Other","Fin","2","TA","TA","Y",100,48,0,0,0,0,"No","No fence","None",0,7,2007,215000,48,2.5,2
"60","RL",62,8244,"Pave","No alley","Other","Lvl","AllPub","Inside","Gtl","Gilbert","Norm","Norm","1Fam","Other",7,5,2004,2004,"Gable","CompShg","VinylSd","VinylSd","None",0,"Other","TA","PConc","Gd","TA","No","Unf",0,"Unf",0,840,840,"GasA","Ex","Y","SBrkr",840,880,0,1720,0,0,2,1,3,1,"Other",7,"Typ",1,"Gd","Attchd","Fin","2","TA","TA","Y",100,48,0,0,0,0,"No","No fence","None",0,5,2007,183500,48,2.5,3
"80","RL",0,11950,"Pave","No alley","Other","Lvl","AllPub","Other","Gtl","Gilbert","Norm","Norm","1Fam","Other",7,5,2003,2003,"Gable","CompShg","VinylSd","VinylSd","None",0,"Other","TA","PConc","Gd","TA","No","Unf",0,"Unf",0,384,384,"GasA","Ex","Y","SBrkr",754,640,0,1394,0,0,2,1,3,1,"Other",7,"Typ",1,"TA","Other","Fin","2","TA","TA","Y",100,0,0,0,0,0,"No","No fence","None",0,10,2007,165500,0,2.5,4
"60","RL",63,7875,"Pave","No alley","Reg","Lvl","AllPub","Inside","Gtl","Gilbert","Norm","Norm","1Fam","Other",7,5,2003,2003,"Gable","CompShg","VinylSd","VinylSd","Other",16,"Other","TA","PConc","Gd","TA","No","Unf",0,"Unf",0,847,847,"GasA","Ex","Y","SBrkr",847,1101,0,1948,0,0,2,1,4,1,"Other",8,"Typ",1,"Gd","Other","Fin","2","TA","TA","Y",0,48,0,0,0,0,"No","No fence","None",0,7,2007,211000,48,2.5,4
"60","RL",0,8740,"Pave","No alley","Other","Lvl","AllPub","Inside","Gtl","Gilbert","Norm","Norm","1Fam","Other",7,5,2002,2002,"Gable","CompShg","VinylSd","VinylSd","None",0,"Other","TA","PConc","Gd","TA","No","GLQ",574,"Unf",0,280,854,"GasA","Ex","Y","SBrkr",864,1131,0,1995,0,0,2,1,4,1,"Other",8,"Typ",1,"Gd","Other","Fin","2","TA","TA","Y",264,48,0,0,0,0,"No","No fence","None",0,7,2007,219500,48,2.5,5
"60","RL",62,7917,"Pave","No alley","Reg","Lvl","AllPub","Inside","Gtl","Gilbert","Norm","Norm","1Fam","Other",6,5,1999,2000,"Gable","CompShg","VinylSd","VinylSd","None",0,"TA","TA","PConc","Gd","TA","No","Unf",0,"Unf",0,953,953,"GasA","Ex","Y","SBrkr",953,694,0,1647,0,0,2,1,3,1,"TA",7,"Typ",1,"TA","Attchd","RFn","2","TA","TA","Y",0,40,0,0,0,0,"No","No fence","None",0,8,2007,175000,40,2.5,7
"80","RL",76,9967,"Pave","No alley","Other","Lvl","AllPub","Inside","Gtl","Gilbert","Norm","Norm","1Fam","Other",7,5,2000,2000,"Gable","CompShg","VinylSd","VinylSd","None",0,"TA","TA","PConc","Gd","TA","No","Unf",0,"Unf",0,384,384,"GasA","Ex","Y","SBrkr",774,656,0,1430,0,0,2,1,3,1,"TA",8,"Typ",1,"TA","Other","RFn","2","TA","TA","Y",100,0,0,0,0,0,"No","No fence","None",0,12,2007,170000,0,2.5,7
"60","RL",0,7750,"Pave","No alley","Reg","Lvl","AllPub","Inside","Gtl","Gilbert","Other","Norm","1Fam","Other",7,5,2003,2003,"Gable","CompShg","VinylSd","VinylSd","None",0,"Other","TA","PConc","Gd","TA","No","Unf",0,"Unf",0,660,660,"GasA","Ex","Y","SBrkr",660,660,0,1320,0,0,2,1,3,1,"Other",6,"Typ",0,"No fireplace","Attchd","Fin","2","TA","TA","Y",0,48,0,0,0,0,"No","No fence","None",0,8,2007,162000,48,2.5,4
"60","RL",58,9487,"Pave","No alley","Other","Lvl","AllPub","Inside","Gtl","Gilbert","Norm","Norm","1Fam","Other",6,5,2000,2000,"Gable","CompShg","VinylSd","VinylSd","None",0,"TA","TA","PConc","Gd","TA","No","GLQ",520,"Unf",0,395,915,"GasA","Ex","Y","SBrkr",940,750,0,1690,1,0,2,1,3,1,"TA",7,"Typ",1,"TA","Attchd","RFn","2","TA","TA","Y",0,50,0,0,0,0,"No","No fence","None",0,6,2007,187000,50,3.5,7
"60","RL",59,9649,"Pave","No alley","Other","Lvl","AllPub","Inside","Gtl","Gilbert","Norm","Norm","1Fam","Other",6,5,1999,2000,"Gable","CompShg","VinylSd","VinylSd","None",0,"TA","TA","PConc","Gd","TA","No","Unf",0,"Unf",0,941,941,"GasA","Ex","Y","SBrkr",961,683,0,1644,0,0,2,1,3,1,"TA",7,"Typ",1,"TA","Attchd","RFn","2","TA","TA","Y",460,42,0,0,0,0,"No","No fence","None",0,5,2007,185000,42,2.5,7
"60","RL",100,12191,"Pave","No alley","Other","Lvl","AllPub","Inside","Gtl","NoRidge","Norm","Norm","1Fam","Other",8,5,1997,1998,"Other","CompShg","VinylSd","VinylSd","Other",515,"Other","TA","PConc","Gd","TA","Other","GLQ",1181,"Unf",0,598,1779,"GasA","Ex","Y","SBrkr",1779,772,0,2551,1,0,2,1,4,1,"Other",8,"Typ",2,"TA","Attchd","Fin","Other","TA","TA","Y",76,61,0,0,0,0,"No","No fence","None",0,6,2007,384500,61,3.5,9
"60","RL",0,11000,"Pave","No alley","Reg","Lvl","AllPub","Other","Gtl","NoRidge","Norm","Norm","1Fam","Other",8,5,2000,2000,"Gable","CompShg","VinylSd","VinylSd","Other",72,"Other","TA","PConc","Gd","TA","No","Unf",0,"Unf",0,969,969,"GasA","Ex","Y","SBrkr",997,1288,0,2285,0,0,2,1,4,1,"Other",8,"Typ",1,"TA","Other","Fin","Other","TA","TA","Y",0,56,0,0,0,0,"No","No fence","None",0,6,2007,248000,56,2.5,7
"20","RL",0,11400,"Pave","No alley","Reg","Lvl","AllPub","Inside","Gtl","NoRidge","Norm","Norm","1Fam","1Story",10,5,2001,2002,"Other","CompShg","VinylSd","VinylSd","Other",705,"Other","TA","PConc","Other","TA","Other","GLQ",1282,"Unf",0,1351,2633,"GasA","Ex","Y","SBrkr",2633,0,0,2633,1,0,2,1,2,1,"Other",8,"Typ",2,"Gd","Attchd","RFn","Other","TA","TA","Y",314,140,0,0,0,0,"No","No fence","None",0,3,2007,466500,140,3.5,5
"60","RL",89,10557,"Pave","No alley","Other","Lvl","AllPub","Inside","Gtl","NoRidge","Norm","Norm","1Fam","Other",9,5,1998,1998,"Gable","CompShg","MetalSd","MetalSd","Other",422,"Other","TA","PConc","Other","TA","Other","GLQ",672,"Unf",0,736,1408,"GasA","Ex","Y","SBrkr",1671,1407,0,3078,1,0,2,1,4,1,"Other",9,"Typ",1,"TA","Attchd","Fin","Other","TA","TA","Y",108,87,0,0,0,0,"No","No fence","None",0,7,2007,410000,87,3.5,9
"60","RL",74,11002,"Pave","No alley","Other","Lvl","AllPub","Inside","Gtl","NoRidge","Norm","Norm","1Fam","Other",8,5,1998,1999,"Gable","CompShg","VinylSd","VinylSd","None",0,"Other","TA","PConc","Gd","TA","No","GLQ",1048,"Unf",0,341,1389,"GasA","Ex","Y","SBrkr",1411,1171,0,2582,1,0,2,1,4,1,"Other",9,"Typ",1,"TA","Attchd","Fin","Other","TA","TA","Y",286,60,0,0,0,0,"No","No fence","None",0,1,2007,322500,60,3.5,8
"60","RL",83,10790,"Pave","No alley","Reg","Lvl","AllPub","Inside","Gtl","NoRidge","Norm","Norm","1Fam","Other",7,5,1998,1998,"Gable","CompShg","VinylSd","VinylSd","Other",275,"Other","TA","PConc","Gd","TA","No","Unf",0,"Unf",0,1066,1066,"GasA","Ex","Y","SBrkr",1108,1277,0,2385,0,0,2,1,4,1,"Other",8,"Typ",1,"TA","Other","Fin","Other","TA","TA","Y",120,38,0,0,0,0,"No","No fence","None",0,5,2007,252000,38,2.5,9
"60","RL",104,21535,"Pave","No alley","Other","Lvl","AllPub","Other","Gtl","NoRidge","Norm","Norm","1Fam","Other",10,6,1994,1995,"Gable","Other","HdBoard","HdBoard","Other",1170,"Other","TA","PConc","Other","TA","Other","GLQ",1455,"Unf",0,989,2444,"GasA","Ex","Y","SBrkr",2444,1872,0,4316,0,1,3,1,4,1,"Other",10,"Typ",2,"Other","Attchd","Fin","Other","TA","TA","Y",382,50,0,0,0,0,"No","No fence","None",0,1,2007,755000,50,4,12
"60","RL",92,9920,"Pave","No alley","Other","Lvl","AllPub","Other","Gtl","NoRidge","Norm","Norm","1Fam","Other",7,5,1996,1997,"Gable","CompShg","MetalSd","MetalSd","None",0,"Other","TA","PConc","Gd","TA","Other","GLQ",862,"Unf",0,255,1117,"GasA","Ex","Y","SBrkr",1127,886,0,2013,1,0,2,1,3,1,"TA",8,"Typ",1,"TA","Attchd","Unf","2","TA","TA","Y",180,130,0,0,0,0,"No","No fence","None",0,6,2007,269790,130,3.5,10
"60","RL",95,11787,"Pave","No alley","Other","Lvl","AllPub","Inside","Gtl","NoRidge","Norm","Norm","1Fam","Other",7,5,1996,1997,"Gable","CompShg","VinylSd","VinylSd","Other",594,"Other","TA","PConc","Gd","TA","No","GLQ",719,"Unf",0,660,1379,"GasA","Ex","Y","SBrkr",1383,1015,0,2398,1,0,2,1,3,1,"Other",8,"Typ",1,"TA","Attchd","Fin","Other","TA","TA","Y",239,60,0,0,0,0,"No","No fence","None",0,8,2007,315750,60,3.5,10
"60","RL",65,12257,"Pave","No alley","Other","Lvl","AllPub","Inside","Gtl","NoRidge","Norm","Norm","1Fam","Other",8,5,1995,1995,"Gable","CompShg","VinylSd","VinylSd","Other",513,"Other","TA","PConc","Gd","TA","Other","Other",56,"Other",64,1198,1318,"GasA","Ex","Y","SBrkr",1328,1203,0,2531,0,0,2,1,4,1,"Other",9,"Typ",1,"TA","Attchd","RFn","Other","TA","TA","Y",222,98,0,0,0,0,"No","No fence","None",0,11,2007,290000,98,2.5,12
"20","RL",0,12692,"Pave","No alley","Other","Lvl","AllPub","Inside","Gtl","NoRidge","Norm","Norm","1Fam","1Story",8,5,1992,1993,"Other","CompShg","BrkFace","BrkFace","None",0,"Other","TA","PConc","Gd","TA","No","GLQ",1231,"Unf",0,1969,3200,"GasA","Ex","Y","SBrkr",3228,0,0,3228,1,0,3,0,4,1,"Other",10,"Typ",1,"Gd","Attchd","RFn","2","TA","TA","Y",264,75,291,0,0,0,"No","No fence","None",0,5,2007,430000,366,4,14
"60","RL",88,11762,"Pave","No alley","Reg","Lvl","AllPub","Inside","Gtl","NoRidge","Norm","Norm","1Fam","Other",8,5,1992,1993,"Gable","CompShg","VinylSd","VinylSd","Other",309,"Other","TA","PConc","Other","TA","No","GLQ",335,"Unf",0,770,1105,"GasA","Ex","Y","SBrkr",1105,1097,0,2202,1,0,2,1,4,1,"Other",9,"Typ",1,"TA","Attchd","RFn","2","TA","TA","Y",0,65,0,0,144,0,"No","No fence","None",0,9,2007,263000,209,3.5,14
"60","RL",82,9044,"Pave","No alley","Other","Lvl","AllPub","Inside","Gtl","NoRidge","Norm","Norm","1Fam","Other",8,5,1996,1997,"Gable","CompShg","VinylSd","VinylSd","Other",526,"Other","Other","PConc","Gd","TA","No","GLQ",1225,"Unf",0,100,1325,"GasA","Ex","Y","SBrkr",1335,1203,0,2538,0,0,2,1,4,1,"Other",8,"Typ",1,"TA","Attchd","RFn","Other","TA","TA","Y",198,92,0,0,0,0,"No","No fence","None",0,5,2007,330000,92,2.5,10
"20","RL",84,11670,"Pave","No alley","Other","Lvl","AllPub","Other","Gtl","Somerst","Other","Norm","1Fam","1Story",9,5,2006,2006,"Other","CompShg","VinylSd","ImStucc","Other",302,"Other","TA","PConc","Other","Other","No","Unf",0,"Unf",0,1905,1905,"GasA","Ex","Y","SBrkr",1905,0,0,1905,0,0,2,0,3,1,"Other",8,"Typ",1,"Gd","Attchd","Fin","Other","TA","TA","Y",0,191,0,0,0,0,"No","No fence","None",0,3,2007,320000,191,2,1
"20","RL",49,15256,"Pave","No alley","Other","Lvl","AllPub","Other","Gtl","Somerst","Other","Norm","1Fam","1Story",8,5,2007,2007,"Gable","CompShg","VinylSd","VinylSd","Other",84,"Other","TA","PConc","Gd","TA","Other","GLQ",929,"Unf",0,556,1485,"GasA","Ex","Y","SBrkr",1464,0,0,1464,1,0,2,0,3,1,"Other",6,"Typ",0,"No fireplace","Attchd","Unf","Other","TA","TA","Y",168,160,0,0,0,0,"No","No fence","None",0,8,2007,282922,160,3,0
"20","RL",116,13501,"Pave","No alley","Other","Lvl","AllPub","Other","Gtl","Somerst","Norm","Norm","1Fam","1Story",8,5,2006,2006,"Gable","CompShg","VinylSd","VinylSd","Other",208,"Other","TA","PConc","Gd","TA","No","GLQ",63,"Unf",0,1560,1623,"GasA","Ex","Y","SBrkr",1636,0,0,1636,1,0,2,0,3,1,"Other",8,"Typ",1,"Gd","Attchd","RFn","Other","TA","TA","Y",0,60,0,0,0,0,"No","No fence","None",0,6,2007,255000,60,3,1
"20","RL",85,10000,"Pave","No alley","Reg","Lvl","AllPub","Inside","Gtl","Somerst","Norm","Norm","1Fam","1Story",8,5,2006,2006,"Other","CompShg","VinylSd","VinylSd","Other",410,"Other","TA","PConc","Gd","Other","Other","Unf",0,"Unf",0,1588,1588,"GasA","Ex","Y","SBrkr",1588,0,0,1588,0,0,2,0,3,1,"Other",7,"Typ",1,"Gd","Attchd","RFn","Other","TA","TA","Y",144,45,0,0,0,0,"No","No fence","None",0,12,2007,227000,45,2,1
"20","RL",74,8847,"Pave","No alley","Reg","Lvl","AllPub","Inside","Gtl","Somerst","Norm","Norm","1Fam","1Story",8,5,2005,2005,"Gable","CompShg","VinylSd","VinylSd","Other",148,"Other","TA","PConc","Gd","TA","Other","GLQ",769,"Unf",0,769,1538,"GasA","Ex","Y","SBrkr",1538,0,0,1538,1,0,2,0,3,1,"Other",7,"Typ",0,"No fireplace","Attchd","RFn","2","TA","TA","Y",146,40,0,0,0,0,"No","No fence","None",0,12,2007,260000,40,3,2
"20","RL",70,8251,"Pave","No alley","Reg","Lvl","AllPub","Inside","Gtl","Somerst","Norm","Norm","1Fam","1Story",7,5,2005,2006,"Gable","CompShg","VinylSd","VinylSd","Other",143,"Other","TA","PConc","Gd","Other","Other","GLQ",778,"Unf",0,716,1494,"GasA","Ex","Y","SBrkr",1506,0,0,1506,1,0,2,0,3,1,"Other",7,"Typ",1,"Gd","Attchd","RFn","2","TA","TA","Y",192,35,0,0,0,0,"No","No fence","None",0,4,2007,249000,35,3,1
"20","RL",75,10084,"Pave","No alley","Reg","Lvl","AllPub","Inside","Gtl","Somerst","Norm","Norm","1Fam","1Story",8,5,2004,2005,"Gable","CompShg","VinylSd","VinylSd","Other",186,"Other","TA","PConc","Other","TA","Other","GLQ",1369,"Unf",0,317,1686,"GasA","Ex","Y","SBrkr",1694,0,0,1694,1,0,2,0,3,1,"Other",7,"Typ",1,"Gd","Attchd","RFn","2","TA","TA","Y",255,57,0,0,0,0,"No","No fence","None",0,8,2007,307000,57,3,2
"60","RL",75,8778,"Pave","No alley","Reg","Lvl","AllPub","Inside","Gtl","Somerst","Norm","Norm","1Fam","Other",8,5,2006,2006,"Gable","CompShg","VinylSd","VinylSd","None",0,"Other","TA","PConc","Gd","TA","No","Unf",0,"Unf",0,1302,1302,"GasA","Ex","Y","SBrkr",1302,528,0,1830,0,0,2,1,3,1,"Other",7,"Typ",0,"No fireplace","Other","RFn","Other","TA","TA","Y",0,40,0,0,0,0,"No","No fence","None",0,3,2007,221300,40,2.5,1
"20","RL",63,7500,"Pave","No alley","Reg","Lvl","AllPub","Inside","Gtl","SawyerW","Norm","Norm","1Fam","1Story",7,5,2006,2006,"Gable","CompShg","VinylSd","VinylSd","None",0,"Other","TA","PConc","Gd","Other","No","Unf",0,"Unf",0,1143,1143,"GasA","Ex","Y","SBrkr",1143,0,0,1143,0,0,1,1,3,1,"Other",5,"Typ",0,"No fireplace","Other","Other","Other","Other","Other","Y",0,55,0,0,0,0,"No","No fence","None",0,10,2007,147000,55,1.5,1
"20","RL",60,12450,"Pave","No alley","Reg","Lvl","AllPub","Inside","Gtl","SawyerW","Other","Norm","1Fam","1Story",5,5,2003,2004,"Gable","CompShg","VinylSd","VinylSd","Other",126,"Other","TA","PConc","Gd","TA","No","GLQ",729,"Unf",0,365,1094,"GasA","Ex","Y","SBrkr",1094,0,0,1094,1,0,1,0,3,1,"Other",6,"Typ",0,"No fireplace","Other","Unf","2","TA","TA","Y",0,0,0,0,0,0,"No","No fence","None",0,5,2007,149000,0,2,3
"20","RL",65,7441,"Pave","No alley","Other","Lvl","AllPub","Inside","Gtl","SawyerW","Norm","Norm","1Fam","1Story",7,5,2006,2006,"Gable","CompShg","VinylSd","VinylSd","Other",170,"Other","TA","PConc","Gd","TA","No","Unf",0,"Unf",0,1461,1461,"GasA","Ex","Y","SBrkr",1486,0,0,1486,0,0,2,0,3,1,"Other",7,"Typ",0,"No fireplace","Attchd","RFn","2","TA","TA","Y",0,32,0,0,0,0,"No","No fence","None",0,6,2007,181000,32,2,1
"60","RL",70,8462,"Pave","No alley","Other","Lvl","AllPub","Inside","Gtl","SawyerW","Norm","Norm","1Fam","Other",6,5,1994,1994,"Gable","CompShg","HdBoard","HdBoard","Other",105,"Other","Other","PConc","Gd","Other","No","GLQ",814,"Unf",0,114,928,"GasA","Ex","Y","SBrkr",936,785,0,1721,0,1,2,1,3,1,"Other",7,"Typ",0,"No fireplace","Attchd","RFn","2","TA","TA","Y",300,87,0,0,0,0,"No","No fence","None",0,7,2007,201000,87,3,13
"60","RL",0,11613,"Pave","No alley","Other","Lvl","AllPub","Other","Gtl","SawyerW","Norm","Norm","1Fam","Other",6,5,1993,1997,"Gable","CompShg","VinylSd","VinylSd","None",0,"Other","TA","PConc","Gd","TA","No","ALQ",480,"Unf",0,384,864,"GasA","Ex","Y","SBrkr",920,900,0,1820,0,0,2,1,3,1,"Other",7,"Typ",0,"No fireplace","Attchd","RFn","2","TA","TA","Y",144,85,0,0,0,0,"No","Other","None",0,5,2007,191750,85,2.5,10
"20","RL",65,8450,"Pave","No alley","Reg","Lvl","AllPub","Inside","Gtl","SawyerW","Norm","Norm","1Fam","1Story",7,5,2000,2001,"Gable","CompShg","VinylSd","VinylSd","Other",108,"TA","TA","PConc","Gd","TA","No","Unf",0,"Unf",0,1349,1349,"GasA","Ex","Y","SBrkr",1349,0,0,1349,0,0,2,0,3,1,"TA",6,"Typ",0,"No fireplace","Attchd","Unf","2","TA","TA","Y",120,55,0,0,0,0,"No","Other","None",0,12,2007,179000,55,2,6
"20","RL",0,16196,"Pave","No alley","Other","Other","AllPub","Inside","Gtl","SawyerW","Norm","Norm","1Fam","1Story",7,5,1998,1998,"Gable","CompShg","VinylSd","VinylSd","None",0,"Other","TA","PConc","Gd","TA","Other","GLQ",1443,"Unf",0,39,1482,"GasA","Ex","Y","SBrkr",1494,0,0,1494,1,0,2,0,3,1,"Other",5,"Typ",1,"Other","Attchd","RFn","2","TA","TA","Y",402,25,0,0,0,0,"No","No fence","None",0,8,2007,215000,25,3,9
"120","RL",50,8012,"Pave","No alley","Reg","Lvl","AllPub","Inside","Gtl","SawyerW","Norm","Norm","Other","1Story",6,5,1992,1992,"Gable","CompShg","Plywood","ImStucc","None",0,"Other","TA","PConc","Gd","TA","No","GLQ",430,"Unf",0,1145,1575,"GasA","Other","Y","SBrkr",1575,0,0,1575,1,0,2,0,2,1,"Other",5,"Typ",0,"No fireplace","Attchd","RFn","2","TA","TA","Y",0,0,52,0,0,0,"No","No fence","None",0,7,2007,179200,52,3,15
"160","RL",50,8012,"Pave","No alley","Reg","Lvl","AllPub","Inside","Gtl","SawyerW","Norm","Norm","Other","Other",6,5,1980,1980,"Gable","CompShg","Plywood","Plywood","None",0,"TA","TA","CBlock","TA","TA","No","Unf",0,"Unf",0,630,630,"GasA","Ex","Y","SBrkr",630,636,0,1266,0,0,1,1,2,1,"TA",5,"Typ",2,"TA","Attchd","RFn","Other","TA","TA","Y",340,0,0,0,0,0,"No","Other","None",0,7,2007,128000,0,1.5,27
"85","RL",0,9180,"Pave","No alley","Other","Lvl","AllPub","Other","Gtl","SawyerW","Norm","Norm","1Fam","Other",5,7,1983,1983,"Gable","CompShg","HdBoard","HdBoard","None",0,"TA","TA","CBlock","Gd","TA","Other","ALQ",747,"Other",93,0,840,"GasA","Other","Y","SBrkr",884,0,0,884,1,0,1,0,2,1,"Other",5,"Typ",0,"No fireplace","Attchd","RFn","2","TA","Other","Y",240,0,0,0,0,0,"No","Other","None",0,12,2007,144000,0,2,24
"90","Other",60,8400,"Pave","No alley","Reg","Lvl","AllPub","Inside","Gtl","SawyerW","Other","Norm","Other","1Story",5,5,1977,1977,"Gable","CompShg","Plywood","Plywood","Other",320,"TA","TA","Other","Other","Other","Other","Other",0,"Other",0,0,0,"GasA","TA","Y","SBrkr",2020,0,0,2020,0,0,2,0,4,2,"TA",10,"Typ",2,"TA","Other","Unf","2","TA","TA","Y",0,0,0,0,0,0,"No","No fence","None",0,10,2007,144000,0,2,30
"20","RL",64,6285,"Pave","No alley","Reg","Lvl","AllPub","Inside","Gtl","Sawyer","Norm","Norm","1Fam","1Story",5,5,1977,1977,"Gable","CompShg","Plywood","Plywood","None",0,"TA","TA","CBlock","Gd","TA","No","Other",138,"Other",351,405,894,"GasA","TA","Y","SBrkr",894,0,0,894,1,0,1,0,2,1,"TA",5,"Typ",0,"No fireplace","Other","Unf","Other","TA","TA","Y",192,0,0,0,0,0,"No","No fence","None",0,3,2007,120750,0,2,30
"20","RL",80,8480,"Pave","No alley","Reg","Lvl","AllPub","Other","Gtl","Sawyer","Norm","Norm","1Fam","1Story",5,6,1963,1963,"Other","CompShg","HdBoard","HdBoard","None",0,"TA","TA","CBlock","TA","TA","No","GLQ",630,"Unf",0,340,970,"GasA","TA","Y","SBrkr",970,0,0,970,1,0,1,0,2,1,"TA",5,"Typ",0,"No fireplace","Other","Unf","2","TA","TA","Y",0,24,0,0,192,0,"No","No fence","None",0,7,2007,132500,216,2,44
"20","RL",70,7420,"Pave","No alley","Reg","Lvl","AllPub","Inside","Gtl","Sawyer","Norm","Norm","1Fam","1Story",5,5,1962,1962,"Other","CompShg","MetalSd","MetalSd","None",0,"TA","TA","CBlock","TA","TA","No","Rec",417,"Unf",0,640,1057,"GasA","TA","Y","SBrkr",1057,0,0,1057,0,0,1,0,3,1,"TA",6,"Typ",0,"No fireplace","Other","Fin","2","TA","TA","Y",0,0,0,0,0,0,"No","No fence","None",0,4,2007,132000,0,1,45
"20","RL",0,7758,"Pave","No alley","Other","Lvl","AllPub","Other","Gtl","Sawyer","Norm","Norm","1Fam","1Story",5,7,1962,2001,"Gable","CompShg","HdBoard","Plywood","None",0,"TA","Other","CBlock","TA","TA","No","ALQ",588,"Unf",0,411,999,"GasA","Other","Y","SBrkr",999,0,0,999,1,0,1,0,3,1,"Other",6,"Typ",0,"No fireplace","Other","Unf","Other","TA","TA","Y",0,132,0,0,0,0,"No","No fence","None",0,3,2007,132500,132,2,6
"20","RL",85,6970,"Pave","No alley","Reg","Lvl","AllPub","Other","Gtl","Sawyer","Other","Norm","1Fam","1Story",4,5,1961,1961,"Gable","CompShg","VinylSd","VinylSd","None",0,"TA","TA","CBlock","TA","TA","No","ALQ",932,"Unf",0,108,1040,"GasA","TA","Y","SBrkr",1120,0,0,1120,1,0,1,1,3,1,"Other",5,"Typ",0,"No fireplace","Attchd","RFn","2","TA","TA","Y",168,0,0,0,0,0,"No","No fence","Other",400,5,2007,129000,0,2.5,46
"20","RL",40,13673,"Pave","No alley","Other","Lvl","AllPub","Other","Gtl","Sawyer","Other","Norm","1Fam","1Story",5,5,1962,1962,"Gable","CompShg","HdBoard","HdBoard","None",0,"TA","Other","CBlock","TA","TA","No","Unf",0,"Unf",0,1140,1140,"GasA","TA","Y","SBrkr",1696,0,0,1696,0,0,1,1,3,1,"TA",8,"Other",1,"TA","Attchd","RFn","Other","TA","TA","Y",0,30,0,0,0,0,"No","No fence","None",0,3,2007,143900,30,1.5,45
"20","RL",84,7476,"Pave","No alley","Reg","Lvl","AllPub","Other","Gtl","Sawyer","Norm","Norm","1Fam","1Story",5,7,1968,1968,"Gable","CompShg","HdBoard","HdBoard","None",0,"TA","TA","CBlock","TA","TA","No","Rec",812,"Unf",0,228,1040,"GasA","TA","Y","SBrkr",1040,0,0,1040,1,0,1,1,3,1,"TA",5,"Typ",0,"No fireplace","Other","Fin","2","TA","TA","Y",188,0,0,0,0,0,"No","No fence","None",0,6,2007,145000,0,2.5,39
"20","RL",0,9945,"Pave","No alley","Other","Lvl","AllPub","Inside","Gtl","Sawyer","Norm","Norm","1Fam","1Story",5,5,1961,1961,"Other","CompShg","Wd Sdng","Wd Sdng","Other",57,"TA","TA","CBlock","TA","TA","No","Rec",827,"Unf",0,161,988,"GasA","TA","Y","SBrkr",988,0,0,988,1,0,1,0,3,1,"TA",5,"Typ",0,"No fireplace","Other","Unf","2","TA","TA","Y",0,0,0,0,0,0,"No","No fence","None",0,10,2007,128500,0,2,46
"20","RL",0,6173,"Pave","No alley","Other","Lvl","AllPub","Inside","Gtl","Sawyer","Norm","Norm","1Fam","1Story",5,6,1967,1967,"Gable","CompShg","HdBoard","Wd Sdng","Other",75,"TA","TA","CBlock","TA","TA","No","GLQ",599,"Unf",0,277,876,"GasA","TA","Y","SBrkr",902,0,0,902,0,0,1,0,3,1,"TA",6,"Typ",0,"No fireplace","Attchd","Unf","Other","TA","TA","Y",0,0,0,0,0,0,"No","Other","None",0,8,2007,125500,0,1,40
"60","RL",0,19522,"Pave","No alley","Other","Other","AllPub","Inside","Gtl","Veenker","Norm","Norm","1Fam","Other",7,5,1990,1990,"Gable","CompShg","HdBoard","HdBoard","Other",272,"Other","TA","PConc","Gd","TA","No","GLQ",727,"Unf",0,496,1223,"GasA","Other","Y","SBrkr",1271,1232,0,2503,1,0,2,1,3,1,"Other",7,"Typ",1,"TA","Attchd","RFn","2","TA","TA","Y",0,99,0,0,182,0,"No","No fence","None",0,2,2007,300000,281,3.5,17
"60","RL",0,17542,"Pave","No alley","Other","Lvl","AllPub","Inside","Gtl","Veenker","Norm","Norm","1Fam","Other",7,7,1974,2003,"Gable","CompShg","Wd Sdng","Wd Sdng","None",0,"Other","TA","CBlock","TA","TA","Other","Other",125,"Other",1031,36,1192,"GasA","TA","Y","SBrkr",1516,651,0,2167,1,0,2,1,3,1,"Other",9,"Typ",2,"Gd","Attchd","RFn","2","TA","TA","Y",220,47,0,0,0,0,"No","Other","None",0,7,2007,294000,47,3.5,4
"20","RL",44,10751,"Pave","No alley","Other","Lvl","AllPub","Other","Gtl","Sawyer","Other","Norm","1Fam","1Story",5,5,1974,1974,"Gable","CompShg","Plywood","Plywood","Other",44,"TA","TA","CBlock","Other","TA","Other","ALQ",787,"Unf",0,250,1037,"GasA","TA","Y","SBrkr",1037,0,0,1037,1,0,1,0,2,1,"TA",5,"Typ",0,"No fireplace","Attchd","RFn","2","TA","TA","Y",136,47,0,0,0,0,"No","No fence","None",0,8,2007,129000,47,2,33
"85","RL",0,16647,"Pave","No alley","Other","Lvl","AllPub","Other","Gtl","Sawyer","Other","Norm","1Fam","Other",5,5,1975,1981,"Gable","CompShg","HdBoard","HdBoard","None",0,"TA","TA","CBlock","Gd","TA","Other","ALQ",1390,"Unf",0,0,1390,"GasA","TA","Y","SBrkr",1701,0,0,1701,1,0,2,0,3,1,"TA",6,"Other",2,"TA","Other","Fin","2","TA","TA","Y",0,0,0,0,0,0,"No","No fence","None",0,1,2007,171000,0,3,26
"60","RL",0,9572,"Pave","No alley","Other","Lvl","AllPub","Inside","Gtl","NoRidge","Norm","Norm","1Fam","Other",8,5,1990,1990,"Gable","CompShg","Wd Sdng","Wd Sdng","Other",336,"Other","TA","PConc","Other","TA","No","GLQ",482,"Unf",0,971,1453,"GasA","Ex","Y","SBrkr",1453,1357,0,2810,0,0,2,1,4,1,"Other",9,"Typ",1,"Other","Attchd","RFn","2","Other","Other","Y",500,0,0,0,0,0,"No","No fence","None",0,6,2007,302000,0,2.5,17
"50","RL",85,10678,"Pave","No alley","Reg","Lvl","AllPub","Inside","Gtl","NoRidge","Norm","Norm","1Fam","Other",8,5,1992,2000,"Other","CompShg","HdBoard","HdBoard","Other",337,"Other","TA","PConc","Gd","TA","No","GLQ",700,"Unf",0,983,1683,"GasA","Ex","Y","SBrkr",2129,743,0,2872,0,0,2,1,4,1,"Other",9,"Typ",1,"TA","Attchd","Fin","2","TA","TA","Y",0,33,0,0,0,0,"No","No fence","None",0,4,2007,285000,33,2.5,7
"120","RL",50,9466,"Pave","No alley","Other","Lvl","AllPub","Other","Gtl","Veenker","Norm","Norm","Other","1Story",8,5,1994,1995,"Gable","CompShg","BrkFace","BrkFace","None",0,"Other","TA","PConc","Gd","TA","Other","Other",457,"Other",1037,0,1494,"GasA","Ex","Y","SBrkr",1494,0,0,1494,1,0,1,1,1,1,"Other",5,"Typ",1,"Gd","Attchd","Fin","2","TA","TA","Y",0,30,0,0,217,0,"No","No fence","None",0,5,2007,279700,247,2.5,12
"20","RL",80,12000,"Pave","No alley","Reg","Lvl","AllPub","Inside","Gtl","Veenker","Norm","Norm","1Fam","1Story",7,6,1980,1980,"Other","CompShg","VinylSd","MetalSd","Other",600,"Other","TA","CBlock","Gd","TA","No","GLQ",1732,"Unf",0,270,2002,"GasA","Ex","Y","SBrkr",2362,0,0,2362,1,0,2,1,3,1,"Other",8,"Typ",1,"TA","Attchd","RFn","2","Other","TA","Y",180,16,0,0,0,0,"No","No fence","None",0,3,2007,255000,16,3.5,27
"80","RL",0,16157,"Pave","No alley","Other","Lvl","AllPub","Other","Gtl","Veenker","Other","Norm","1Fam","Other",5,7,1978,1978,"Gable","CompShg","Plywood","Plywood","None",0,"TA","TA","PConc","Gd","TA","Other","ALQ",680,"Other",391,289,1360,"GasA","Ex","Y","SBrkr",1432,0,0,1432,1,0,1,1,2,1,"Other",5,"Typ",1,"TA","Attchd","Unf","2","TA","TA","Y",168,180,0,0,0,0,"No","No fence","None",0,6,2007,194000,180,2.5,29
"20","RL",90,10768,"Pave","No alley","Other","Lvl","AllPub","Other","Gtl","Veenker","Norm","Norm","1Fam","1Story",5,8,1976,2004,"Gable","CompShg","Plywood","Plywood","None",0,"Other","Other","CBlock","Gd","TA","Other","ALQ",1157,"Unf",0,280,1437,"GasA","TA","Y","SBrkr",1437,0,0,1437,1,0,2,0,3,1,"Other",6,"Typ",1,"Other","Attchd","RFn","2","TA","TA","Y",0,21,0,0,180,0,"No","No fence","None",0,7,2007,218000,201,3,3
"120","RL",40,3840,"Pave","No alley","Other","Lvl","AllPub","Inside","Gtl","Other","Norm","Norm","Other","1Story",8,6,1978,1998,"Gable","CompShg","Wd Sdng","Plywood","None",0,"Other","TA","CBlock","Gd","TA","Other","GLQ",881,"Other",176,0,1057,"GasA","TA","Y","SBrkr",1295,0,0,1295,1,0,1,0,1,1,"Other",4,"Typ",2,"TA","Attchd","Fin","2","TA","TA","Y",133,89,0,0,0,0,"No","No fence","None",0,7,2007,213750,89,2,9
"80","RL",80,9600,"Pave","No alley","Reg","Lvl","AllPub","Other","Gtl","Veenker","Other","Norm","1Fam","Other",6,7,1976,1994,"Other","CompShg","Plywood","Plywood","Other",360,"Other","Other","CBlock","TA","TA","No","Unf",0,"Unf",0,528,528,"GasA","Ex","Y","SBrkr",1094,761,0,1855,0,0,2,1,3,1,"TA",7,"Typ",1,"TA","Attchd","RFn","2","TA","TA","Y",113,100,0,0,0,0,"No","No fence","None",0,8,2007,187000,100,2.5,13
"20","RL",80,9600,"Pave","No alley","Reg","Lvl","AllPub","Other","Gtl","Veenker","Other","Norm","1Fam","1Story",6,8,1976,1976,"Gable","CompShg","MetalSd","MetalSd","None",0,"TA","TA","CBlock","Gd","TA","Other","ALQ",978,"Unf",0,284,1262,"GasA","Ex","Y","SBrkr",1262,0,0,1262,0,1,2,0,3,1,"TA",6,"Typ",1,"TA","Attchd","RFn","2","TA","TA","Y",298,0,0,0,0,0,"No","No fence","None",0,5,2007,181500,0,2.5,31
"20","RL",94,17778,"Pave","No alley","Other","Lvl","AllPub","Inside","Gtl","Veenker","Norm","Norm","1Fam","1Story",8,5,1981,1981,"Other","CompShg","BrkFace","BrkFace","None",0,"Other","TA","CBlock","Gd","TA","Other","ALQ",1632,"Other",829,0,2461,"GasA","Other","Y","SBrkr",2497,0,0,2497,1,0,2,0,2,1,"Other",7,"Typ",2,"Gd","Attchd","RFn","2","TA","TA","Y",266,0,0,0,0,0,"No","No fence","None",0,3,2007,373000,0,3,26
"90","RL",0,18890,"Pave","No alley","Other","Lvl","AllPub","Inside","Gtl","Sawyer","Other","Other","Other","Other",5,5,1977,1977,"Other","CompShg","Plywood","Plywood","None",1,"TA","TA","CBlock","Gd","TA","No","GLQ",498,"Other",211,652,1361,"GasA","Ex","Y","SBrkr",1361,1259,0,2620,0,0,2,2,4,2,"TA",12,"Typ",1,"TA","Other","RFn","2","TA","TA","Other",155,24,145,0,0,0,"No","No fence","Other",8300,8,2007,190000,169,3,30
"20","RL",78,11700,"Pave","No alley","Reg","Lvl","AllPub","Inside","Gtl","NWAmes","Other","Norm","1Fam","1Story",6,6,1968,1968,"Gable","CompShg","MetalSd","MetalSd","Other",41,"TA","TA","CBlock","TA","TA","No","Unf",0,"Unf",0,912,912,"GasA","Ex","Y","SBrkr",1152,0,0,1152,1,0,1,1,3,1,"TA",7,"Typ",0,"No fireplace","Attchd","RFn","2","TA","TA","Y",0,126,0,0,0,0,"No","No fence","None",0,9,2007,143450,126,2.5,39
"60","RL",80,8000,"Pave","No alley","Reg","Lvl","AllPub","Inside","Gtl","NWAmes","Other","Norm","1Fam","Other",6,6,1970,1970,"Gable","CompShg","VinylSd","VinylSd","Other",525,"TA","TA","CBlock","TA","TA","No","Rec",915,"Unf",0,93,1008,"GasA","TA","Y","SBrkr",1403,1008,0,2411,1,0,2,1,4,1,"TA",8,"Typ",1,"Other","Attchd","RFn","2","TA","TA","Y",0,192,0,0,0,0,"No","No fence","None",0,6,2007,240050,192,3.5,37
"85","RL",0,8723,"Pave","No alley","Other","Lvl","AllPub","Inside","Gtl","NWAmes","Other","Norm","1Fam","Other",6,6,1969,1969,"Gable","CompShg","HdBoard","HdBoard","None",0,"TA","TA","PConc","Gd","TA","Other","BLQ",973,"Unf",0,0,973,"GasA","Ex","Y","SBrkr",1082,0,0,1082,1,0,1,0,3,1,"TA",6,"Typ",0,"No fireplace","Attchd","Unf","2","TA","TA","Y",160,0,0,0,0,0,"No","No fence","None",0,1,2007,162500,0,2,38
"20","RL",130,11700,"Pave","No alley","Reg","Lvl","AllPub","Other","Gtl","NWAmes","Norm","Norm","1Fam","1Story",6,5,1968,1968,"Gable","CompShg","HdBoard","HdBoard","Other",196,"TA","TA","PConc","Gd","TA","No","ALQ",910,"Unf",0,385,1295,"GasA","Other","Y","SBrkr",1295,0,0,1295,1,0,1,1,3,1,"TA",6,"Typ",0,"No fireplace","Attchd","Fin","2","TA","TA","Y",0,194,0,0,200,0,"No","No fence","None",0,4,2007,164000,394,2.5,39
"20","RL",108,11358,"Pave","No alley","Other","Lvl","AllPub","Other","Gtl","NWAmes","Norm","Norm","1Fam","1Story",7,7,1972,1987,"Other","CompShg","Wd Sdng","Wd Sdng","None",0,"TA","TA","CBlock","TA","TA","No","BLQ",346,"Unf",0,778,1124,"GasA","TA","Y","SBrkr",1610,0,0,1610,0,0,2,0,3,1,"Other",8,"Typ",1,"TA","Attchd","RFn","2","TA","TA","Y",202,0,0,0,256,0,"No","No fence","None",0,5,2007,185000,256,2,20
"20","RL",80,9547,"Pave","No alley","Reg","Lvl","AllPub","Inside","Gtl","NWAmes","Norm","Norm","1Fam","1Story",7,6,1993,1993,"Gable","CompShg","VinylSd","VinylSd","Other",112,"TA","TA","PConc","Gd","TA","No","Unf",0,"Unf",0,1594,1594,"GasA","Ex","Y","SBrkr",1594,0,0,1594,0,0,2,0,2,1,"Other",6,"Typ",1,"TA","Attchd","RFn","2","TA","TA","Y",190,80,0,0,0,0,"No","No fence","None",0,7,2007,188500,80,2,14
"60","RL",78,10530,"Pave","No alley","Reg","Lvl","AllPub","Inside","Gtl","NWAmes","Norm","Norm","1Fam","Other",7,6,1993,1993,"Gable","CompShg","MetalSd","MetalSd","Other",194,"Other","TA","PConc","Gd","TA","No","GLQ",819,"Unf",0,329,1148,"GasA","Ex","Y","SBrkr",1091,984,0,2075,1,0,2,1,3,1,"Other",8,"Typ",1,"Gd","Attchd","Unf","2","TA","TA","Y",235,86,0,0,0,0,"No","No fence","None",0,8,2007,255000,86,3.5,14
"90","RL",0,11500,"Pave","No alley","Other","Lvl","AllPub","Other","Gtl","NWAmes","Other","Other","Other","1Story",5,6,1976,1976,"Gable","CompShg","VinylSd","VinylSd","Other",164,"TA","TA","CBlock","TA","TA","No","Unf",0,"Unf",0,1680,1680,"GasA","Other","Y","SBrkr",1680,0,0,1680,0,0,2,0,4,2,"TA",8,"Typ",0,"No fireplace","Other","Unf","2","TA","TA","Y",0,0,0,0,0,0,"No","No fence","None",0,6,2007,136905,0,2,31
"20","RL",88,10738,"Pave","No alley","Other","Lvl","AllPub","Other","Gtl","NWAmes","Norm","Norm","1Fam","1Story",6,7,1966,1966,"Other","CompShg","HdBoard","HdBoard","None",0,"TA","TA","CBlock","TA","TA","No","ALQ",792,"Unf",0,301,1093,"GasA","Other","Y","SBrkr",1093,0,0,1093,1,0,2,0,3,1,"TA",6,"Typ",1,"Other","Attchd","RFn","2","TA","TA","Y",224,0,0,0,0,0,"No","Other","Other",400,11,2007,158500,0,3,41
"20","RL",80,9600,"Pave","No alley","Reg","Lvl","AllPub","Inside","Gtl","NWAmes","Norm","Norm","1Fam","1Story",7,6,1973,1973,"Other","CompShg","HdBoard","HdBoard","Other",320,"TA","TA","CBlock","TA","TA","No","ALQ",916,"Unf",0,326,1242,"GasA","Other","Y","SBrkr",1242,0,0,1242,0,0,1,1,3,1,"TA",6,"Typ",1,"TA","Attchd","Unf","2","TA","TA","Y",0,0,0,0,0,0,"No","No fence","None",0,9,2007,175500,0,1.5,34
"20","RL",80,10800,"Pave","No alley","Reg","Lvl","AllPub","Inside","Gtl","NWAmes","Norm","Norm","1Fam","1Story",6,5,1963,1963,"Gable","CompShg","HdBoard","HdBoard","Other",203,"TA","TA","CBlock","TA","TA","No","BLQ",617,"Other",264,171,1052,"GasA","TA","Y","SBrkr",1052,0,0,1052,1,0,1,0,3,1,"TA",6,"Typ",0,"No fireplace","Attchd","Fin","Other","TA","TA","Y",0,133,0,0,0,0,"No","No fence","None",0,2,2007,127000,133,2,44
"20","RL",70,8050,"Pave","No alley","Reg","Lvl","AllPub","Inside","Gtl","NAmes","Norm","Norm","1Fam","1Story",5,6,1967,1993,"Gable","CompShg","MetalSd","MetalSd","None",0,"TA","TA","CBlock","TA","TA","No","ALQ",474,"Other",38,437,949,"GasA","TA","Y","SBrkr",1107,0,0,1107,1,0,1,0,3,1,"Other",5,"Typ",0,"No fireplace","Attchd","RFn","Other","TA","TA","Y",88,64,0,0,0,0,"No","No fence","None",0,3,2007,127000,64,2,14
"20","RL",0,10355,"Pave","No alley","Other","Lvl","AllPub","Other","Gtl","NAmes","Norm","Norm","1Fam","1Story",5,5,1967,1967,"Gable","CompShg","MetalSd","MetalSd","Other",196,"TA","TA","CBlock","TA","TA","No","BLQ",695,"Unf",0,519,1214,"GasA","TA","Y","SBrkr",1214,0,0,1214,0,0,2,0,3,1,"TA",5,"Typ",1,"Other","Attchd","RFn","Other","TA","TA","Y",0,111,0,0,0,0,"No","No fence","None",0,7,2007,143000,111,2,40
"20","RL",79,10289,"Pave","No alley","Reg","Lvl","AllPub","Inside","Gtl","NAmes","Norm","Norm","1Fam","1Story",5,7,1965,1965,"Other","CompShg","MetalSd","MetalSd","Other",168,"TA","TA","CBlock","TA","TA","No","ALQ",836,"Unf",0,237,1073,"GasA","TA","Y","SBrkr",1073,0,0,1073,1,0,1,1,3,1,"TA",6,"Typ",0,"No fireplace","Attchd","RFn","2","TA","TA","Y",0,0,0,0,0,0,"No","No fence","None",0,6,2007,156000,0,2.5,42
"20","RL",0,9503,"Pave","No alley","Reg","Lvl","AllPub","Inside","Gtl","NAmes","Norm","Norm","1Fam","1Story",5,5,1958,1983,"Other","CompShg","HdBoard","HdBoard","None",0,"TA","TA","CBlock","TA","TA","No","ALQ",457,"Other",374,193,1024,"GasA","TA","Y","SBrkr",1344,0,0,1344,1,0,1,0,2,1,"TA",6,"Other",1,"TA","Other","Unf","Other","TA","TA","Y",316,28,0,0,0,0,"No","Other","None",0,6,2007,144000,28,2,24
"90","RL",0,10624,"Pave","No alley","Other","Lvl","AllPub","Inside","Gtl","NAmes","Norm","Norm","Other","1Story",5,4,1964,1964,"Gable","CompShg","HdBoard","HdBoard","Other",84,"TA","TA","CBlock","TA","TA","No","GLQ",40,"Other",264,1424,1728,"GasA","TA","Y","SBrkr",1728,0,0,1728,0,1,2,0,6,2,"TA",10,"Typ",0,"No fireplace","Other","Unf","Other","TA","TA","Y",155,0,0,0,0,0,"No","No fence","None",0,11,2007,119000,0,2.5,43
"90","RL",0,10899,"Pave","No alley","Other","Lvl","AllPub","Inside","Gtl","NAmes","Norm","Norm","Other","1Story",4,5,1964,1964,"Gable","CompShg","HdBoard","HdBoard","None",0,"TA","TA","Other","Other","Other","Other","Other",0,"Other",0,0,0,"GasA","TA","Other","SBrkr",1224,0,0,1224,0,0,2,0,2,2,"TA",8,"Typ",0,"No fireplace","Other","Unf","Other","TA","TA","Y",0,0,0,0,0,0,"No","No fence","None",0,4,2007,103000,0,2,43
"20","RL",0,12342,"Pave","No alley","Other","Lvl","AllPub","Inside","Gtl","NAmes","Norm","Norm","1Fam","1Story",5,5,1960,1978,"Other","CompShg","Wd Sdng","Wd Sdng","None",0,"TA","TA","CBlock","TA","TA","No","Unf",0,"Unf",0,978,978,"GasA","TA","Y","SBrkr",1422,0,0,1422,0,0,1,0,3,1,"TA",6,"Other",1,"TA","Attchd","RFn","Other","TA","TA","Y",0,0,36,0,0,0,"No","Other","Other",600,8,2007,139900,36,1,29
"20","RL",0,12772,"Pave","No alley","Other","Lvl","AllPub","Other","Gtl","NAmes","Norm","Norm","1Fam","1Story",6,8,1960,1998,"Other","CompShg","MetalSd","MetalSd","None",0,"TA","Other","CBlock","TA","TA","Other","BLQ",498,"Unf",0,460,958,"GasA","TA","Y","SBrkr",958,0,0,958,0,0,1,0,2,1,"TA",5,"Typ",0,"No fireplace","Attchd","RFn","Other","TA","TA","Y",0,0,0,0,0,0,"No","No fence","Other",15500,4,2007,151500,0,1,9
"20","RL",80,8892,"Pave","No alley","Other","Lvl","AllPub","Inside","Gtl","NAmes","Norm","Norm","1Fam","1Story",5,5,1960,1960,"Gable","CompShg","MetalSd","MetalSd","Other",66,"TA","TA","CBlock","TA","TA","No","Unf",0,"Unf",0,1065,1065,"GasA","Other","Y","SBrkr",1065,0,0,1065,0,0,1,1,3,1,"TA",6,"Typ",0,"No fireplace","Other","Unf","2","TA","TA","Y",74,0,0,0,0,0,"No","No fence","None",0,7,2007,126500,0,1.5,47
"80","RL",65,10482,"Pave","No alley","Reg","Lvl","AllPub","Inside","Gtl","NAmes","Norm","Norm","1Fam","Other",6,8,1958,1958,"Other","CompShg","VinylSd","VinylSd","Other",63,"TA","Other","CBlock","TA","TA","Other","GLQ",507,"Unf",0,81,588,"GasA","Ex","Y","SBrkr",1138,0,0,1138,0,1,1,0,3,1,"TA",6,"Typ",0,"No fireplace","Attchd","RFn","Other","TA","TA","Y",224,0,0,0,0,0,"No","Other","None",0,6,2007,145000,0,1.5,49
"20","RL",70,7535,"Pave","No alley","Other","Lvl","AllPub","Inside","Gtl","NAmes","Norm","Norm","1Fam","1Story",5,7,1958,1985,"Gable","CompShg","MetalSd","MetalSd","None",0,"TA","TA","CBlock","TA","TA","No","BLQ",111,"Other",279,522,912,"GasA","Other","Y","SBrkr",912,0,0,912,0,1,1,0,2,1,"TA",5,"Typ",0,"No fireplace","Attchd","Fin","Other","TA","TA","Y",12,285,0,0,0,0,"No","Other","Other",480,6,2007,120000,285,1.5,22
"20","RL",74,7450,"Pave","No alley","Other","Lvl","AllPub","Inside","Gtl","NAmes","Norm","Norm","1Fam","1Story",5,5,1956,1956,"Other","CompShg","Wd Sdng","Wd Sdng","None",0,"TA","TA","CBlock","TA","TA","No","Rec",438,"Other",206,250,894,"GasA","Other","Y","SBrkr",1074,0,0,1074,0,0,1,0,2,1,"Other",6,"Other",1,"Gd","Other","Unf","2","TA","TA","Y",0,72,0,0,0,0,"No","Other","None",0,1,2007,124000,72,1,51
"20","RL",0,8339,"Pave","No alley","Other","Lvl","AllPub","Inside","Gtl","NAmes","Norm","Norm","1Fam","1Story",5,7,1959,1959,"Gable","CompShg","MetalSd","MetalSd","None",0,"TA","TA","Other","Other","Other","Other","Other",0,"Other",0,0,0,"GasA","TA","Y","SBrkr",882,0,0,882,0,0,1,0,3,1,"TA",5,"Typ",0,"No fireplace","Attchd","RFn","Other","TA","TA","Y",0,0,0,0,0,0,"No","Other","Other",1200,7,2007,106500,0,1,48
"20","RL",0,14357,"Pave","No alley","Other","Lvl","AllPub","Other","Gtl","NAmes","Norm","Norm","1Fam","1Story",5,5,1961,1961,"Other","CompShg","Wd Sdng","Wd Sdng","None",0,"TA","TA","CBlock","TA","TA","No","ALQ",311,"Other",167,386,864,"GasA","TA","Y","SBrkr",1187,0,0,1187,1,0,1,0,2,1,"TA",6,"Typ",1,"TA","Attchd","RFn","2","TA","TA","Y",128,0,0,0,0,0,"No","No fence","None",0,8,2007,140500,0,2,46
"20","RL",76,8243,"Pave","No alley","Other","Lvl","AllPub","Other","Gtl","NAmes","Norm","Norm","1Fam","1Story",5,7,1961,1961,"Gable","CompShg","VinylSd","VinylSd","Other",56,"TA","Other","CBlock","TA","TA","No","ALQ",700,"Unf",0,264,964,"GasA","Ex","Y","SBrkr",964,0,0,964,0,0,1,0,3,1,"TA",5,"Typ",1,"Other","Other","Fin","2","TA","TA","Y",170,0,0,0,0,0,"No","Other","None",0,2,2007,137500,0,1,46
"20","RL",70,8680,"Pave","No alley","Reg","Lvl","AllPub","Inside","Gtl","NAmes","Norm","Norm","1Fam","1Story",5,7,1960,1960,"Other","CompShg","CemntBd","CmentBd","None",0,"TA","TA","CBlock","TA","TA","No","Unf",0,"Unf",0,894,894,"GasA","TA","Y","SBrkr",894,0,0,894,0,0,1,0,3,1,"TA",5,"Typ",0,"No fireplace","Other","Unf","Other","TA","TA","Y",0,0,0,0,0,0,"No","No fence","None",0,1,2007,117600,0,1,47
"20","RL",80,8800,"Pave","No alley","Reg","Lvl","AllPub","Inside","Gtl","NAmes","Norm","Norm","1Fam","1Story",7,6,1966,1966,"Other","CompShg","HdBoard","Plywood","Other",202,"TA","TA","CBlock","TA","TA","No","BLQ",654,"Unf",0,520,1174,"GasA","Ex","Y","SBrkr",1200,0,0,1200,0,1,2,0,3,1,"TA",6,"Typ",1,"TA","Attchd","RFn","2","TA","TA","Y",0,0,0,0,0,0,"No","Other","None",0,10,2007,163500,0,2.5,41
"80","RL",80,9200,"Pave","No alley","Reg","Lvl","AllPub","Inside","Gtl","NAmes","Norm","Norm","1Fam","Other",6,5,1965,1965,"Gable","CompShg","HdBoard","HdBoard","Other",98,"TA","TA","CBlock","TA","TA","Other","GLQ",494,"Unf",0,548,1042,"GasA","TA","Y","SBrkr",1042,0,0,1042,0,0,2,0,3,1,"TA",5,"Typ",0,"No fireplace","Attchd","RFn","2","TA","TA","Y",192,0,0,0,0,0,"No","Other","None",0,5,2007,161000,0,2,42
"80","RL",85,9350,"Pave","No alley","Reg","Lvl","AllPub","Inside","Gtl","NAmes","Norm","Norm","1Fam","Other",6,7,1964,1991,"Other","CompShg","HdBoard","HdBoard","Other",108,"TA","TA","CBlock","Gd","TA","Other","Other",270,"Other",580,452,1302,"GasA","Ex","Y","SBrkr",1302,0,0,1302,0,1,2,0,3,1,"Other",7,"Other",0,"No fireplace","Attchd","RFn","Other","TA","TA","Y",333,0,0,0,0,0,"No","Other","None",0,10,2007,158000,0,2.5,16
"60","RL",80,8800,"Pave","No alley","Reg","Lvl","AllPub","Inside","Gtl","NAmes","Norm","Norm","1Fam","Other",6,7,1964,1997,"Gable","CompShg","MetalSd","MetalSd","Other",306,"TA","Other","CBlock","TA","TA","No","ALQ",414,"Unf",0,431,845,"GasA","Ex","Y","SBrkr",845,1309,0,2154,0,0,2,1,5,1,"TA",8,"Typ",1,"Gd","Attchd","RFn","2","TA","TA","Y",0,0,0,0,161,0,"No","Other","None",0,7,2007,224500,161,2.5,10
"20","RL",0,11382,"Pave","No alley","Other","Lvl","AllPub","Inside","Gtl","NAmes","Norm","Norm","1Fam","1Story",6,5,1964,1964,"Gable","CompShg","Wd Sdng","Plywood","Other",212,"TA","TA","CBlock","TA","TA","No","ALQ",54,"Other",543,533,1130,"GasA","TA","Y","SBrkr",1374,0,0,1374,0,1,1,0,3,1,"TA",7,"Typ",1,"TA","Attchd","RFn","Other","TA","TA","Y",0,28,84,0,0,0,"No","Other","None",0,8,2007,147000,112,1.5,43
"20","RL",0,22002,"Pave","No alley","Reg","Lvl","AllPub","Other","Gtl","NAmes","Norm","Norm","1Fam","1Story",6,7,1959,1991,"Gable","CompShg","MetalSd","MetalSd","Other",136,"TA","Other","CBlock","TA","TA","Other","ALQ",1386,"Unf",0,206,1592,"GasA","Other","Y","SBrkr",1652,0,0,1652,1,0,1,1,3,1,"Other",6,"Typ",1,"Gd","Attchd","RFn","2","TA","TA","Y",0,0,0,0,201,0,"No","No fence","None",0,7,2007,200000,201,2.5,16
"20","RL",0,14585,"Pave","No alley","Other","Lvl","AllPub","Other","Gtl","NAmes","Norm","Norm","1Fam","1Story",6,6,1960,1987,"Gable","CompShg","Wd Sdng","Wd Sdng","Other",85,"TA","TA","CBlock","TA","TA","No","BLQ",594,"Other",219,331,1144,"GasA","Ex","Y","SBrkr",1429,0,0,1429,0,1,1,0,3,1,"Other",7,"Typ",2,"Gd","Attchd","Unf","2","TA","TA","Y",216,110,0,0,0,0,"No","No fence","None",0,6,2007,181900,110,1.5,20
"20","RL",75,7388,"Pave","No alley","Reg","Lvl","AllPub","Other","Gtl","NAmes","Norm","Norm","1Fam","1Story",5,6,1959,2002,"Gable","CompShg","MetalSd","MetalSd","None",0,"TA","TA","CBlock","TA","TA","No","Rec",405,"Unf",0,658,1063,"GasA","Other","Y","SBrkr",1327,0,0,1327,1,0,1,0,3,1,"Other",7,"Typ",0,"No fireplace","Other","Unf","2","TA","TA","Y",0,0,0,0,0,0,"No","No fence","None",0,7,2007,150750,0,2,5
"90","RL",70,9842,"Pave","No alley","Reg","Lvl","AllPub","Other","Gtl","NAmes","Norm","Norm","Other","1Story",4,5,1962,1962,"Gable","CompShg","HdBoard","HdBoard","None",0,"TA","TA","Other","Other","Other","Other","Other",0,"Other",0,0,0,"GasA","TA","Y","SBrkr",1224,0,0,1224,0,0,2,0,2,2,"TA",6,"Typ",0,"No fireplace","Other","Unf","2","TA","TA","Y",0,0,0,0,0,0,"No","No fence","None",0,3,2007,101800,0,2,45
"20","RL",57,8280,"Pave","No alley","Other","Lvl","AllPub","Inside","Gtl","NAmes","Norm","Norm","1Fam","1Story",6,5,1950,1950,"Gable","CompShg","BrkFace","BrkFace","None",0,"TA","TA","CBlock","TA","TA","No","Unf",0,"Unf",0,932,932,"GasA","Ex","Y","Other",932,0,0,932,0,0,1,0,2,1,"Other",4,"Typ",1,"Gd","Attchd","Unf","Other","TA","TA","Y",0,0,214,0,0,0,"No","Other","None",0,11,2007,124000,214,1,57
"45","RL",85,12172,"Pave","No alley","Reg","Lvl","AllPub","Inside","Gtl","NAmes","Norm","Norm","1Fam","Other",5,7,1940,1996,"Gable","CompShg","Wd Sdng","HdBoard","None",0,"TA","TA","PConc","TA","TA","No","Other",130,"Other",259,433,822,"GasA","TA","Y","SBrkr",908,0,0,908,0,0,1,0,2,1,"TA",4,"Typ",0,"No fireplace","Attchd","Unf","2","TA","TA","Y",284,24,0,0,192,0,"No","Other","None",0,10,2007,138500,216,1,11
"20","RL",50,5000,"Pave","No alley","Reg","Other","AllPub","Inside","Other","BrkSide","Norm","Norm","1Fam","1Story",1,3,1946,1950,"Gable","CompShg","VinylSd","VinylSd","None",0,"Other","Other","Other","Other","Other","Other","Other",0,"Other",0,0,0,"GasA","Other","Other","Other",334,0,0,334,0,0,1,0,1,1,"Other",2,"Typ",0,"No fireplace","Other","Other","Other","Other","Other","Other",0,0,0,0,0,0,"No","No fence","None",0,1,2007,39300,0,1,57
"20","RL",50,5000,"Pave","No alley","Reg","Lvl","AllPub","Inside","Gtl","BrkSide","Norm","Norm","1Fam","1Story",3,3,1946,1950,"Gable","CompShg","WdShing","Wd Shng","None",0,"Other","Other","CBlock","Other","Other","No","Other",299,"Unf",0,367,666,"GasA","Other","Other","SBrkr",666,0,0,666,0,1,1,0,2,1,"Other",4,"Typ",0,"No fireplace","Other","Other","Other","Other","Other","Other",0,52,0,0,0,0,"No","Other","None",0,4,2007,64500,52,1.5,57
"50","RL",51,3500,"Pave","No alley","Reg","Lvl","AllPub","Inside","Gtl","BrkSide","Other","Norm","1Fam","Other",3,5,1945,1950,"Gable","CompShg","MetalSd","MetalSd","None",0,"TA","TA","CBlock","TA","TA","No","Other",144,"Unf",0,226,370,"GasA","TA","Other","Other",442,228,0,670,1,0,1,0,2,1,"Other",4,"Typ",0,"No fireplace","Other","Other","Other","Other","Other","Other",0,21,0,0,0,0,"No","Other","Other",2000,7,2007,64000,21,2,57
"20","RL",50,5175,"Pave","No alley","Reg","Lvl","AllPub","Inside","Gtl","BrkSide","Other","Other","1Fam","1Story",5,8,1958,2000,"Gable","CompShg","VinylSd","VinylSd","None",0,"TA","TA","CBlock","TA","TA","No","BLQ",150,"Other",404,254,808,"GasA","Ex","Y","SBrkr",808,0,0,808,0,0,1,0,2,1,"TA",5,"Typ",0,"No fireplace","Other","Unf","Other","TA","TA","Other",143,0,0,0,0,0,"No","No fence","None",0,7,2007,112000,0,1,7
"60","RL",100,9500,"Pave","No alley","Reg","Lvl","AllPub","Other","Gtl","NAmes","Other","Norm","1Fam","Other",6,6,1964,1978,"Gable","CompShg","VinylSd","VinylSd","Other",272,"TA","TA","CBlock","TA","TA","No","Rec",442,"Unf",0,374,816,"GasA","TA","Y","SBrkr",1127,850,0,1977,0,1,1,1,4,1,"TA",9,"Typ",1,"TA","Attchd","RFn","2","TA","TA","Y",0,52,0,0,0,0,"No","Other","None",0,6,2007,165000,52,2,29
"20","RL",80,9600,"Pave","No alley","Reg","Lvl","AllPub","Inside","Gtl","NAmes","Norm","Norm","1Fam","1Story",5,6,1955,1955,"Other","CompShg","HdBoard","HdBoard","Other",176,"TA","Other","CBlock","TA","TA","No","BLQ",368,"Unf",0,710,1078,"GasA","Ex","Y","SBrkr",1150,0,0,1150,1,0,1,0,2,1,"TA",6,"Typ",0,"No fireplace","Attchd","Fin","Other","TA","TA","Y",0,0,0,0,175,0,"No","Other","None",0,10,2007,144000,175,2,52
"90","RL",95,11345,"Pave","No alley","Reg","Lvl","AllPub","Other","Gtl","NAmes","Other","Norm","Other","Other",5,5,1948,1950,"Gable","Other","AsbShng","AsbShng","Other",567,"TA","TA","CBlock","TA","TA","No","Rec",220,"Unf",0,708,928,"GasA","Other","Y","Other",928,992,0,1920,0,0,2,0,4,2,"TA",10,"Typ",0,"No fireplace","Other","Unf","2","TA","Other","Y",0,0,0,0,0,0,"No","No fence","None",0,7,2007,137000,0,2,57
"50","RL",79,9492,"Pave","No alley","Reg","Lvl","AllPub","Inside","Gtl","NAmes","Other","Norm","1Fam","Other",5,5,1941,1950,"Gable","CompShg","WdShing","Wd Shng","None",0,"TA","TA","CBlock","TA","TA","No","Rec",368,"Other",41,359,768,"GasA","TA","Y","SBrkr",968,408,0,1376,1,0,1,0,3,1,"TA",6,"Typ",1,"Gd","Attchd","Unf","Other","TA","TA","Y",0,0,0,0,0,0,"No","No fence","None",0,4,2007,105000,0,2,57
"70","RL",79,9480,"Pave","No alley","Reg","Lvl","AllPub","Inside","Gtl","NAmes","Other","Norm","1Fam","Other",5,7,1942,1995,"Gable","CompShg","MetalSd","MetalSd","Other",224,"TA","TA","CBlock","TA","TA","No","Other",386,"Unf",0,342,728,"GasA","Ex","Y","SBrkr",888,756,0,1644,0,0,1,1,3,1,"Other",7,"Typ",2,"Gd","Attchd","Unf","Other","TA","TA","Y",168,0,0,0,0,0,"No","No fence","None",0,6,2007,146500,0,1.5,12
"90","RL",63,8668,"Pave","No alley","Reg","Lvl","AllPub","Other","Gtl","NAmes","Norm","Norm","Other","1Story",5,5,1968,1968,"Gable","CompShg","MetalSd","MetalSd","None",0,"TA","TA","CBlock","TA","TA","No","Unf",0,"Unf",0,1560,1560,"GasA","TA","Y","SBrkr",1560,0,0,1560,0,0,2,0,4,2,"TA",8,"Typ",0,"No fireplace","Other","Unf","Other","TA","TA","Y",0,0,0,0,0,0,"No","No fence","None",0,5,2007,126000,0,2,39
"85","RL",0,10050,"Pave","No alley","Other","Lvl","AllPub","Inside","Gtl","NAmes","Norm","Norm","1Fam","Other",5,6,1966,1966,"Gable","CompShg","HdBoard","HdBoard","Other",87,"TA","TA","CBlock","TA","TA","Other","GLQ",602,"Unf",0,191,793,"GasA","Ex","Y","SBrkr",1280,0,0,1280,0,1,2,0,3,1,"TA",6,"Typ",1,"TA","Other","Fin","2","TA","TA","Y",140,40,0,0,0,0,"No","No fence","None",0,6,2007,175000,40,2.5,41
"80","RL",100,9600,"Pave","No alley","Other","Lvl","AllPub","Inside","Gtl","NAmes","Norm","Norm","1Fam","Other",6,5,1961,1961,"Other","CompShg","WdShing","Wd Shng","Other",291,"TA","TA","CBlock","TA","TA","Other","ALQ",600,"Unf",0,618,1218,"GasA","TA","Y","SBrkr",1254,0,0,1254,1,0,1,0,3,1,"TA",6,"Typ",1,"Gd","Attchd","RFn","2","TA","TA","Y",0,0,0,0,168,0,"No","No fence","None",0,5,2007,158500,168,2,46
"20","RL",70,10150,"Pave","No alley","Reg","Lvl","AllPub","Inside","Gtl","NAmes","Other","Norm","1Fam","1Story",5,5,1958,1958,"Gable","CompShg","Wd Sdng","Wd Sdng","None",1,"TA","TA","CBlock","TA","TA","No","Rec",456,"Unf",0,456,912,"GasA","Ex","Y","Other",912,0,0,912,0,0,1,0,2,1,"TA",5,"Typ",0,"No fireplace","Attchd","RFn","Other","TA","TA","Y",0,0,0,0,0,0,"No","No fence","None",0,7,2007,114500,0,1,49
"50","RL",78,11344,"Pave","No alley","Reg","Lvl","AllPub","Inside","Gtl","NAmes","Other","Norm","1Fam","Other",5,5,1958,1958,"Gable","CompShg","MetalSd","MetalSd","Other",180,"TA","TA","CBlock","TA","TA","No","BLQ",460,"Unf",0,414,874,"Other","TA","Y","Other",874,650,0,1524,0,0,1,1,3,1,"TA",7,"Typ",0,"No fireplace","Attchd","Unf","Other","TA","TA","Y",0,0,0,0,0,0,"No","Other","None",0,7,2007,144000,0,1.5,49
"20","RL",73,8760,"Pave","No alley","Reg","Lvl","AllPub","Inside","Gtl","NAmes","Norm","Norm","1Fam","1Story",6,7,1957,1999,"Gable","CompShg","VinylSd","VinylSd","None",0,"TA","TA","CBlock","TA","TA","No","ALQ",873,"Unf",0,63,936,"GasA","TA","Y","SBrkr",936,0,0,936,1,0,1,0,2,1,"Other",4,"Typ",0,"No fireplace","Attchd","RFn","Other","TA","TA","Y",0,0,0,219,0,0,"No","No fence","None",0,9,2007,141000,219,2,8
"20","RL",65,6860,"Pave","No alley","Other","Lvl","AllPub","Inside","Gtl","NAmes","Norm","Norm","1Fam","1Story",5,6,1956,1956,"Gable","CompShg","Wd Sdng","Wd Sdng","Other",54,"TA","TA","CBlock","TA","TA","No","GLQ",908,"Unf",0,100,1008,"GasA","Ex","Y","SBrkr",1008,0,0,1008,1,0,1,0,3,1,"Other",6,"Typ",0,"No fireplace","Other","Unf","Other","TA","TA","Y",0,0,0,0,0,0,"No","No fence","None",0,12,2007,131000,0,2,51
"20","RL",60,8250,"Pave","No alley","Reg","Lvl","AllPub","Other","Gtl","NAmes","Norm","Norm","1Fam","1Story",5,7,1963,1963,"Gable","CompShg","MetalSd","MetalSd","None",0,"TA","TA","CBlock","TA","TA","No","ALQ",288,"Unf",0,765,1053,"GasA","Other","Y","SBrkr",1053,0,0,1053,1,0,1,0,3,1,"Other",6,"Typ",0,"No fireplace","Other","RFn","2","TA","TA","Y",240,0,0,0,109,0,"No","No fence","None",0,7,2007,142100,109,2,44
"20","RL",70,8176,"Pave","No alley","Reg","Lvl","AllPub","Inside","Gtl","NAmes","Norm","Norm","1Fam","1Story",5,6,1958,1992,"Gable","CompShg","Wd Sdng","Wd Sdng","None",0,"TA","TA","CBlock","TA","TA","No","Rec",846,"Unf",0,210,1056,"GasA","Other","Y","SBrkr",1056,0,0,1056,1,0,1,0,3,1,"TA",6,"Typ",0,"No fireplace","Attchd","RFn","Other","TA","TA","Y",0,0,0,0,0,0,"No","No fence","None",0,8,2007,139000,0,2,15
"20","RL",75,9750,"Pave","No alley","Reg","Lvl","AllPub","Inside","Gtl","NAmes","Norm","Norm","1Fam","1Story",6,6,1958,1958,"Gable","CompShg","MetalSd","MetalSd","Other",243,"TA","TA","CBlock","TA","TA","No","Rec",608,"Unf",0,834,1442,"GasA","Other","Y","SBrkr",1442,0,0,1442,0,0,1,1,4,1,"TA",7,"Typ",0,"No fireplace","Attchd","RFn","Other","TA","TA","Y",0,0,275,0,0,0,"No","No fence","Other",500,4,2007,157900,275,1.5,49
"20","RL",80,9250,"Pave","No alley","Reg","Lvl","AllPub","Other","Gtl","NAmes","Norm","Norm","1Fam","1Story",5,7,1954,2005,"Gable","CompShg","Wd Sdng","Wd Sdng","None",0,"TA","TA","CBlock","TA","TA","No","BLQ",480,"Other",468,108,1056,"GasA","TA","Y","SBrkr",1056,0,0,1056,0,1,1,0,3,1,"TA",6,"Typ",0,"No fireplace","Attchd","Unf","Other","TA","TA","Y",390,0,0,0,0,0,"No","No fence","None",0,7,2007,139400,0,1.5,2
"20","RL",90,11988,"Pave","No alley","Other","Lvl","AllPub","Other","Gtl","NAmes","Other","Norm","1Fam","1Story",6,6,1957,1957,"Gable","CompShg","VinylSd","VinylSd","None",0,"TA","TA","CBlock","TA","TA","No","Rec",777,"Unf",0,467,1244,"GasA","Ex","Y","Other",1244,0,0,1244,0,0,1,1,3,1,"TA",6,"Typ",2,"Gd","Attchd","Unf","Other","TA","TA","Y",0,40,0,0,0,0,"No","No fence","None",0,5,2007,150000,40,1.5,50
"20","RL",70,9100,"Pave","No alley","Reg","Lvl","AllPub","Inside","Gtl","NAmes","Norm","Norm","1Fam","1Story",5,5,1960,1960,"Other","CompShg","HdBoard","HdBoard","Other",69,"TA","TA","CBlock","TA","TA","No","Unf",0,"Unf",0,1144,1144,"GasA","TA","Y","SBrkr",1144,0,0,1144,0,0,1,0,3,1,"TA",6,"Typ",1,"Gd","Attchd","RFn","Other","TA","TA","Y",0,0,0,0,0,0,"No","No fence","None",0,6,2007,120000,0,1,47
"20","RL",80,9736,"Pave","No alley","Reg","Lvl","AllPub","Inside","Gtl","NAmes","Other","Norm","1Fam","1Story",6,6,1957,1969,"Gable","CompShg","Wd Sdng","Wd Sdng","Other",289,"TA","TA","CBlock","TA","TA","No","BLQ",668,"Other",138,525,1331,"GasA","Other","Y","SBrkr",1721,0,0,1721,0,0,1,0,4,1,"TA",8,"Typ",3,"TA","Attchd","Unf","2","TA","TA","Y",0,0,0,0,0,0,"No","No fence","None",0,4,2007,174850,0,1,38
"20","RL",72,9770,"Pave","No alley","Reg","Lvl","AllPub","Inside","Gtl","NAmes","Norm","Norm","1Fam","1Story",5,5,1957,1957,"Gable","CompShg","Wd Sdng","Wd Sdng","None",0,"TA","TA","CBlock","TA","TA","No","Rec",512,"Unf",0,410,922,"GasA","TA","Y","Other",922,0,0,922,1,0,1,0,2,1,"TA",5,"Typ",0,"No fireplace","Attchd","Unf","Other","TA","TA","Y",0,34,0,0,0,0,"No","Other","None",0,4,2007,116000,34,2,50
"20","RL",72,10152,"Pave","No alley","Reg","Lvl","AllPub","Inside","Gtl","NAmes","Norm","Norm","1Fam","1Story",5,5,1956,1956,"Other","CompShg","MetalSd","MetalSd","Other",120,"TA","TA","CBlock","TA","TA","No","BLQ",586,"Unf",0,462,1048,"GasA","TA","Y","SBrkr",1048,0,0,1048,1,0,1,0,3,1,"TA",6,"Typ",0,"No fireplace","Attchd","Unf","Other","TA","TA","Y",0,20,0,0,192,0,"No","No fence","None",0,6,2007,135000,212,2,51
"20","RL",0,12155,"Pave","No alley","Other","Lvl","AllPub","Inside","Gtl","NAmes","Other","Norm","1Fam","1Story",6,3,1970,1970,"Gable","CompShg","Plywood","Plywood","None",0,"TA","TA","CBlock","Gd","TA","No","Other",1237,"Unf",0,420,1657,"GasA","Other","Y","SBrkr",1657,0,0,1657,0,1,2,0,3,1,"TA",7,"Typ",1,"TA","Attchd","Unf","2","TA","TA","Y",0,0,0,0,147,0,"No","No fence","None",0,3,2007,163500,147,2.5,37
"20","RL",70,12198,"Pave","No alley","Other","Lvl","AllPub","Inside","Gtl","NAmes","Norm","Norm","1Fam","1Story",5,6,1955,1975,"Gable","CompShg","VinylSd","VinylSd","None",0,"TA","TA","CBlock","TA","TA","Other","Rec",780,"Unf",0,424,1204,"GasA","TA","Y","SBrkr",1411,0,0,1411,0,0,1,0,3,1,"TA",7,"Typ",1,"TA","Attchd","RFn","Other","TA","TA","Y",278,82,0,0,0,0,"No","No fence","None",0,6,2007,130000,82,1,32
"20","RL",75,10050,"Pave","No alley","Reg","Lvl","AllPub","Inside","Gtl","NAmes","Norm","Norm","1Fam","1Story",5,5,1955,1955,"Other","CompShg","MetalSd","MetalSd","None",0,"TA","TA","CBlock","TA","TA","No","Rec",288,"Unf",0,928,1216,"GasA","TA","Y","SBrkr",1216,0,0,1216,1,0,1,0,3,1,"TA",5,"Typ",0,"No fireplace","Attchd","RFn","Other","TA","TA","Y",0,0,0,0,0,0,"No","No fence","None",0,8,2007,129500,0,2,52
"20","RL",60,11556,"Pave","No alley","Reg","Lvl","AllPub","Inside","Gtl","NAmes","Norm","Norm","1Fam","1Story",5,9,1953,2006,"Gable","CompShg","VinylSd","MetalSd","None",0,"TA","Other","CBlock","TA","TA","No","BLQ",408,"Unf",0,456,864,"GasA","Other","Y","SBrkr",1154,0,0,1154,0,0,1,1,3,1,"Other",6,"Typ",0,"No fireplace","Other","Unf","Other","TA","TA","Y",63,0,0,0,0,0,"No","No fence","None",0,7,2007,142000,0,1.5,1
"90","RL",70,8078,"Pave","No alley","Reg","Lvl","AllPub","Inside","Gtl","NAmes","Norm","Norm","Other","1Story",5,5,1958,1958,"Other","CompShg","Wd Sdng","Wd Sdng","Other",260,"TA","TA","CBlock","TA","TA","No","Unf",0,"Unf",0,1560,1560,"GasA","TA","Y","SBrkr",1560,0,0,1560,0,0,2,0,4,2,"TA",8,"Typ",0,"No fireplace","Other","Unf","2","TA","TA","Y",0,0,0,0,0,0,"No","No fence","None",0,12,2007,128600,0,2,49
"20","RL",60,10950,"Pave","No alley","Reg","Lvl","AllPub","Inside","Gtl","NAmes","Norm","Norm","1Fam","1Story",6,6,1952,1952,"Other","CompShg","Wd Sdng","Wd Sdng","None",0,"TA","TA","CBlock","TA","TA","No","ALQ",441,"Unf",0,507,948,"GasA","TA","Y","SBrkr",948,0,0,948,0,0,1,0,2,1,"TA",5,"Typ",0,"No fireplace","Other","Unf","2","TA","TA","Other",0,48,0,0,0,0,"No","No fence","None",0,4,2007,125000,48,1,55
"20","RL",68,7942,"Pave","No alley","Reg","Lvl","AllPub","Inside","Gtl","NAmes","Norm","Norm","1Fam","1Story",6,7,1953,1953,"Other","CompShg","Wd Sdng","Wd Sdng","None",0,"TA","TA","CBlock","TA","TA","No","Rec",85,"Other",955,0,1040,"GasA","TA","Y","Other",1040,0,0,1040,0,1,1,0,3,1,"TA",6,"Typ",0,"No fireplace","Attchd","Fin","Other","TA","TA","Y",0,0,0,0,0,0,"No","Other","None",0,6,2007,136000,0,1.5,54
"20","RL",66,8923,"Pave","No alley","Reg","Lvl","AllPub","Inside","Gtl","NAmes","Norm","Norm","1Fam","1Story",5,7,1953,2006,"Gable","CompShg","Wd Sdng","Wd Sdng","None",0,"TA","TA","CBlock","TA","TA","No","BLQ",643,"Unf",0,365,1008,"GasA","Other","Y","SBrkr",1008,0,0,1008,1,0,1,0,2,1,"Other",6,"Typ",0,"No fireplace","Attchd","Unf","Other","TA","TA","Y",0,18,0,0,0,0,"No","No fence","None",0,5,2007,134500,18,2,1
"20","RL",71,8540,"Pave","No alley","Reg","Lvl","AllPub","Other","Gtl","NAmes","Norm","Norm","1Fam","1Story",5,8,1956,2003,"Gable","CompShg","VinylSd","VinylSd","None",0,"TA","Other","CBlock","TA","TA","No","Rec",114,"Other",691,120,925,"GasA","TA","Y","SBrkr",925,0,0,925,1,0,1,0,3,1,"Other",5,"Typ",0,"No fireplace","Other","Unf","Other","TA","TA","Y",152,0,0,0,0,0,"No","No fence","None",0,6,2007,127000,0,2,4
"80","RL",60,7134,"Pave","No alley","Reg","Other","AllPub","Inside","Other","NAmes","Norm","Norm","1Fam","Other",5,5,1955,1955,"Gable","CompShg","MetalSd","MetalSd","None",0,"TA","TA","CBlock","TA","TA","No","ALQ",384,"Unf",0,0,384,"GasA","TA","Y","SBrkr",1360,0,0,1360,0,0,1,0,3,1,"TA",6,"Other",1,"TA","Other","Unf","2","TA","TA","Y",0,50,0,0,0,0,"No","Other","None",0,2,2007,130000,50,1,52
"50","RL",55,7150,"Pave","No alley","Reg","Lvl","AllPub","Inside","Gtl","NAmes","Norm","Norm","1Fam","Other",4,4,1955,1955,"Gable","CompShg","MetalSd","MetalSd","None",0,"TA","TA","PConc","TA","TA","No","Rec",150,"Unf",0,1040,1190,"GasA","Other","Y","SBrkr",1040,500,0,1540,1,0,1,0,4,1,"Other",7,"Typ",0,"No fireplace","Other","Unf","Other","TA","TA","Y",0,0,0,0,0,0,"No","No fence","None",0,8,2007,115000,0,2,52
"20","RL",70,8400,"Pave","No alley","Reg","Lvl","AllPub","Other","Gtl","NAmes","Norm","Norm","1Fam","1Story",5,5,1955,1955,"Gable","CompShg","MetalSd","MetalSd","None",0,"TA","Other","CBlock","TA","TA","No","BLQ",793,"Unf",0,130,923,"GasA","TA","Y","SBrkr",925,0,0,925,1,0,1,0,3,1,"TA",5,"Typ",2,"TA","Attchd","Unf","Other","TA","TA","Y",81,0,0,0,0,0,"No","Other","None",0,3,2007,116900,0,2,52
"20","RL",70,13300,"Pave","No alley","Reg","Lvl","AllPub","Inside","Gtl","NAmes","Norm","Norm","1Fam","1Story",5,7,1956,2000,"Other","CompShg","Wd Sdng","Wd Sdng","None",0,"TA","TA","CBlock","Gd","TA","No","Rec",377,"Unf",0,551,928,"GasA","TA","Y","SBrkr",928,0,0,928,0,0,1,0,2,1,"TA",4,"Typ",0,"No fireplace","Attchd","Unf","Other","TA","TA","Y",261,0,156,0,0,0,"No","No fence","None",0,6,2007,132000,156,1,7
"20","RL",75,9532,"Pave","No alley","Reg","Lvl","AllPub","Inside","Gtl","NAmes","Norm","Norm","1Fam","1Story",4,6,1953,1953,"Gable","CompShg","VinylSd","VinylSd","None",0,"TA","TA","CBlock","TA","TA","No","BLQ",595,"Other",354,156,1105,"GasA","Other","Y","SBrkr",1647,0,0,1647,1,0,1,0,3,1,"TA",6,"Other",1,"Other","Attchd","Fin","Other","TA","TA","Y",225,0,0,0,0,368,"Other","Other","None",0,2,2007,153000,0,2,54
"20","RL",0,15783,"Pave","No alley","Reg","Lvl","AllPub","Inside","Gtl","OldTown","Other","Norm","1Fam","1Story",5,5,1952,1952,"Gable","CompShg","Wd Sdng","Wd Sdng","None",0,"TA","TA","CBlock","TA","TA","No","Rec",292,"Unf",0,632,924,"GasA","TA","Y","SBrkr",924,0,0,924,0,0,1,0,2,1,"TA",6,"Typ",0,"No fireplace","Other","Unf","Other","TA","TA","Y",0,324,0,0,0,0,"No","Other","Other",400,6,2007,112500,324,1,55
"50","RL",60,14190,"Pave","No alley","Reg","Lvl","AllPub","Inside","Gtl","OldTown","Other","Norm","1Fam","Other",4,7,1890,2006,"Gable","CompShg","VinylSd","VinylSd","None",0,"Other","Other","CBlock","Other","TA","No","Unf",0,"Unf",0,925,925,"GasA","Other","Y","SBrkr",1000,544,0,1544,0,0,2,0,3,1,"TA",7,"Typ",0,"No fireplace","Other","Other","Other","Other","Other","Other",231,0,0,0,0,0,"No","No fence","None",0,4,2007,138000,0,2,1
"45","RL",60,9600,"Pave","No alley","Reg","Lvl","AllPub","Inside","Gtl","NAmes","Norm","Norm","1Fam","Other",5,7,1949,2003,"Gable","CompShg","MetalSd","MetalSd","None",0,"TA","TA","CBlock","TA","TA","No","ALQ",220,"Unf",0,625,845,"GasA","TA","Y","SBrkr",893,0,0,893,0,1,1,0,2,1,"Other",4,"Typ",0,"No fireplace","Other","Unf","2","TA","TA","Y",0,0,0,0,0,0,"No","No fence","None",0,5,2007,135000,0,1.5,4
"50","RL",0,12099,"Pave","No alley","Other","Lvl","AllPub","Inside","Gtl","NAmes","Norm","Norm","1Fam","Other",5,6,1953,2004,"Gable","CompShg","MetalSd","MetalSd","None",0,"TA","TA","CBlock","TA","Other","No","Other",198,"Unf",0,1018,1216,"GasA","Ex","Y","SBrkr",1216,0,512,1728,1,0,1,0,3,1,"TA",7,"Typ",1,"Gd","Attchd","Unf","Other","TA","TA","Y",200,0,0,0,0,0,"No","Other","None",0,6,2007,156000,0,2,3
"50","RL",60,10134,"Pave","No alley","Reg","Lvl","AllPub","Inside","Gtl","OldTown","Norm","Norm","1Fam","Other",5,6,1940,1950,"Gable","CompShg","MetalSd","MetalSd","None",0,"TA","TA","CBlock","TA","TA","No","Unf",0,"Unf",0,735,735,"GasA","Other","Y","Other",735,299,0,1034,0,0,1,0,2,1,"TA",5,"Typ",0,"No fireplace","Other","Unf","Other","TA","TA","Y",0,39,0,0,0,0,"No","No fence","None",0,7,2007,109000,39,1,57
"45","RL",55,5500,"Pave","No alley","Reg","Lvl","AllPub","Inside","Gtl","OldTown","Norm","Norm","1Fam","Other",4,6,1956,1956,"Gable","CompShg","MetalSd","MetalSd","None",0,"TA","TA","CBlock","TA","TA","No","Unf",0,"Unf",0,882,882,"GasA","Ex","Y","SBrkr",882,0,0,882,0,0,1,0,1,1,"TA",4,"Typ",0,"No fireplace","Other","Other","Other","Other","Other","Y",0,0,0,0,0,0,"No","Other","None",0,4,2007,103200,0,1,51
"30","RL",60,10800,"Pave","Other","Reg","Lvl","AllPub","Inside","Gtl","OldTown","Norm","Norm","1Fam","1Story",4,6,1927,2007,"Gable","CompShg","Wd Sdng","Wd Sdng","None",0,"TA","TA","Other","TA","TA","No","Unf",0,"Unf",0,656,656,"GasA","TA","Y","SBrkr",968,0,0,968,0,0,2,0,4,1,"TA",5,"Typ",0,"No fireplace","Other","Unf","Other","Other","Other","Y",0,0,0,0,0,0,"No","No fence","None",0,8,2007,64500,0,2,0
"70","RL",60,10800,"Pave","Other","Reg","Lvl","AllPub","Inside","Gtl","OldTown","Norm","Norm","1Fam","Other",5,9,1895,1999,"Gable","CompShg","Wd Sdng","HdBoard","None",0,"TA","Other","CBlock","Gd","TA","Other","Unf",0,"Unf",0,736,736,"GasA","Ex","Y","SBrkr",751,783,0,1534,0,0,1,1,3,1,"Other",6,"Typ",0,"No fireplace","Other","Other","Other","Other","Other","Other",0,112,0,0,0,0,"No","No fence","None",0,7,2007,148000,112,1.5,8
"80","RL",93,10090,"Pave","No alley","Other","Lvl","AllPub","Inside","Gtl","NAmes","Norm","Norm","1Fam","Other",7,5,1963,1999,"Gable","CompShg","Plywood","Plywood","Other",364,"TA","TA","CBlock","TA","TA","Other","Rec",242,"Other",483,0,725,"GasA","TA","Y","SBrkr",1035,616,0,1651,0,1,2,0,4,1,"TA",6,"Typ",2,"TA","Other","Unf","Other","TA","TA","Y",460,46,0,0,165,0,"No","Other","None",0,10,2007,172000,211,2.5,8
"20","RL",66,8300,"Pave","No alley","Other","Lvl","AllPub","Inside","Gtl","NAmes","Norm","Norm","1Fam","1Story",6,6,1968,1968,"Gable","CompShg","Wd Sdng","Wd Sdng","Other",86,"TA","TA","CBlock","TA","TA","Other","Rec",952,"Unf",0,0,952,"GasA","Other","Y","SBrkr",952,0,0,952,1,0,1,0,3,1,"TA",5,"Typ",0,"No fireplace","Attchd","Unf","Other","TA","TA","Y",0,0,0,0,0,0,"No","No fence","None",0,8,2007,128500,0,2,39
"50","RL",60,8064,"Pave","No alley","Reg","Lvl","AllPub","Other","Gtl","NAmes","Other","Norm","1Fam","Other",5,7,1949,2006,"Gable","CompShg","MetalSd","MetalSd","None",0,"TA","Other","CBlock","TA","TA","Other","Unf",0,"Unf",0,672,672,"GasA","Ex","Y","SBrkr",672,252,0,924,0,0,1,0,3,1,"TA",6,"Typ",1,"Other","Other","Unf","2","TA","TA","Y",0,0,0,0,0,0,"No","Other","Other",2000,7,2007,122900,0,1,1
"20","RL",60,11664,"Pave","No alley","Reg","Lvl","AllPub","Inside","Gtl","NAmes","Other","Norm","1Fam","1Story",6,5,1948,1950,"Gable","CompShg","MetalSd","MetalSd","Other",206,"TA","TA","CBlock","TA","Other","No","BLQ",336,"Unf",0,746,1082,"GasA","TA","Y","SBrkr",1082,0,0,1082,0,0,1,0,2,1,"TA",5,"Typ",1,"Gd","Other","Unf","Other","TA","TA","Y",0,130,0,0,0,0,"No","No fence","None",0,11,2007,119200,130,1,57
"50","RL",78,10496,"Pave","No alley","Reg","Lvl","AllPub","Inside","Gtl","NAmes","Other","Norm","1Fam","Other",6,6,1949,1950,"Gable","CompShg","Wd Sdng","Wd Sdng","Other",320,"TA","TA","CBlock","TA","TA","Other","Rec",196,"Unf",0,844,1040,"GasA","Ex","Y","SBrkr",1168,678,0,1846,0,0,2,0,3,1,"TA",7,"Typ",1,"Gd","Attchd","Unf","Other","TA","TA","Y",0,0,0,0,0,0,"No","Other","None",0,1,2007,143000,0,2,57
"20","RL",60,7200,"Pave","No alley","Reg","Lvl","AllPub","Inside","Gtl","NAmes","Norm","Norm","1Fam","1Story",5,7,1950,1950,"Gable","CompShg","MetalSd","MetalSd","None",0,"TA","TA","CBlock","TA","TA","No","BLQ",534,"Other",96,246,876,"GasA","TA","Y","SBrkr",988,0,0,988,0,0,1,0,3,1,"TA",6,"Typ",0,"No fireplace","Attchd","Unf","Other","TA","TA","Y",0,80,0,0,0,0,"No","No fence","None",0,5,2007,119000,80,1,57
"20","RL",60,7200,"Pave","No alley","Reg","Lvl","AllPub","Inside","Gtl","NAmes","Norm","Norm","1Fam","1Story",5,3,1950,1950,"Gable","CompShg","WdShing","Wd Shng","None",0,"TA","TA","CBlock","TA","TA","No","Other",432,"Unf",0,432,864,"GasA","Other","Y","Other",1238,0,0,1238,0,0,1,1,3,1,"TA",6,"Other",1,"TA","Attchd","Unf","Other","TA","TA","Y",0,171,0,0,0,0,"No","No fence","None",0,11,2007,102000,171,1.5,57
"20","RL",60,7200,"Pave","No alley","Reg","Lvl","AllPub","Inside","Gtl","NAmes","Norm","Norm","1Fam","1Story",5,8,1950,2002,"Gable","CompShg","VinylSd","VinylSd","None",0,"TA","TA","CBlock","TA","TA","No","ALQ",398,"Other",149,317,864,"GasA","Other","Y","SBrkr",864,0,0,864,1,0,1,0,3,1,"Other",5,"Typ",0,"No fireplace","Other","RFn","2","TA","TA","Y",194,0,0,0,0,0,"No","No fence","None",0,7,2007,129000,0,2,5
"20","RL",0,7500,"Pave","No alley","Reg","Lvl","AllPub","Inside","Gtl","NAmes","Norm","Norm","1Fam","1Story",5,7,1959,2003,"Other","CompShg","BrkFace","BrkFace","None",0,"TA","TA","CBlock","TA","TA","No","GLQ",574,"Unf",0,466,1040,"GasA","Ex","Y","SBrkr",1040,0,0,1040,1,0,1,0,3,1,"Other",6,"Typ",0,"No fireplace","Attchd","RFn","Other","TA","TA","Y",0,0,0,0,0,0,"No","No fence","Other",0,7,2007,152000,0,2,4
"20","RL",70,7315,"Pave","No alley","Reg","Lvl","AllPub","Inside","Gtl","NAmes","Norm","Norm","1Fam","1Story",5,6,1958,1958,"Other","CompShg","BrkFace","BrkFace","None",0,"TA","TA","CBlock","TA","TA","No","Rec",625,"Unf",0,545,1170,"GasA","TA","Y","SBrkr",1170,0,0,1170,0,1,1,0,3,1,"TA",6,"Typ",1,"TA","Attchd","RFn","Other","TA","TA","Y",0,0,0,0,225,0,"No","No fence","None",0,3,2007,140000,225,1.5,49
"20","RL",80,8000,"Pave","No alley","Reg","Lvl","AllPub","Inside","Gtl","NAmes","Norm","Norm","1Fam","1Story",5,5,1960,1960,"Other","CompShg","BrkFace","BrkFace","None",0,"TA","TA","CBlock","TA","TA","No","BLQ",1098,"Other",154,125,1377,"GasA","TA","Y","SBrkr",1377,0,0,1377,1,0,1,0,3,1,"TA",6,"Typ",2,"TA","Attchd","Unf","Other","TA","TA","Y",0,0,0,0,0,0,"No","Other","None",0,11,2007,156500,0,2,47
"90","RL",80,8000,"Pave","No alley","Reg","Lvl","AllPub","Other","Gtl","NAmes","Other","Norm","Other","1Story",5,4,1961,1961,"Gable","CompShg","BrkFace","BrkFace","None",0,"TA","TA","CBlock","TA","TA","No","Unf",0,"Unf",0,1800,1800,"GasA","Ex","Other","SBrkr",1800,0,0,1800,0,0,2,0,6,2,"TA",10,"Typ",0,"No fireplace","Other","Other","Other","Other","Other","Y",0,0,0,0,0,0,"No","No fence","None",0,7,2007,141000,0,2,46
"20","RL",70,7000,"Pave","No alley","Reg","Lvl","AllPub","Other","Gtl","NAmes","Other","Norm","1Fam","1Story",5,6,1961,1961,"Gable","CompShg","BrkFace","Wd Sdng","None",0,"TA","TA","Other","Other","Other","Other","Other",0,"Other",0,0,0,"GasA","Other","Y","SBrkr",925,0,0,925,0,0,1,0,3,1,"TA",7,"Typ",0,"No fireplace","Attchd","Fin","Other","TA","TA","Y",0,0,0,0,0,0,"No","No fence","None",0,7,2007,99000,0,1,46
"60","RL",80,9760,"Pave","No alley","Reg","Lvl","AllPub","Inside","Other","NAmes","Norm","Norm","1Fam","Other",6,8,1964,1993,"Other","CompShg","Wd Sdng","Wd Sdng","Other",340,"TA","TA","CBlock","TA","TA","Other","BLQ",536,"Other",117,169,822,"GasA","Other","Y","SBrkr",1020,831,0,1851,0,0,2,1,3,1,"Other",7,"Typ",1,"Other","Attchd","RFn","2","TA","TA","Y",239,42,0,0,0,0,"No","Other","None",0,7,2007,187000,42,2.5,14
"60","RL",69,7590,"Pave","No alley","Reg","Lvl","AllPub","Inside","Gtl","NAmes","Other","Norm","1Fam","Other",5,5,1962,1962,"Gable","CompShg","VinylSd","VinylSd","Other",288,"TA","TA","CBlock","TA","TA","No","ALQ",540,"Unf",0,324,864,"GasA","TA","Y","SBrkr",876,936,0,1812,0,0,2,0,4,1,"TA",8,"Typ",1,"TA","Attchd","RFn","Other","TA","TA","Y",0,168,0,0,0,0,"No","No fence","None",0,7,2007,169500,168,2,45
"20","RL",60,6600,"Pave","No alley","Reg","Lvl","AllPub","Inside","Gtl","NAmes","Other","Norm","1Fam","1Story",5,5,1962,1962,"Other","CompShg","Wd Sdng","Wd Sdng","None",0,"TA","TA","CBlock","TA","TA","No","ALQ",110,"Other",442,312,864,"GasA","Other","Y","SBrkr",864,0,0,864,0,0,1,0,2,1,"TA",5,"Typ",0,"No fireplace","Other","Unf","Other","TA","TA","Y",58,0,0,0,0,0,"No","No fence","None",0,12,2007,125500,0,1,45
"85","RL",66,6760,"Pave","No alley","Reg","Lvl","AllPub","Inside","Gtl","NAmes","Norm","Norm","1Fam","Other",5,5,1962,1962,"Gable","CompShg","HdBoard","HdBoard","None",0,"TA","TA","CBlock","TA","TA","Other","ALQ",734,"Unf",0,162,896,"GasA","TA","Y","SBrkr",936,0,0,936,1,0,1,0,3,1,"TA",6,"Typ",1,"Other","Attchd","RFn","Other","TA","TA","Y",24,90,160,0,0,0,"No","No fence","None",0,10,2007,130000,250,2,45
"30","Other",60,6978,"Pave","No alley","Reg","Other","AllPub","Inside","Gtl","OldTown","Other","Norm","1Fam","1Story",5,7,1926,1980,"Gable","CompShg","MetalSd","MetalSd","None",0,"Other","Other","Other","TA","TA","No","Unf",0,"Unf",0,850,850,"GasA","TA","Y","SBrkr",960,0,0,960,0,0,1,0,2,1,"TA",5,"Typ",0,"No fireplace","Other","RFn","2","TA","TA","Y",0,0,116,0,0,0,"No","No fence","None",0,4,2007,103000,116,1,27
"50","Other",50,6000,"Pave","Other","Reg","Lvl","AllPub","Inside","Gtl","OldTown","Norm","Norm","1Fam","Other",6,6,1927,1950,"Gable","CompShg","MetalSd","MetalSd","None",0,"TA","TA","Other","TA","TA","No","Rec",276,"Unf",0,569,845,"GasA","TA","Y","SBrkr",866,430,0,1296,0,0,1,0,3,1,"TA",6,"Typ",0,"No fireplace","Other","Unf","2","TA","TA","Y",0,0,175,0,0,0,"No","No fence","None",0,7,2007,127500,175,1,57
"30","Other",56,4480,"Pave","No alley","Reg","Lvl","AllPub","Other","Gtl","OldTown","Other","Norm","1Fam","1Story",5,5,1922,1950,"Gable","CompShg","AsbShng","AsbShng","None",0,"TA","TA","PConc","Other","Other","No","Other",782,"Unf",0,240,1022,"GasA","TA","Other","Other",1022,0,0,1022,1,0,1,0,2,1,"Other",4,"Typ",1,"Gd","Other","Unf","Other","TA","Other","Other",0,122,20,0,0,0,"No","Other","None",0,2,2007,89500,142,2,57
"90","Other",60,7200,"Pave","Other","Reg","Lvl","AllPub","Inside","Gtl","OldTown","Norm","Norm","Other","Other",5,5,1980,1980,"Gable","CompShg","MetalSd","MetalSd","Other",180,"TA","TA","CBlock","Gd","TA","Other","GLQ",936,"Unf",0,0,936,"GasA","TA","Y","SBrkr",936,0,0,936,1,0,1,0,2,1,"TA",4,"Typ",0,"No fireplace","Other","Unf","2","TA","TA","Y",49,0,0,0,0,0,"No","No fence","None",0,8,2007,140000,0,2,27
"30","Other",56,3153,"Pave","Other","Reg","Lvl","AllPub","Inside","Gtl","OldTown","Norm","Norm","1Fam","1Story",5,6,1920,1990,"Gable","CompShg","MetalSd","MetalSd","None",0,"TA","TA","Other","TA","TA","No","Unf",0,"Unf",0,967,967,"GasA","Other","Y","SBrkr",967,0,0,967,0,0,1,0,2,1,"TA",5,"Typ",1,"Gd","Other","Unf","Other","Other","TA","Other",0,0,26,0,0,0,"No","No fence","None",0,7,2007,99900,26,1,17
"30","Other",60,10800,"Pave","Other","Reg","Lvl","AllPub","Inside","Gtl","OldTown","Norm","Norm","1Fam","1Story",4,7,1885,1995,"Other","CompShg","VinylSd","VinylSd","None",0,"TA","TA","Other","Other","TA","No","Unf",0,"Unf",0,641,641,"GasA","Other","Y","SBrkr",1047,0,0,1047,0,0,1,0,2,1,"TA",6,"Typ",0,"No fireplace","Other","Unf","Other","Other","Other","Other",0,0,0,0,0,0,"No","No fence","Other",450,8,2007,100000,0,1,12
"30","Other",60,7200,"Pave","No alley","Reg","Lvl","AllPub","Inside","Gtl","OldTown","Norm","Norm","1Fam","1Story",5,8,1940,1950,"Gable","CompShg","VinylSd","VinylSd","Other",279,"TA","TA","CBlock","TA","TA","No","Unf",0,"Unf",0,808,808,"GasA","Ex","Y","SBrkr",1072,0,0,1072,0,0,1,0,2,1,"TA",5,"Typ",2,"Gd","Other","Unf","2","TA","TA","Y",0,0,0,0,0,0,"No","No fence","None",0,5,2007,130000,0,1,57
"50","Other",120,9000,"Pave","No alley","Reg","Lvl","AllPub","Other","Gtl","OldTown","Norm","Norm","1Fam","Other",5,8,1900,2006,"Gable","CompShg","Stucco","Stucco","None",0,"TA","TA","Other","TA","Other","No","BLQ",130,"Unf",0,550,680,"GasA","Ex","Y","SBrkr",680,494,0,1174,0,0,1,0,2,1,"Other",6,"Typ",1,"Gd","Other","Unf","2","TA","TA","Y",116,26,40,0,0,0,"No","Other","None",0,6,2007,135000,66,1,1
"50","Other",50,6000,"Pave","No alley","Reg","Lvl","AllPub","Inside","Gtl","OldTown","Norm","Norm","1Fam","Other",3,7,1948,2002,"Gable","CompShg","MetalSd","MetalSd","None",0,"TA","Other","CBlock","TA","TA","No","ALQ",331,"Unf",0,318,649,"GasA","Ex","Y","SBrkr",679,504,0,1183,0,0,1,1,2,1,"TA",6,"Typ",0,"No fireplace","Other","Unf","Other","TA","TA","Y",0,176,0,0,0,0,"No","No fence","None",0,6,2007,120000,176,1.5,5
"50","Other",50,5925,"Pave","No alley","Reg","Lvl","AllPub","Inside","Gtl","OldTown","Norm","Norm","1Fam","Other",4,6,1900,1950,"Gable","CompShg","MetalSd","MetalSd","None",0,"TA","TA","Other","Other","TA","No","Other",122,"Other",448,0,570,"GasA","Other","Other","SBrkr",761,380,0,1141,0,0,1,0,3,1,"TA",6,"Typ",0,"No fireplace","Other","Unf","Other","Other","Other","Y",0,0,96,0,0,0,"No","No fence","None",0,5,2007,85000,96,1,57
"30","Other",50,6000,"Pave","No alley","Reg","Lvl","AllPub","Inside","Gtl","OldTown","Norm","Norm","1Fam","1Story",4,4,1920,1950,"Other","CompShg","MetalSd","MetalSd","None",0,"TA","TA","PConc","TA","TA","No","ALQ",250,"Unf",0,710,960,"GasA","Other","Y","Other",960,0,0,960,0,0,1,0,2,1,"Other",5,"Typ",0,"No fireplace","Other","Unf","Other","TA","TA","Y",0,0,168,0,0,0,"No","No fence","None",0,7,2007,108500,168,1,57
"70","Other",57,9639,"Pave","No alley","Reg","Lvl","AllPub","Inside","Gtl","OldTown","Other","Norm","1Fam","Other",4,8,1900,1950,"Gable","CompShg","MetalSd","MetalSd","None",0,"TA","TA","PConc","TA","TA","No","Unf",0,"Unf",0,1075,1075,"GasA","Ex","Y","SBrkr",1156,642,0,1798,0,0,2,1,4,1,"TA",7,"Typ",0,"No fireplace","Other","Unf","2","TA","TA","Other",0,0,160,0,0,0,"No","Other","None",0,5,2007,137000,160,2.5,57
"30","Other",40,3880,"Pave","No alley","Reg","Lvl","AllPub","Inside","Gtl","OldTown","Norm","Norm","1Fam","1Story",5,9,1945,1997,"Gable","CompShg","VinylSd","VinylSd","None",0,"TA","Other","CBlock","TA","TA","No","ALQ",329,"Unf",0,357,686,"GasA","Other","Y","SBrkr",866,0,0,866,0,0,1,0,2,1,"Other",4,"Typ",0,"No fireplace","Other","Other","Other","Other","Other","Y",58,42,0,0,0,0,"No","No fence","None",0,8,2007,110500,42,1,10
"30","Other",60,8520,"Pave","No alley","Reg","Lvl","AllPub","Inside","Gtl","OldTown","Norm","Norm","1Fam","1Story",5,6,1923,2006,"Gable","CompShg","Wd Sdng","Wd Sdng","None",0,"Other","TA","CBlock","TA","TA","No","Unf",0,"Unf",0,968,968,"GasA","TA","Y","SBrkr",968,0,0,968,0,0,1,0,2,1,"TA",5,"Typ",0,"No fireplace","Other","Unf","2","Other","TA","Other",0,0,184,0,0,0,"No","No fence","None",0,7,2007,100000,184,1,1
"70","Other",0,10337,"Pave","Other","Other","Lvl","AllPub","Inside","Gtl","OldTown","Norm","Norm","1Fam","Other",8,9,1910,1999,"Other","CompShg","VinylSd","VinylSd","None",0,"Other","Other","Other","TA","TA","No","Unf",0,"Unf",0,725,725,"GasA","Ex","Other","SBrkr",909,863,0,1772,0,0,2,1,3,1,"Other",7,"Typ",0,"No fireplace","Other","Unf","2","TA","TA","Y",0,0,0,0,0,0,"No","Other","None",0,5,2007,184900,0,2.5,8
"50","Other",60,9600,"Pave","Other","Reg","Lvl","AllPub","Inside","Gtl","OldTown","Norm","Norm","1Fam","Other",5,8,1925,1994,"Other","CompShg","VinylSd","VinylSd","None",0,"TA","TA","PConc","TA","TA","Other","Unf",0,"Unf",0,702,702,"GasA","Other","Y","SBrkr",842,630,0,1472,0,0,1,0,3,1,"Other",6,"Typ",0,"No fireplace","Other","Unf","Other","TA","Other","Other",0,0,84,0,0,0,"No","Other","None",0,7,2007,125000,84,1,13
"70","Other",35,4571,"Pave","Other","Reg","Lvl","AllPub","Inside","Gtl","OldTown","Norm","Norm","1Fam","Other",5,7,1910,1950,"Gable","CompShg","MetalSd","MetalSd","None",0,"TA","TA","Other","TA","TA","No","BLQ",168,"Unf",0,448,616,"GasA","Ex","Y","SBrkr",616,616,0,1232,0,0,1,0,3,1,"TA",6,"Typ",0,"No fireplace","Other","Unf","2","Other","Other","Y",280,0,143,0,0,0,"No","No fence","None",0,6,2007,114000,143,1,57
"190","Other",85,13600,"Pave","Other","Reg","Lvl","AllPub","Inside","Gtl","OldTown","Norm","Norm","Other","Other",5,5,1900,1950,"Gable","CompShg","Wd Sdng","Wd Sdng","None",0,"TA","TA","Other","TA","TA","No","Unf",0,"Unf",0,662,662,"GasA","TA","Other","SBrkr",1422,915,0,2337,0,0,2,0,5,2,"TA",10,"Other",0,"No fireplace","Other","Unf","2","TA","TA","Y",0,57,0,0,0,0,"No","No fence","None",0,9,2007,90000,57,2,57
"50","Other",56,8398,"Pave","Other","Reg","Lvl","AllPub","Inside","Gtl","OldTown","Norm","Norm","1Fam","Other",6,8,1910,1990,"Gable","CompShg","Wd Sdng","Wd Sdng","None",0,"TA","TA","CBlock","Gd","Other","No","BLQ",259,"Unf",0,667,926,"GasA","TA","Y","SBrkr",991,659,0,1650,0,0,2,0,3,1,"TA",6,"Typ",0,"No fireplace","Other","Unf","2","TA","TA","Other",128,103,0,0,0,0,"No","No fence","None",0,11,2007,144100,103,2,17
"70","Other",90,9900,"Pave","No alley","Reg","Lvl","AllPub","Inside","Gtl","OldTown","Norm","Norm","1Fam","Other",6,4,1880,1950,"Gable","CompShg","Wd Sdng","Wd Sdng","None",0,"TA","TA","Other","TA","TA","Other","Unf",0,"Unf",0,1008,1008,"Other","TA","Y","SBrkr",1178,1032,0,2210,0,0,2,0,5,1,"Other",8,"Typ",0,"No fireplace","Other","Unf","Other","Other","TA","Other",0,48,0,0,0,0,"No","No fence","None",0,5,2007,117500,48,2,57
"75","Other",75,13500,"Pave","Other","Reg","Lvl","AllPub","Other","Gtl","OldTown","Norm","Norm","1Fam","Other",7,8,1879,1987,"Gable","CompShg","Wd Sdng","Wd Sdng","None",0,"TA","Other","PConc","TA","TA","No","Unf",0,"Unf",0,819,819,"GasA","TA","Y","Other",1312,1142,0,2454,0,0,2,0,3,1,"TA",8,"Typ",1,"Gd","Attchd","Unf","2","TA","TA","Other",0,148,150,0,0,0,"No","Other","None",0,2,2007,185000,298,2,20
"Other","Other",40,5400,"Pave","Other","Reg","Lvl","AllPub","Other","Gtl","OldTown","Norm","Norm","1Fam","1Story",6,7,1926,2004,"Gable","CompShg","MetalSd","MetalSd","None",0,"TA","Other","Other","TA","TA","Other","Other",370,"Unf",0,779,1149,"GasA","Other","Y","Other",1149,467,0,1616,0,0,2,0,3,1,"Other",5,"Typ",0,"No fireplace","Other","Unf","Other","TA","TA","Y",0,0,183,0,0,0,"No","No fence","None",0,10,2007,152000,183,2,3
"30","Other",90,8100,"Pave","Other","Reg","Lvl","AllPub","Inside","Gtl","OldTown","Norm","Norm","1Fam","1Story",5,6,1948,1973,"Gable","CompShg","VinylSd","VinylSd","None",0,"TA","TA","Other","TA","TA","No","Rec",338,"Unf",0,1221,1559,"GasA","Other","Y","SBrkr",1559,0,0,1559,1,0,1,0,2,1,"TA",5,"Other",0,"No fireplace","Other","Unf","2","TA","TA","Y",0,116,230,0,0,0,"No","Other","None",0,6,2007,153500,346,2,34
"70","Other",60,10800,"Pave","Other","Reg","Other","AllPub","Inside","Gtl","OldTown","Norm","Norm","1Fam","Other",7,8,1890,1998,"Gable","CompShg","Wd Sdng","VinylSd","None",0,"TA","Other","Other","TA","TA","No","Unf",0,"Unf",0,718,718,"GasA","Ex","Y","SBrkr",1576,978,0,2554,0,0,1,1,3,1,"TA",8,"Typ",0,"No fireplace","Other","Unf","2","TA","TA","Other",0,48,143,0,0,0,"No","No fence","None",0,7,2007,159500,191,1.5,9
"50","Other",52,9439,"Pave","No alley","Reg","Lvl","AllPub","Inside","Gtl","OldTown","Norm","Norm","1Fam","Other",5,5,1930,1950,"Gable","CompShg","Wd Sdng","Wd Sdng","None",0,"TA","TA","CBlock","TA","TA","No","Other",324,"Unf",0,588,912,"GasA","Other","Y","Other",912,336,0,1248,0,0,1,0,2,1,"TA",6,"Typ",0,"No fireplace","Other","Unf","Other","Other","Other","Y",0,0,192,0,0,0,"No","No fence","None",0,3,2007,87000,192,1,57
"20","Other",52,8626,"Pave","No alley","Reg","Lvl","AllPub","Inside","Gtl","OldTown","Norm","Norm","1Fam","1Story",4,6,1956,1956,"Gable","CompShg","MetalSd","MetalSd","None",1,"TA","TA","CBlock","Other","Other","Other","Other",0,"Other",0,0,0,"GasA","Other","Y","SBrkr",968,0,0,968,0,0,1,0,2,1,"TA",5,"Typ",0,"No fireplace","Attchd","Unf","Other","Other","TA","Y",0,0,0,0,0,0,"No","No fence","None",0,5,2007,104500,0,1,51
"80","Other",76,11800,"Pave","No alley","Reg","Lvl","AllPub","Inside","Gtl","OldTown","Norm","Norm","1Fam","Other",4,7,1949,2002,"Gable","CompShg","Stucco","Wd Sdng","None",0,"TA","TA","Other","Other","Other","Other","Other",0,"Other",0,0,0,"GasA","Ex","Y","SBrkr",1382,0,0,1382,0,0,2,0,1,1,"TA",6,"Other",1,"TA","Attchd","RFn","Other","TA","TA","Y",0,40,0,0,0,0,"No","No fence","None",0,5,2007,110000,40,2,5
"Other","RL",55,6854,"Pave","No alley","Reg","Other","AllPub","Inside","Other","BrkSide","Norm","Norm","1Fam","1Story",5,7,1925,1994,"Gable","CompShg","MetalSd","MetalSd","None",0,"TA","Other","PConc","TA","TA","No","Other",317,"Other",227,212,756,"GasA","TA","Other","Other",916,144,0,1060,1,0,1,0,1,1,"TA",6,"Other",1,"Gd","Other","Unf","Other","Other","TA","Y",0,65,0,0,150,0,"No","No fence","None",0,8,2007,136500,215,2,13
"50","Other",55,8674,"Pave","No alley","Reg","Other","AllPub","Inside","Gtl","BrkSide","Other","Other","1Fam","Other",5,6,1950,1950,"Gable","CompShg","MetalSd","MetalSd","None",0,"TA","TA","CBlock","Other","TA","No","Rec",910,"Unf",0,0,910,"GasA","TA","Y","SBrkr",910,525,0,1435,1,0,1,0,3,1,"TA",6,"Typ",0,"No fireplace","Other","Unf","Other","TA","TA","Y",0,33,0,0,0,0,"No","No fence","None",0,3,2007,128250,33,2,57
"30","RL",98,8731,"Pave","No alley","Other","Lvl","AllPub","Inside","Gtl","BrkSide","Norm","Norm","1Fam","1Story",5,5,1920,1950,"Gable","CompShg","Stucco","Stucco","None",0,"TA","Other","Other","TA","TA","No","BLQ",645,"Unf",0,270,915,"GasA","TA","Y","SBrkr",1167,0,0,1167,0,0,1,0,3,1,"TA",6,"Other",1,"Gd","Other","Unf","2","TA","TA","Y",0,0,216,0,126,0,"No","No fence","None",0,5,2007,144000,342,1,57
"50","RL",70,8737,"Pave","No alley","Other","Other","AllPub","Inside","Gtl","BrkSide","Norm","Norm","1Fam","Other",6,7,1923,1950,"Gable","CompShg","BrkFace","Wd Sdng","None",0,"TA","TA","Other","Gd","TA","No","Rec",300,"Unf",0,765,1065,"GasA","Ex","Y","Other",915,720,0,1635,0,0,1,1,3,1,"TA",6,"Typ",1,"Gd","Other","Unf","2","TA","TA","Y",0,38,0,144,0,0,"No","No fence","None",0,5,2007,210000,182,1.5,57
"50","Other",50,6125,"Pave","No alley","Reg","Lvl","AllPub","Inside","Gtl","BrkSide","Norm","Norm","1Fam","Other",5,7,1939,1998,"Gable","CompShg","MetalSd","MetalSd","None",0,"TA","Other","CBlock","TA","TA","No","Rec",306,"Unf",0,422,728,"GasA","Ex","Y","SBrkr",728,546,0,1274,0,0,2,0,3,1,"TA",6,"Typ",0,"No fireplace","Other","Unf","Other","Other","TA","Y",0,0,192,0,0,0,"No","No fence","None",0,3,2007,135000,192,2,9
"70","Other",50,6000,"Pave","No alley","Reg","Lvl","AllPub","Inside","Gtl","BrkSide","Norm","Norm","1Fam","Other",6,6,1939,1950,"Gable","CompShg","MetalSd","VinylSd","None",0,"TA","TA","CBlock","TA","TA","Other","Rec",276,"Unf",0,324,600,"GasA","Ex","Y","SBrkr",608,624,0,1232,0,0,1,1,3,1,"TA",6,"Typ",2,"TA","Attchd","Unf","Other","TA","TA","Y",0,0,0,0,0,0,"No","Other","None",0,2,2007,128000,0,1.5,57
"50","Other",60,6000,"Pave","No alley","Reg","Lvl","AllPub","Inside","Gtl","BrkSide","Norm","Norm","1Fam","Other",6,6,1941,1950,"Gable","CompShg","Wd Sdng","Wd Sdng","None",0,"TA","Other","Other","TA","Other","No","ALQ",375,"Unf",0,360,735,"GasA","Ex","Y","SBrkr",869,349,0,1218,0,1,1,0,3,1,"TA",6,"Typ",1,"Gd","Other","Unf","2","TA","TA","Y",0,0,0,0,0,0,"No","No fence","None",0,3,2007,131000,0,1.5,57
"45","Other",51,6120,"Pave","No alley","Reg","Lvl","AllPub","Inside","Gtl","BrkSide","Norm","Norm","1Fam","Other",5,7,1939,1950,"Gable","CompShg","AsbShng","AsbShng","None",0,"Other","TA","Other","TA","TA","No","Unf",0,"Unf",0,884,884,"GasA","Ex","Y","SBrkr",884,0,0,884,0,0,1,0,2,1,"TA",5,"Typ",0,"No fireplace","Other","Unf","Other","TA","TA","Y",0,0,136,0,0,0,"No","Other","None",0,7,2007,113000,136,1,57
"50","Other",0,6240,"Pave","No alley","Reg","Lvl","AllPub","Inside","Gtl","BrkSide","Norm","Norm","1Fam","Other",6,5,1938,1950,"Gable","CompShg","VinylSd","VinylSd","None",0,"TA","TA","Other","TA","TA","No","Other",52,"Unf",0,809,861,"GasA","Other","Y","SBrkr",861,548,0,1409,1,0,1,1,3,1,"TA",6,"Typ",1,"Gd","Other","Unf","2","TA","TA","Y",225,0,84,0,0,0,"No","No fence","None",0,3,2007,126000,84,2.5,57
"50","Other",52,6240,"Pave","No alley","Reg","Lvl","AllPub","Inside","Gtl","BrkSide","Norm","Norm","1Fam","Other",5,8,1939,1952,"Gable","CompShg","Wd Sdng","Wd Sdng","None",0,"TA","Other","Other","TA","TA","No","Rec",48,"Unf",0,624,672,"GasA","Ex","Y","SBrkr",899,423,0,1322,1,0,1,0,4,1,"TA",7,"Typ",0,"No fireplace","Other","Unf","Other","TA","TA","Y",0,0,0,0,0,0,"No","Other","None",0,7,2007,132000,0,2,55
"50","Other",52,6240,"Pave","No alley","Reg","Lvl","AllPub","Inside","Gtl","BrkSide","Norm","Norm","1Fam","Other",5,7,1930,1992,"Gable","CompShg","Wd Sdng","Wd Sdng","None",0,"TA","TA","Other","TA","TA","No","Unf",0,"Unf",0,966,966,"GasA","Ex","Y","SBrkr",1014,412,0,1426,0,0,1,0,3,1,"TA",6,"Typ",1,"Gd","Other","Unf","Other","Other","TA","Y",174,0,96,0,0,0,"No","Other","None",0,7,2007,131750,96,1,15
"50","Other",51,6120,"Pave","No alley","Reg","Lvl","AllPub","Inside","Gtl","BrkSide","Norm","Norm","1Fam","Other",5,6,1926,1950,"Gable","CompShg","Wd Sdng","Wd Sdng","None",0,"TA","TA","Other","TA","TA","No","ALQ",351,"Unf",0,405,756,"GasA","Other","Y","Other",903,378,0,1281,1,0,1,0,2,1,"Other",6,"Typ",0,"No fireplace","Other","Unf","2","TA","TA","Y",25,0,0,0,0,0,"No","No fence","None",0,8,2007,132500,0,2,57
"70","Other",51,6120,"Pave","No alley","Reg","Lvl","AllPub","Inside","Gtl","BrkSide","Norm","Norm","1Fam","Other",5,8,1920,2004,"Gable","CompShg","MetalSd","MetalSd","None",0,"TA","TA","Other","TA","TA","Other","Unf",0,"Unf",0,939,939,"GasA","Ex","Y","SBrkr",939,574,0,1513,0,0,1,1,4,1,"TA",8,"Typ",0,"No fireplace","Other","Unf","Other","Other","Other","Other",24,0,150,0,0,0,"No","No fence","None",0,5,2007,137500,150,1.5,3
"45","Other",51,6120,"Pave","No alley","Reg","Lvl","AllPub","Other","Gtl","BrkSide","Norm","Norm","1Fam","Other",7,8,1929,2001,"Gable","CompShg","Wd Sdng","Wd Sdng","None",0,"TA","TA","Other","TA","TA","No","Unf",0,"Unf",0,832,832,"GasA","Ex","Y","Other",854,0,0,854,0,0,1,0,2,1,"TA",5,"Typ",0,"No fireplace","Other","Unf","2","TA","TA","Y",48,112,0,0,0,0,"No","Other","None",0,7,2007,132000,112,1,6
"50","Other",52,6240,"Pave","No alley","Reg","Lvl","AllPub","Inside","Gtl","BrkSide","Norm","Norm","1Fam","Other",6,6,1931,1950,"Gable","CompShg","Wd Sdng","Wd Sdng","None",0,"TA","TA","Other","TA","Other","No","Other",425,"Unf",0,459,884,"GasA","TA","Y","Other",959,408,0,1367,0,0,1,0,3,1,"TA",6,"Typ",1,"Gd","Other","Unf","Other","TA","TA","Y",0,0,0,0,120,0,"No","No fence","None",0,11,2007,127500,120,1,57
"30","Other",60,6180,"Pave","No alley","Reg","Lvl","AllPub","Other","Gtl","BrkSide","Norm","Norm","1Fam","1Story",6,5,1926,1950,"Gable","CompShg","Wd Sdng","Wd Sdng","None",0,"TA","TA","Other","TA","TA","No","Unf",0,"Unf",0,960,960,"GasA","TA","Other","SBrkr",986,0,0,986,0,0,1,0,2,1,"TA",5,"Typ",1,"Gd","Other","Unf","Other","TA","TA","Y",0,128,0,0,0,0,"No","No fence","None",0,5,2007,102000,128,1,57
"70","Other",47,7755,"Pave","No alley","Reg","Lvl","AllPub","Inside","Gtl","OldTown","Norm","Norm","1Fam","Other",6,8,1918,1995,"Gable","CompShg","Wd Sdng","Wd Sdng","None",0,"TA","Other","CBlock","TA","TA","No","Unf",0,"Unf",0,1100,1100,"GasA","Ex","Y","Other",1100,1164,0,2264,0,0,2,1,4,1,"TA",8,"Typ",0,"No fireplace","Other","Unf","Other","TA","TA","Y",0,152,0,0,0,0,"No","Other","None",0,5,2007,200000,152,2.5,12
"70","RL",60,13515,"Pave","Other","Reg","Lvl","AllPub","Inside","Gtl","BrkSide","Norm","Norm","1Fam","Other",6,6,1919,1950,"Other","CompShg","Wd Sdng","Wd Sdng","None",0,"TA","TA","PConc","TA","TA","No","Unf",0,"Unf",0,764,764,"GasA","Ex","Y","Other",1060,764,0,1824,0,0,1,0,3,1,"TA",8,"Typ",1,"Gd","Other","Unf","2","TA","TA","Other",0,0,126,0,0,0,"No","Other","None",0,7,2007,180500,126,1,57
"50","RL",60,8850,"Pave","Other","Reg","Other","AllPub","Inside","Gtl","BrkSide","Norm","Norm","1Fam","Other",6,7,1920,1950,"Gable","CompShg","Wd Sdng","Wd Shng","None",0,"TA","Other","PConc","TA","TA","No","Unf",0,"Unf",0,768,768,"GasA","Ex","Y","SBrkr",752,624,0,1376,0,0,1,0,3,1,"Other",7,"Typ",0,"No fireplace","Other","Unf","2","TA","TA","Other",0,54,144,0,0,0,"No","No fence","None",0,2,2007,165000,198,1,57
"70","RL",60,8730,"Pave","No alley","Reg","Lvl","AllPub","Inside","Gtl","BrkSide","Other","Norm","1Fam","Other",6,7,1915,2003,"Gable","CompShg","Wd Sdng","Wd Sdng","None",0,"TA","TA","Other","TA","TA","No","Unf",0,"Unf",0,698,698,"GasA","Ex","Y","Other",698,698,0,1396,0,0,1,0,3,1,"TA",7,"Typ",0,"No fireplace","Other","Unf","Other","TA","TA","Y",0,0,0,0,259,0,"No","No fence","None",0,7,2007,153575,259,1,4
"70","Other",0,5700,"Pave","No alley","Other","Lvl","AllPub","Other","Gtl","OldTown","Other","Norm","1Fam","Other",7,6,1929,1990,"Gable","CompShg","Wd Sdng","Wd Shng","None",0,"TA","TA","Other","TA","TA","No","Rec",336,"Unf",0,336,672,"GasA","Other","Other","Other",672,672,0,1344,1,0,1,1,3,1,"Other",6,"Typ",1,"Gd","Attchd","Unf","2","TA","TA","Y",0,0,70,0,0,0,"No","Other","None",0,9,2007,140000,70,2.5,17
"50","Other",0,7758,"Pave","No alley","Reg","Lvl","AllPub","Other","Gtl","IDOTRR","Norm","Norm","1Fam","Other",7,4,1931,1950,"Gable","CompShg","Stucco","Stucco","Other",600,"TA","Other","PConc","TA","TA","No","Other",224,"Unf",0,816,1040,"GasA","Ex","Y","Other",1226,592,0,1818,0,0,1,1,4,1,"TA",7,"Typ",2,"TA","Other","Unf","Other","TA","TA","Y",0,0,0,0,184,0,"No","No fence","None",0,6,2007,169500,184,1.5,57
"45","Other",57,7449,"Pave","Other","Reg","Other","AllPub","Inside","Gtl","IDOTRR","Norm","Norm","1Fam","Other",7,7,1930,1950,"Gable","CompShg","Wd Sdng","Wd Sdng","None",0,"TA","TA","PConc","TA","TA","No","Unf",0,"Unf",0,637,637,"GasA","Ex","Y","Other",1108,0,0,1108,0,0,1,0,3,1,"Other",6,"Typ",1,"Gd","Attchd","Unf","Other","TA","TA","Other",0,0,205,0,0,0,"No","Other","None",0,6,2007,139400,205,1,57
"80","Other",120,13200,"Pave","No alley","Reg","Lvl","AllPub","Other","Gtl","IDOTRR","Norm","Norm","1Fam","Other",6,6,1963,1963,"Gable","CompShg","HdBoard","HdBoard","Other",234,"TA","TA","CBlock","TA","TA","No","BLQ",375,"Unf",0,366,741,"GasA","Other","Y","SBrkr",1497,797,0,2294,0,0,3,0,5,1,"TA",9,"Typ",1,"Gd","Attchd","Unf","2","TA","TA","Y",0,110,0,0,0,0,"No","No fence","None",0,4,2007,202500,110,3,44
"70","Other",60,6882,"Pave","No alley","Reg","Lvl","AllPub","Inside","Gtl","IDOTRR","Norm","Norm","1Fam","Other",6,7,1914,2006,"Gable","CompShg","Wd Sdng","Wd Sdng","None",0,"TA","TA","PConc","TA","TA","No","Unf",0,"Unf",0,684,684,"GasA","TA","Y","SBrkr",773,582,0,1355,0,0,1,1,3,1,"Other",7,"Typ",0,"No fireplace","Other","Other","Other","Other","Other","Y",136,0,115,0,0,0,"No","No fence","None",0,3,2007,127000,115,1.5,1
"50","Other",50,9000,"Pave","No alley","Reg","Other","AllPub","Inside","Gtl","IDOTRR","Norm","Norm","1Fam","Other",6,6,1937,1950,"Gable","CompShg","Wd Sdng","Wd Sdng","None",0,"TA","Other","PConc","TA","TA","No","Unf",0,"Unf",0,780,780,"GasA","TA","Y","SBrkr",780,595,0,1375,0,0,1,1,3,1,"Other",6,"Typ",1,"Gd","Other","Unf","Other","TA","TA","Other",0,162,0,0,126,0,"No","No fence","None",0,12,2007,141000,288,1.5,57
"60","Other",60,9780,"Pave","Other","Reg","Lvl","AllPub","Inside","Gtl","IDOTRR","Norm","Norm","1Fam","Other",7,9,1950,2005,"Gable","CompShg","VinylSd","VinylSd","None",0,"TA","Other","CBlock","TA","TA","No","Other",354,"Other",398,224,976,"GasA","Ex","Y","SBrkr",976,976,0,1952,0,0,1,1,4,1,"Other",8,"Typ",2,"TA","Other","Fin","Other","TA","TA","Y",285,0,0,0,216,0,"No","No fence","None",0,4,2007,212300,216,1.5,2
"50","Other",60,10320,"Pave","Other","Reg","Lvl","AllPub","Inside","Gtl","IDOTRR","Norm","Norm","1Fam","Other",6,5,1915,1950,"Gable","CompShg","MetalSd","MetalSd","None",0,"TA","TA","CBlock","TA","Other","No","Other",375,"Unf",0,763,1138,"GasA","Other","Y","SBrkr",1138,1042,0,2180,0,0,1,1,3,1,"TA",7,"Typ",1,"Gd","Other","Unf","2","TA","TA","Other",0,0,170,0,0,0,"No","No fence","None",0,5,2007,161000,170,1.5,57
"75","Other",60,7200,"Pave","No alley","Reg","Lvl","AllPub","Inside","Gtl","IDOTRR","Norm","Norm","1Fam","Other",5,7,1920,1996,"Gable","CompShg","MetalSd","MetalSd","None",0,"TA","TA","Other","TA","Other","No","Unf",0,"Unf",0,530,530,"GasA","TA","Other","SBrkr",581,530,0,1111,0,0,1,0,3,1,"Other",6,"Typ",0,"No fireplace","Other","Unf","Other","TA","TA","Other",0,0,144,0,0,0,"No","No fence","None",0,3,2007,101000,144,1,11
"30","Other",40,4800,"Pave","No alley","Reg","Lvl","AllPub","Inside","Gtl","IDOTRR","Norm","Norm","1Fam","1Story",4,7,1916,1990,"Gable","CompShg","MetalSd","MetalSd","None",0,"TA","TA","CBlock","TA","TA","No","Other",197,"Unf",0,999,1196,"GasA","Ex","Y","Other",1196,0,0,1196,1,0,1,0,2,1,"TA",5,"Typ",0,"No fireplace","Other","Unf","2","TA","TA","Y",0,0,0,0,0,0,"No","No fence","None",0,7,2007,109900,0,2,17
"50","Other",0,12358,"Pave","No alley","Other","Lvl","AllPub","Inside","Gtl","OldTown","Other","Norm","1Fam","Other",5,6,1941,1950,"Gable","CompShg","MetalSd","MetalSd","None",0,"TA","TA","CBlock","TA","TA","No","Rec",360,"Unf",0,360,720,"GasA","TA","Y","SBrkr",854,0,528,1382,0,0,1,1,2,1,"TA",7,"Typ",0,"No fireplace","Other","Unf","2","TA","TA","Y",237,0,0,0,0,0,"No","No fence","None",0,5,2007,128500,0,1.5,57
"190","Other",60,10120,"Pave","No alley","Other","Other","AllPub","Inside","Gtl","OldTown","Other","Norm","Other","Other",7,4,1910,1950,"Other","CompShg","Wd Sdng","Wd Sdng","None",0,"Other","TA","CBlock","TA","TA","No","Unf",0,"Unf",0,925,925,"GasA","TA","Other","Other",964,925,0,1889,0,0,1,1,4,2,"TA",9,"Typ",1,"Gd","Other","Unf","Other","TA","TA","Other",0,0,264,0,0,0,"No","Other","None",0,1,2007,122000,264,1.5,57
"45","Other",55,4388,"Pave","No alley","Other","Other","AllPub","Inside","Gtl","OldTown","Other","Norm","1Fam","Other",5,7,1930,1950,"Gable","CompShg","WdShing","Wd Sdng","None",0,"TA","Other","Other","TA","TA","No","Other",116,"Unf",0,556,672,"GasA","Ex","Y","SBrkr",840,0,0,840,0,0,1,0,3,1,"TA",5,"Typ",1,"TA","Other","Other","Other","Other","Other","Other",0,0,0,0,0,0,"No","No fence","None",0,6,2007,87000,0,1,57
"70","RL",107,12888,"Pave","No alley","Reg","Other","AllPub","Inside","Gtl","Sawyer","Other","Norm","1Fam","Other",7,8,1937,1980,"Gable","CompShg","Wd Sdng","Wd Sdng","None",0,"TA","Other","CBlock","TA","TA","No","ALQ",288,"Unf",0,717,1005,"GasA","TA","Y","SBrkr",1262,1005,0,2267,1,0,1,1,3,1,"TA",7,"Typ",2,"Gd","Attchd","Fin","2","TA","TA","Y",521,0,0,0,0,0,"No","No fence","None",0,4,2007,219000,0,2.5,27
"50","RL",138,18030,"Pave","No alley","Other","Other","AllPub","Inside","Gtl","ClearCr","Norm","Norm","1Fam","Other",5,6,1946,1994,"Gable","CompShg","MetalSd","MetalSd","None",0,"TA","TA","CBlock","TA","TA","No","Rec",152,"Other",469,977,1598,"GasA","TA","Y","SBrkr",1636,971,479,3086,0,0,3,0,3,1,"Other",12,"Other",1,"Gd","Other","Other","Other","Other","Other","Y",122,0,0,0,0,0,"No","Other","None",0,3,2007,200500,0,3,13
"190","RL",59,4484,"Pave","No alley","Other","Lvl","AllPub","Other","Gtl","SWISU","Norm","Norm","Other","Other",5,6,1942,1979,"Gable","CompShg","Plywood","Plywood","None",0,"TA","TA","CBlock","TA","TA","No","ALQ",485,"Unf",0,187,672,"GasA","TA","Other","SBrkr",778,504,0,1282,1,0,1,0,2,1,"TA",4,"Typ",0,"No fireplace","Other","Unf","Other","TA","TA","Y",0,88,0,0,0,0,"No","Other","None",0,7,2007,108500,88,2,28
"190","RL",75,11235,"Pave","No alley","Reg","Lvl","AllPub","Inside","Gtl","Sawyer","Norm","Norm","Other","Other",5,5,1963,1963,"Gable","CompShg","HdBoard","HdBoard","None",0,"TA","TA","CBlock","Gd","TA","Other","ALQ",925,"Unf",0,0,925,"GasA","TA","Y","SBrkr",999,0,0,999,1,0,1,0,3,1,"TA",6,"Typ",0,"No fireplace","Other","Unf","Other","TA","TA","Y",40,176,0,0,0,0,"No","Other","None",0,3,2007,130000,176,2,44
"85","RL",75,11235,"Pave","No alley","Reg","Lvl","AllPub","Inside","Gtl","Sawyer","Norm","Norm","1Fam","Other",5,5,1964,1980,"Gable","CompShg","HdBoard","HdBoard","Other",30,"TA","TA","CBlock","Gd","TA","Other","BLQ",785,"Unf",0,635,1420,"GasA","Other","Y","SBrkr",1452,0,0,1452,1,0,1,0,2,1,"TA",6,"Other",1,"TA","Other","Unf","2","TA","TA","Y",92,0,88,0,0,0,"No","No fence","None",0,11,2007,158450,88,2,27
"20","RL",62,14299,"Pave","No alley","Reg","Lvl","AllPub","Inside","Gtl","Sawyer","Other","Norm","1Fam","1Story",4,3,1964,1964,"Gable","CompShg","HdBoard","HdBoard","None",0,"TA","TA","CBlock","TA","TA","No","Rec",513,"Other",144,348,1005,"GasA","TA","Y","SBrkr",1005,0,0,1005,1,0,1,0,3,1,"TA",5,"Typ",0,"No fireplace","Other","Unf","2","TA","TA","Other",0,0,0,0,0,0,"No","Other","None",0,7,2007,115400,0,2,43
"20","RL",61,7943,"Pave","No alley","Reg","Lvl","AllPub","Inside","Gtl","Sawyer","Other","Norm","1Fam","1Story",4,5,1961,1961,"Gable","CompShg","VinylSd","VinylSd","Other",192,"TA","Other","CBlock","TA","TA","Other","Rec",903,"Unf",0,126,1029,"GasA","Other","Y","SBrkr",1029,0,0,1029,1,0,1,0,3,1,"TA",5,"Typ",0,"No fireplace","Attchd","Unf","Other","TA","TA","Y",64,0,39,0,0,0,"No","No fence","None",0,4,2007,118500,39,2,46
"80","RL",65,14149,"Pave","No alley","Other","Lvl","AllPub","Inside","Gtl","Sawyer","Norm","Norm","1Fam","Other",5,8,1964,2001,"Other","CompShg","HdBoard","HdBoard","Other",50,"Other","Other","CBlock","TA","TA","Other","Other",68,"Other",722,190,980,"GasA","TA","Y","SBrkr",1020,0,0,1020,0,1,2,0,3,1,"TA",5,"Typ",1,"Other","Other","Unf","2","TA","TA","Y",0,0,0,0,0,0,"No","No fence","None",0,5,2007,165000,0,2.5,6
"20","RL",0,11677,"Pave","No alley","Other","Lvl","AllPub","Inside","Gtl","Sawyer","Norm","Norm","1Fam","1Story",5,4,1966,1966,"Gable","CompShg","HdBoard","HdBoard","Other",442,"TA","TA","CBlock","TA","TA","Other","Rec",249,"Other",761,30,1040,"GasA","TA","Y","SBrkr",1040,0,0,1040,1,0,1,0,3,1,"TA",6,"Typ",0,"No fireplace","Attchd","RFn","Other","TA","TA","Y",0,90,0,0,0,0,"No","Other","None",0,2,2007,123000,90,2,41
"85","RL",70,8400,"Pave","No alley","Reg","Lvl","AllPub","Inside","Gtl","Sawyer","Norm","Norm","1Fam","Other",6,5,1966,1966,"Gable","CompShg","VinylSd","VinylSd","None",0,"TA","TA","CBlock","TA","TA","Other","Other",187,"Other",627,0,814,"GasA","Other","Y","SBrkr",913,0,0,913,1,0,1,0,3,1,"TA",6,"Typ",0,"No fireplace","Other","Unf","Other","TA","TA","Y",0,0,252,0,0,0,"No","No fence","None",0,5,2007,129000,252,2,41
"20","RL",99,7094,"Pave","No alley","Other","Lvl","AllPub","Inside","Gtl","Sawyer","Norm","Norm","1Fam","1Story",5,5,1966,1966,"Gable","CompShg","VinylSd","VinylSd","None",0,"TA","TA","CBlock","TA","TA","No","Rec",180,"Other",374,340,894,"GasA","TA","Y","SBrkr",894,0,0,894,0,0,1,0,3,1,"TA",5,"Typ",0,"No fireplace","Other","RFn","Other","TA","TA","Y",0,0,0,0,0,0,"No","Other","None",0,5,2007,125000,0,1,41
"190","RL",70,8425,"Pave","No alley","Reg","Lvl","AllPub","Other","Gtl","Sawyer","Other","Norm","Other","1Story",5,6,1971,1990,"Gable","CompShg","HdBoard","HdBoard","None",0,"TA","TA","CBlock","Gd","TA","Other","GLQ",748,"Unf",0,20,768,"GasA","Other","Y","SBrkr",868,0,0,868,1,0,1,0,2,1,"TA",6,"Typ",0,"No fireplace","Other","Unf","2","TA","TA","Y",138,0,0,0,0,0,"No","Other","None",0,5,2007,119900,0,2,17
"20","RL",86,8665,"Pave","No alley","Other","Lvl","AllPub","Inside","Gtl","Sawyer","Norm","Norm","1Fam","1Story",5,5,1968,1968,"Gable","CompShg","HdBoard","HdBoard","Other",89,"TA","TA","CBlock","TA","TA","Other","Rec",168,"Other",288,420,876,"GasA","TA","Y","SBrkr",897,0,0,897,0,0,1,0,3,1,"TA",5,"Typ",0,"No fireplace","Attchd","RFn","Other","TA","TA","Y",0,0,0,0,0,0,"No","No fence","None",0,1,2007,115000,0,1,39
"20","RL",0,8398,"Pave","No alley","Other","Lvl","AllPub","Inside","Gtl","Sawyer","Norm","Norm","1Fam","1Story",5,5,1967,1967,"Gable","CompShg","MetalSd","MetalSd","Other",323,"TA","Other","CBlock","TA","TA","No","Other",114,"Other",529,300,943,"GasA","TA","Y","SBrkr",943,0,0,943,1,0,1,0,2,1,"TA",5,"Typ",0,"No fireplace","Other","Unf","2","TA","TA","Y",132,0,0,0,0,0,"No","No fence","None",0,6,2007,134500,0,2,40
"20","RL",66,7742,"Pave","No alley","Reg","Lvl","AllPub","Inside","Gtl","Sawyer","Norm","Norm","1Fam","1Story",5,7,1966,1966,"Gable","CompShg","HdBoard","HdBoard","None",0,"TA","TA","CBlock","TA","TA","No","BLQ",763,"Unf",0,192,955,"GasA","Ex","Y","SBrkr",955,0,0,955,1,0,1,0,3,1,"TA",6,"Typ",0,"No fireplace","Attchd","Unf","Other","TA","TA","Y",0,0,0,0,0,0,"No","Other","None",0,1,2007,127000,0,2,41
"20","RL",109,8724,"Pave","No alley","Reg","Lvl","AllPub","Inside","Gtl","Sawyer","Norm","Norm","1Fam","1Story",5,5,1968,1968,"Gable","CompShg","VinylSd","VinylSd","None",0,"TA","TA","CBlock","Gd","TA","No","BLQ",492,"Unf",0,402,894,"GasA","Other","Y","SBrkr",894,0,0,894,0,0,1,0,3,1,"TA",5,"Typ",1,"Other","Attchd","Fin","2","TA","TA","Y",0,0,0,0,0,0,"No","No fence","None",0,5,2007,129000,0,1,39
"20","RL",71,8197,"Pave","No alley","Reg","Lvl","AllPub","Inside","Gtl","Sawyer","Norm","Norm","1Fam","1Story",6,5,1977,1977,"Gable","CompShg","Plywood","Plywood","Other",148,"TA","TA","CBlock","TA","TA","No","Unf",0,"Unf",0,660,660,"GasA","Ex","Y","SBrkr",1285,0,0,1285,0,0,1,1,3,1,"TA",7,"Typ",1,"TA","Attchd","RFn","2","TA","TA","Y",138,0,0,0,0,0,"No","Other","None",0,4,2007,143500,0,1.5,30
"20","RL",0,8169,"Pave","No alley","Reg","Lvl","AllPub","Other","Gtl","Sawyer","Other","Norm","1Fam","1Story",5,7,1966,1966,"Gable","CompShg","Plywood","Plywood","None",0,"TA","Other","CBlock","TA","TA","No","Rec",216,"Other",435,261,912,"GasA","Ex","Y","SBrkr",912,0,0,912,1,0,1,0,3,1,"Other",6,"Typ",0,"No fireplace","Other","Unf","Other","TA","TA","Y",204,0,0,0,0,0,"No","Other","None",0,7,2007,129000,0,2,41
"20","RL",81,14175,"Pave","No alley","Reg","Other","AllPub","Inside","Other","Sawyer","Other","Norm","1Fam","1Story",5,5,1956,1998,"Other","CompShg","BrkFace","BrkFace","None",0,"TA","TA","CBlock","TA","TA","No","Rec",386,"Other",522,332,1240,"GasA","Other","Y","SBrkr",1375,0,0,1375,1,0,1,0,3,1,"TA",6,"Typ",1,"Gd","Attchd","Unf","Other","TA","TA","Y",0,0,0,0,0,0,"No","No fence","None",0,12,2007,187000,0,2,9
"60","RL",99,16779,"Pave","No alley","Reg","Lvl","AllPub","Inside","Gtl","Sawyer","Other","Norm","1Fam","Other",5,4,1920,1996,"Gable","CompShg","Wd Sdng","Wd Sdng","Other",356,"TA","Other","CBlock","Gd","TA","No","BLQ",267,"Unf",0,404,671,"GasA","Other","Y","SBrkr",1567,1087,0,2654,0,0,3,0,4,1,"TA",11,"Other",1,"Gd","Attchd","Unf","2","TA","TA","Y",128,570,0,0,0,0,"No","No fence","Other",500,5,2007,158000,570,3,11
"30","RL",0,25339,"Pave","No alley","Reg","Lvl","AllPub","Inside","Gtl","Sawyer","Norm","Norm","1Fam","1Story",5,7,1918,2007,"Gable","CompShg","Wd Sdng","Wd Sdng","None",0,"TA","Other","Other","TA","TA","No","Unf",0,"Unf",0,816,816,"GasA","Ex","Y","SBrkr",1416,0,0,1416,0,0,2,0,3,1,"Other",7,"Typ",0,"No fireplace","Attchd","Unf","2","TA","TA","Other",0,0,112,0,0,0,"No","No fence","None",0,8,2007,112000,112,2,0
"50","RL",70,6960,"Pave","No alley","Reg","Lvl","AllPub","Inside","Gtl","Sawyer","Norm","Norm","1Fam","Other",7,8,1940,1998,"Gable","CompShg","Wd Sdng","Wd Sdng","None",0,"TA","TA","Other","TA","TA","No","ALQ",258,"Unf",0,422,680,"GasA","Ex","Y","Other",798,504,0,1302,0,0,1,1,2,1,"Other",6,"Typ",2,"Gd","Attchd","Unf","Other","TA","TA","Y",0,0,0,0,126,0,"No","Other","None",0,7,2007,165250,126,1.5,9
"20","RL",91,11375,"Pave","No alley","Reg","Lvl","AllPub","Inside","Gtl","Sawyer","Norm","Norm","1Fam","1Story",6,5,1954,1995,"Gable","CompShg","VinylSd","VinylSd","None",0,"TA","TA","CBlock","TA","TA","No","Rec",736,"Unf",0,231,967,"GasA","TA","Y","SBrkr",1299,0,0,1299,0,0,1,0,3,1,"Other",6,"Typ",1,"TA","Attchd","Unf","2","TA","TA","Y",81,0,280,0,0,0,"No","No fence","None",0,10,2007,150000,280,1,12
"20","RL",85,13770,"Pave","No alley","Reg","Lvl","AllPub","Other","Gtl","Sawyer","Other","Norm","1Fam","1Story",5,6,1958,1998,"Gable","CompShg","Plywood","Plywood","Other",340,"TA","TA","CBlock","TA","TA","Other","Rec",190,"Other",873,95,1158,"GasA","TA","Y","SBrkr",1176,0,0,1176,1,0,1,0,3,1,"TA",6,"Typ",2,"Gd","Attchd","Unf","Other","TA","TA","Y",0,0,0,0,0,0,"No","No fence","None",0,10,2007,137000,0,2,9
"20","RL",0,9000,"Pave","No alley","Reg","Lvl","AllPub","Inside","Gtl","Sawyer","Norm","Norm","1Fam","1Story",4,7,1945,1950,"Gable","CompShg","Wd Sdng","Wd Sdng","None",0,"Other","TA","Other","Other","Other","Other","Other",0,"Other",0,0,0,"GasA","TA","Other","Other",998,0,0,998,0,0,1,0,3,1,"TA",5,"Other",0,"No fireplace","Other","Unf","2","Other","TA","Y",0,0,140,0,0,0,"No","No fence","None",0,5,2007,89500,140,1,57
"20","RL",0,115149,"Pave","No alley","Other","Other","AllPub","Other","Other","ClearCr","Norm","Norm","1Fam","1Story",7,5,1971,2002,"Gable","CompShg","Plywood","Plywood","Other",351,"TA","TA","CBlock","Gd","TA","Other","GLQ",1219,"Unf",0,424,1643,"GasA","TA","Y","SBrkr",1824,0,0,1824,1,0,2,0,2,1,"Other",5,"Typ",2,"TA","Attchd","Unf","2","TA","TA","Y",380,48,0,0,0,0,"No","No fence","None",0,6,2007,302000,48,3,5
"20","RL",0,11075,"Pave","No alley","Reg","Lvl","AllPub","Other","Gtl","ClearCr","Norm","Norm","1Fam","1Story",6,5,1984,1984,"Other","CompShg","Wd Sdng","Wd Sdng","Other",136,"TA","TA","PConc","Gd","TA","No","BLQ",299,"Other",891,0,1190,"GasA","Ex","Y","SBrkr",1522,0,0,1522,0,0,2,0,3,1,"TA",7,"Typ",1,"TA","Attchd","Fin","2","TA","TA","Y",0,77,0,0,168,0,"No","Other","None",0,2,2007,182000,245,2,23
"60","RL",97,10029,"Pave","No alley","Other","Lvl","AllPub","Other","Gtl","ClearCr","Norm","Norm","1Fam","Other",6,5,1988,1989,"Gable","CompShg","Plywood","Plywood","Other",268,"Other","TA","PConc","Gd","TA","No","GLQ",831,"Unf",0,320,1151,"GasA","TA","Y","SBrkr",1164,896,0,2060,0,1,2,1,4,1,"TA",8,"Typ",1,"TA","Attchd","Unf","2","TA","TA","Y",0,228,0,0,192,0,"No","No fence","None",0,9,2007,211000,420,3,18
"20","RL",0,17541,"Pave","No alley","Other","Lvl","AllPub","Other","Gtl","Edwards","Norm","Norm","1Fam","1Story",5,7,1948,2005,"Other","CompShg","Wd Sdng","Wd Sdng","None",0,"TA","Other","CBlock","TA","Other","Other","BLQ",300,"Unf",0,109,409,"GasA","Ex","Y","SBrkr",1325,0,0,1325,0,0,2,0,3,1,"Other",6,"Typ",1,"TA","Other","Unf","2","TA","TA","Y",0,42,0,0,0,0,"No","No fence","None",0,7,2007,216000,42,2,2
"20","RL",0,22692,"Pave","No alley","Other","Lvl","AllPub","Inside","Gtl","Edwards","Norm","Norm","1Fam","1Story",5,5,1953,1953,"Gable","CompShg","MetalSd","MetalSd","None",0,"TA","TA","CBlock","TA","TA","No","Rec",587,"Unf",0,486,1073,"GasA","TA","Y","SBrkr",1630,0,0,1630,0,0,2,0,3,1,"TA",6,"Other",1,"TA","Other","Unf","2","TA","TA","Other",0,64,0,0,0,0,"No","No fence","None",0,3,2007,130000,64,2,54
"20","RL",84,17808,"Pave","No alley","Reg","Lvl","AllPub","Inside","Gtl","Edwards","Other","Norm","1Fam","1Story",4,5,1946,1950,"Gable","CompShg","Wd Sdng","Wd Sdng","None",0,"TA","TA","CBlock","TA","TA","No","Unf",0,"Unf",0,484,484,"GasA","TA","Other","SBrkr",1242,0,0,1242,0,0,1,0,2,1,"TA",4,"Other",0,"No fireplace","Attchd","Unf","Other","TA","TA","Other",0,0,0,0,0,0,"No","No fence","None",0,7,2007,109900,0,1,57
"20","RL",102,12671,"Pave","No alley","Other","Lvl","AllPub","Other","Gtl","ClearCr","Norm","Norm","1Fam","1Story",6,7,1954,1994,"Other","CompShg","MetalSd","MetalSd","Other",300,"TA","Other","CBlock","Gd","Other","No","Other",353,"Unf",0,935,1288,"GasA","Ex","Y","SBrkr",2422,0,0,2422,0,0,3,0,4,1,"Other",6,"Other",2,"Gd","Attchd","Fin","2","TA","TA","Y",0,63,0,0,144,0,"No","No fence","None",0,7,2007,255000,207,3,13
"20","RL",84,12615,"Pave","No alley","Reg","Lvl","AllPub","Other","Gtl","Edwards","Norm","Norm","1Fam","1Story",6,7,1950,2001,"Gable","CompShg","WdShing","Wd Shng","None",0,"TA","TA","CBlock","TA","Other","Other","ALQ",477,"Unf",0,725,1202,"GasA","TA","Y","SBrkr",2158,0,0,2158,1,0,2,0,4,1,"Other",7,"Typ",1,"Gd","Attchd","Unf","2","TA","TA","Y",0,29,39,0,0,0,"No","Other","None",0,6,2007,243000,68,3,6
"50","RL",70,10512,"Pave","No alley","Reg","Lvl","AllPub","Inside","Gtl","Edwards","Norm","Norm","1Fam","Other",6,6,1954,1954,"Gable","CompShg","Wd Sdng","Wd Sdng","None",0,"TA","TA","CBlock","TA","TA","No","BLQ",491,"Unf",0,497,988,"GasA","Ex","Y","SBrkr",988,638,0,1626,0,0,1,1,3,1,"Other",6,"Typ",0,"No fireplace","Attchd","Unf","Other","TA","TA","Y",366,0,0,0,0,0,"No","No fence","None",0,5,2007,154000,0,1.5,53
"20","RL",60,5400,"Pave","No alley","Reg","Other","AllPub","Inside","Gtl","SWISU","Norm","Norm","1Fam","1Story",5,5,1958,1958,"Gable","CompShg","MetalSd","MetalSd","None",0,"TA","TA","CBlock","TA","TA","No","Rec",453,"Unf",0,411,864,"GasA","TA","Y","SBrkr",864,0,0,864,0,1,1,0,3,1,"TA",6,"Typ",0,"No fireplace","Attchd","Unf","Other","TA","TA","Y",0,0,0,0,0,0,"No","No fence","None",0,5,2007,118000,0,1.5,49
"30","RL",0,11515,"Pave","No alley","Other","Lvl","AllPub","Other","Gtl","Edwards","Norm","Norm","1Fam","1Story",4,5,1958,1994,"Gable","CompShg","HdBoard","HdBoard","None",0,"TA","TA","Other","Other","Other","Other","Other",0,"Other",0,0,0,"GasA","TA","Other","SBrkr",943,0,0,943,0,0,1,0,3,1,"Other",5,"Other",0,"No fireplace","Other","Unf","Other","TA","TA","Other",0,0,60,0,0,0,"No","No fence","None",0,8,2007,80000,60,1,13
"30","RL",58,9098,"Pave","No alley","Other","Lvl","AllPub","Inside","Gtl","Edwards","Norm","Norm","1Fam","1Story",4,7,1920,2002,"Gable","CompShg","Wd Sdng","Wd Sdng","None",0,"TA","TA","Other","TA","TA","Other","ALQ",348,"Unf",0,180,528,"GasA","Ex","Y","SBrkr",605,0,0,605,1,0,1,0,2,1,"TA",5,"Typ",0,"No fireplace","Other","Other","Other","Other","Other","Other",0,0,144,0,0,0,"No","No fence","None",0,7,2007,86000,144,2,5
"120","RL",39,3869,"Pave","No alley","Reg","Lvl","AllPub","Inside","Other","Edwards","Norm","Norm","Other","1Story",5,6,1984,1984,"Gable","CompShg","Wd Sdng","Wd Sdng","Other",149,"Other","Other","CBlock","TA","TA","No","Other",283,"Other",755,0,1038,"GasA","Other","Y","SBrkr",1038,0,0,1038,0,0,2,0,2,1,"TA",5,"Typ",0,"No fireplace","Attchd","RFn","Other","TA","TA","Y",0,105,0,0,0,0,"No","No fence","None",0,7,2007,130000,105,2,23
"20","RL",58,9280,"Pave","No alley","Reg","Lvl","AllPub","Inside","Gtl","Edwards","Norm","Norm","1Fam","1Story",5,6,1951,1951,"Gable","CompShg","Wd Sdng","Wd Sdng","None",0,"TA","TA","CBlock","Other","TA","No","ALQ",557,"Unf",0,785,1342,"GasA","Ex","Y","SBrkr",1342,0,0,1342,1,0,1,0,4,1,"TA",7,"Typ",0,"No fireplace","Other","Unf","Other","TA","TA","Y",0,0,0,0,0,0,"No","No fence","None",0,4,2007,125000,0,2,56
"50","RL",60,11100,"Pave","No alley","Reg","Lvl","AllPub","Inside","Gtl","Edwards","Norm","Norm","1Fam","Other",5,6,1951,1994,"Gable","CompShg","Wd Sdng","Wd Sdng","None",0,"TA","TA","PConc","TA","TA","Other","Other",1080,"Unf",0,0,1080,"GasA","TA","Other","SBrkr",1080,400,0,1480,1,0,1,0,4,1,"TA",7,"Typ",1,"Gd","Attchd","Unf","Other","TA","TA","Y",0,0,68,0,0,0,"No","No fence","None",0,7,2007,136500,68,2,13
"50","RL",50,7550,"Pave","No alley","Reg","Lvl","AllPub","Inside","Gtl","Edwards","Norm","Norm","1Fam","Other",4,5,1920,1950,"Other","CompShg","MetalSd","MetalSd","None",0,"Other","Other","Other","TA","Other","No","Unf",0,"Unf",0,951,951,"Other","Other","Other","SBrkr",986,376,0,1362,0,0,2,0,4,1,"TA",7,"Typ",0,"No fireplace","Other","Unf","Other","Other","TA","Other",0,0,0,0,0,0,"No","Other","None",0,3,2007,96000,0,2,57
"20","RL",60,9060,"Pave","No alley","Reg","Lvl","AllPub","Inside","Gtl","Edwards","Other","Norm","1Fam","1Story",5,6,1957,2006,"Other","CompShg","Wd Sdng","Wd Sdng","Other",98,"TA","TA","PConc","Other","Other","Other","Other",0,"Other",0,0,0,"GasA","Ex","Y","SBrkr",1340,0,0,1340,0,0,1,0,3,1,"TA",7,"Typ",1,"Gd","Attchd","RFn","Other","TA","TA","Y",116,0,0,180,0,0,"No","Other","None",0,6,2007,120000,180,1,1
"50","RL",104,23920,"Pave","No alley","Reg","Lvl","AllPub","Inside","Gtl","SawyerW","Other","Norm","1Fam","Other",6,5,1984,1984,"Gable","CompShg","Wd Sdng","Wd Sdng","None",0,"TA","TA","CBlock","TA","TA","No","Unf",0,"Unf",0,1105,1105,"GasA","Ex","Y","SBrkr",1105,717,0,1822,0,0,2,0,4,1,"Other",7,"Other",1,"Other","Attchd","Unf","2","TA","TA","Other",0,195,1012,0,0,444,"Other","No fence","None",0,4,2007,228500,1207,2,23
"20","RL",114,10357,"Pave","No alley","Other","Lvl","AllPub","Other","Gtl","SawyerW","Other","Norm","1Fam","1Story",7,5,1990,1991,"Other","CompShg","HdBoard","HdBoard","None",0,"Other","TA","PConc","Gd","TA","Other","GLQ",738,"Unf",0,172,910,"GasA","Other","Y","SBrkr",1442,0,0,1442,1,0,2,0,3,1,"Other",6,"Typ",1,"TA","Attchd","Fin","2","TA","TA","Y",0,244,0,0,0,0,"No","No fence","None",0,5,2007,179900,244,3,16
"60","RL",116,13474,"Pave","No alley","Reg","Lvl","AllPub","Inside","Gtl","SawyerW","Other","Norm","1Fam","Other",7,5,1990,1991,"Gable","CompShg","HdBoard","Plywood","Other",246,"Other","TA","CBlock","Gd","TA","No","ALQ",700,"Unf",0,0,700,"GasA","Other","Y","SBrkr",1122,1121,0,2243,1,0,2,1,4,1,"Other",8,"Typ",1,"TA","Attchd","RFn","Other","TA","TA","Y",127,44,224,0,0,0,"No","No fence","None",0,6,2007,225000,268,3.5,16
"60","RL",86,10380,"Pave","No alley","Other","Lvl","AllPub","Inside","Gtl","SawyerW","Norm","Norm","1Fam","Other",7,5,1986,1987,"Gable","CompShg","Plywood","Plywood","Other",172,"Other","TA","CBlock","TA","TA","Other","Other",28,"Other",1474,0,1502,"GasA","Ex","Y","SBrkr",1553,1177,0,2730,1,0,2,1,4,1,"Other",8,"Typ",1,"TA","Attchd","Fin","2","TA","TA","Y",201,96,0,0,0,0,"No","Other","None",0,8,2007,301000,96,3.5,20
"60","RL",103,13125,"Pave","No alley","Other","Lvl","AllPub","Other","Gtl","SawyerW","Norm","Norm","1Fam","Other",7,5,1991,1991,"Gable","CompShg","HdBoard","HdBoard","None",0,"Other","TA","PConc","Other","TA","Other","BLQ",48,"Other",634,422,1104,"GasA","Ex","Y","SBrkr",912,1215,0,2127,1,0,2,1,4,1,"Other",8,"Typ",1,"TA","Attchd","RFn","Other","TA","TA","Y",72,192,224,0,0,0,"No","Other","None",0,11,2007,238000,416,3.5,16
"60","RL",82,11287,"Pave","No alley","Reg","Lvl","AllPub","Inside","Gtl","SawyerW","Norm","Norm","1Fam","Other",7,6,1989,1989,"Gable","CompShg","Plywood","Plywood","Other",340,"Other","TA","CBlock","Gd","TA","Other","GLQ",421,"Unf",0,386,807,"GasA","Other","Y","SBrkr",1175,807,0,1982,0,0,2,1,3,1,"Other",7,"Typ",1,"TA","Attchd","Fin","2","TA","TA","Y",0,84,0,196,0,0,"No","No fence","None",0,1,2007,228500,280,2.5,18
"60","RL",75,9317,"Pave","No alley","Reg","Lvl","AllPub","Inside","Gtl","SawyerW","Norm","Norm","1Fam","Other",7,5,1994,2001,"Gable","CompShg","VinylSd","VinylSd","None",0,"Other","Other","PConc","Gd","Other","No","GLQ",497,"Unf",0,282,779,"GasA","Ex","Y","SBrkr",1029,929,0,1958,1,0,2,1,3,1,"Other",7,"Typ",1,"TA","Attchd","RFn","2","TA","TA","Y",202,93,0,0,0,0,"No","No fence","None",0,7,2007,220000,93,3.5,6
"20","RL",74,8556,"Pave","No alley","Reg","Lvl","AllPub","Inside","Gtl","CollgCr","Norm","Norm","1Fam","1Story",7,5,2006,2006,"Gable","CompShg","VinylSd","VinylSd","None",0,"Other","TA","PConc","Gd","TA","Other","Unf",0,"Unf",0,1240,1240,"GasA","Ex","Y","SBrkr",1240,0,0,1240,0,0,2,0,2,1,"Other",5,"Typ",0,"No fireplace","Attchd","RFn","Other","TA","TA","Y",140,93,0,0,0,0,"No","No fence","None",0,5,2007,194000,93,2,1
"20","RL",75,11750,"Pave","No alley","Other","Lvl","AllPub","Inside","Gtl","CollgCr","Norm","Norm","1Fam","1Story",7,5,2005,2006,"Gable","CompShg","VinylSd","VinylSd","Other",204,"Other","TA","PConc","Gd","TA","Other","GLQ",20,"Unf",0,1526,1546,"GasA","Ex","Y","SBrkr",1546,0,0,1546,0,0,2,0,3,1,"Other",7,"Typ",0,"No fireplace","Attchd","RFn","Other","TA","TA","Y",144,42,0,0,0,0,"No","No fence","None",0,6,2007,217000,42,2,1
"20","RL",73,8760,"Pave","No alley","Reg","Lvl","AllPub","Inside","Gtl","CollgCr","Norm","Norm","1Fam","1Story",8,5,2006,2006,"Gable","CompShg","VinylSd","VinylSd","Other",132,"Other","TA","PConc","Gd","TA","No","GLQ",36,"Unf",0,1453,1489,"GasA","Ex","Y","SBrkr",1500,0,0,1500,0,0,2,0,3,1,"Other",7,"Typ",1,"Gd","Attchd","RFn","2","TA","TA","Y",144,38,0,0,0,0,"No","No fence","None",0,6,2007,212999,38,2,1
"20","RL",64,7242,"Pave","No alley","Reg","Lvl","AllPub","Inside","Gtl","CollgCr","Norm","Norm","1Fam","1Story",7,5,2005,2006,"Gable","CompShg","VinylSd","VinylSd","None",0,"Other","TA","PConc","Gd","TA","No","Unf",0,"Unf",0,1270,1270,"GasA","Ex","Y","SBrkr",1270,0,0,1270,0,0,2,0,2,1,"Other",6,"Typ",0,"No fireplace","Attchd","RFn","2","TA","TA","Y",0,96,0,0,0,0,"No","No fence","None",0,7,2007,175900,96,2,1
"60","RL",78,9316,"Pave","No alley","Reg","Lvl","AllPub","Inside","Gtl","CollgCr","Norm","Norm","1Fam","Other",7,5,2005,2006,"Gable","CompShg","VinylSd","VinylSd","None",0,"Other","TA","PConc","Gd","TA","Other","Unf",0,"Unf",0,879,879,"GasA","Ex","Y","SBrkr",879,916,0,1795,0,0,2,1,3,1,"Other",7,"Typ",0,"No fireplace","Attchd","RFn","2","TA","TA","Y",164,111,0,0,0,0,"No","No fence","None",0,10,2007,191000,111,2.5,1
"20","RL",78,9317,"Pave","No alley","Other","Lvl","AllPub","Inside","Gtl","CollgCr","Norm","Norm","1Fam","1Story",6,5,2006,2006,"Gable","CompShg","VinylSd","VinylSd","None",0,"Other","TA","PConc","Gd","TA","No","GLQ",24,"Unf",0,1290,1314,"GasA","Other","Y","SBrkr",1314,0,0,1314,0,0,2,0,3,1,"Other",6,"Typ",1,"Gd","Attchd","RFn","2","TA","TA","Y",0,22,0,0,0,0,"No","No fence","None",0,3,2007,176432,22,2,1
"60","RL",0,14364,"Pave","No alley","Other","Other","AllPub","Inside","Other","SawyerW","Norm","Norm","1Fam","Other",7,5,1988,1989,"Gable","CompShg","Plywood","Plywood","Other",128,"Other","TA","CBlock","Gd","TA","Other","GLQ",1065,"Unf",0,92,1157,"GasA","Ex","Y","SBrkr",1180,882,0,2062,1,0,2,1,3,1,"TA",7,"Typ",1,"Gd","Attchd","Fin","2","TA","TA","Y",60,55,0,0,154,0,"No","No fence","None",0,4,2007,277000,209,3.5,18
"60","RL",0,8883,"Pave","No alley","Other","Lvl","AllPub","Inside","Gtl","SawyerW","Norm","Norm","1Fam","Other",7,5,1988,1988,"Gable","CompShg","HdBoard","HdBoard","Other",360,"Other","TA","PConc","Gd","TA","No","GLQ",608,"Other",321,0,929,"GasA","Ex","Y","SBrkr",946,927,0,1873,1,0,2,1,3,1,"Other",7,"Typ",1,"TA","Attchd","RFn","2","TA","TA","Y",108,48,0,0,144,0,"No","Other","None",0,5,2007,207000,192,3.5,19
"50","RL",0,159000,"Pave","No alley","Other","Other","AllPub","Other","Other","ClearCr","Norm","Norm","1Fam","Other",6,7,1958,2006,"Gable","CompShg","Wd Sdng","HdBoard","Other",472,"Other","TA","CBlock","Gd","TA","Other","Rec",697,"Unf",0,747,1444,"GasA","Other","Y","SBrkr",1444,700,0,2144,0,1,2,0,4,1,"Other",7,"Typ",2,"TA","Attchd","Fin","2","TA","TA","Y",0,98,0,0,0,0,"No","No fence","Other",500,6,2007,277000,98,2.5,1
"60","RL",0,53107,"Pave","No alley","Other","Other","AllPub","Other","Other","ClearCr","Other","Norm","1Fam","Other",6,5,1992,1992,"Gable","CompShg","HdBoard","HdBoard","None",0,"Other","TA","PConc","Gd","TA","Other","GLQ",985,"Unf",0,595,1580,"GasA","Ex","Y","SBrkr",1079,874,0,1953,1,0,2,1,3,1,"Other",9,"Typ",2,"Other","Attchd","Fin","2","TA","TA","Y",216,231,0,0,0,0,"No","No fence","None",0,6,2007,240000,231,3.5,15
"60","RL",0,12205,"Pave","No alley","Other","Other","AllPub","Inside","Gtl","ClearCr","Norm","Norm","1Fam","Other",6,8,1966,2007,"Gable","CompShg","HdBoard","HdBoard","Other",157,"TA","TA","CBlock","TA","Other","Other","Other",568,"Unf",0,264,832,"GasA","Other","Y","SBrkr",976,1111,0,2087,0,0,2,1,5,1,"Other",9,"Typ",0,"No fireplace","Attchd","Fin","2","TA","TA","Y",133,168,0,0,0,0,"No","No fence","None",0,7,2007,187500,168,2.5,0
"20","RL",155,20064,"Pave","No alley","Other","Other","AllPub","Inside","Other","ClearCr","Norm","Norm","1Fam","1Story",8,6,1976,1976,"Other","Other","Wd Sdng","Wd Sdng","None",0,"Other","TA","CBlock","Gd","Other","Other","Other",51,"Other",915,0,966,"GasA","Ex","Y","SBrkr",1743,0,0,1743,2,0,0,1,0,1,"Other",5,"Typ",2,"Other","Attchd","Fin","2","TA","TA","Y",646,0,0,0,0,0,"No","No fence","None",0,5,2007,279000,0,2.5,31
"20","RL",0,14217,"Pave","No alley","Other","Lvl","AllPub","Other","Gtl","CollgCr","Norm","Norm","1Fam","1Story",5,5,1994,1994,"Gable","CompShg","VinylSd","VinylSd","None",0,"TA","TA","PConc","Gd","TA","No","ALQ",550,"Unf",0,472,1022,"GasA","Other","Y","SBrkr",1022,0,0,1022,0,1,1,0,3,1,"TA",6,"Typ",0,"No fireplace","Other","Unf","2","TA","TA","Y",0,0,0,0,0,0,"No","No fence","None",0,8,2007,139500,0,1.5,13
"20","RL",65,8775,"Pave","No alley","Reg","Lvl","AllPub","Inside","Gtl","CollgCr","Norm","Norm","1Fam","1Story",5,5,1994,1994,"Gable","CompShg","VinylSd","VinylSd","None",0,"TA","TA","PConc","Gd","TA","No","GLQ",495,"Unf",0,495,990,"GasA","Other","Y","SBrkr",990,0,0,990,0,0,1,0,3,1,"TA",5,"Typ",0,"No fireplace","Attchd","Unf","Other","TA","TA","Y",0,64,0,0,0,0,"No","No fence","None",0,4,2007,126000,64,1,13
"20","RL",105,11249,"Pave","No alley","Other","Lvl","AllPub","Inside","Gtl","CollgCr","Norm","Norm","1Fam","1Story",6,5,1995,1995,"Gable","CompShg","VinylSd","VinylSd","None",0,"Other","Other","PConc","Gd","Other","No","ALQ",334,"Other",544,322,1200,"GasA","Ex","Y","SBrkr",1200,0,0,1200,1,0,2,0,3,1,"Other",6,"Typ",0,"No fireplace","Attchd","RFn","2","TA","TA","Y",0,26,0,0,0,0,"No","No fence","None",0,8,2007,177500,26,3,12
"60","RL",57,10021,"Pave","No alley","Other","Lvl","AllPub","Inside","Gtl","CollgCr","Norm","Norm","1Fam","Other",6,6,1997,2006,"Gable","CompShg","VinylSd","VinylSd","None",0,"TA","Other","PConc","Gd","TA","No","GLQ",539,"Unf",0,96,635,"GasA","Ex","Y","SBrkr",646,662,0,1308,1,0,2,1,3,1,"Other",6,"Typ",0,"No fireplace","Attchd","RFn","2","TA","TA","Y",142,54,0,0,0,0,"No","No fence","None",0,5,2007,175000,54,3.5,1
"60","RL",0,9531,"Pave","No alley","Other","Lvl","AllPub","Other","Gtl","CollgCr","Norm","Norm","1Fam","Other",6,5,1998,1998,"Gable","CompShg","VinylSd","VinylSd","None",0,"TA","TA","PConc","Gd","TA","Other","GLQ",706,"Unf",0,88,794,"GasA","Ex","Y","SBrkr",882,914,0,1796,1,0,2,1,3,1,"TA",7,"Typ",0,"No fireplace","Attchd","RFn","2","TA","TA","Y",0,36,0,0,0,0,"No","Other","None",0,5,2007,211000,36,3.5,9
"20","RL",60,8428,"Pave","No alley","Other","Lvl","AllPub","Inside","Gtl","CollgCr","Norm","Norm","1Fam","1Story",5,7,1994,1994,"Gable","CompShg","VinylSd","VinylSd","None",0,"TA","Other","PConc","Gd","Other","No","GLQ",420,"Unf",0,570,990,"GasA","Ex","Y","SBrkr",990,0,0,990,1,0,1,0,3,1,"TA",5,"Typ",0,"No fireplace","Other","Unf","Other","TA","TA","Y",256,0,0,0,0,0,"No","No fence","None",0,7,2007,146000,0,2,13
"20","RL",70,16561,"Pave","No alley","Other","Other","AllPub","Inside","Other","CollgCr","Norm","Norm","1Fam","1Story",5,5,1996,1996,"Gable","CompShg","VinylSd","VinylSd","None",0,"TA","TA","PConc","Gd","TA","No","ALQ",549,"Unf",0,548,1097,"GasA","Ex","Y","SBrkr",1097,0,0,1097,1,0,1,1,3,1,"TA",6,"Typ",0,"No fireplace","Attchd","Unf","Other","TA","TA","Y",306,0,0,0,0,0,"No","Other","None",0,7,2007,147900,0,2.5,11
"20","RL",60,8070,"Pave","No alley","Reg","Lvl","AllPub","Inside","Gtl","CollgCr","Norm","Norm","1Fam","1Story",4,5,1994,1995,"Gable","CompShg","VinylSd","VinylSd","None",0,"TA","TA","PConc","Gd","TA","No","GLQ",588,"Unf",0,402,990,"GasA","Ex","Y","SBrkr",990,0,0,990,1,0,1,0,3,1,"TA",5,"Typ",0,"No fireplace","Other","Other","Other","Other","Other","Y",0,0,0,0,0,0,"No","No fence","None",0,8,2007,123600,0,2,12
"60","RL",69,9337,"Pave","No alley","Other","Lvl","AllPub","Inside","Gtl","CollgCr","Norm","Norm","1Fam","Other",6,5,1997,1997,"Gable","CompShg","VinylSd","VinylSd","None",0,"TA","Other","PConc","Gd","TA","No","GLQ",648,"Unf",0,176,824,"GasA","Ex","Y","SBrkr",905,881,0,1786,1,0,2,1,3,1,"Other",7,"Typ",0,"No fireplace","Attchd","RFn","2","TA","TA","Y",0,162,0,0,0,0,"No","No fence","None",0,5,2007,204750,162,3.5,10
"60","RL",47,10820,"Pave","No alley","Other","Lvl","AllPub","Other","Gtl","CollgCr","Norm","Norm","1Fam","Other",7,5,1999,1999,"Gable","CompShg","VinylSd","VinylSd","None",0,"Other","TA","PConc","Gd","TA","Other","GLQ",342,"Unf",0,646,988,"GasA","Ex","Y","SBrkr",988,885,0,1873,0,0,2,1,3,1,"Other",7,"Typ",1,"TA","Attchd","RFn","2","TA","TA","Y",202,123,0,0,0,0,"No","No fence","None",0,3,2007,235500,123,2.5,8
"60","RL",43,12352,"Pave","No alley","Other","Lvl","AllPub","Other","Gtl","CollgCr","Norm","Norm","1Fam","Other",7,5,1998,1999,"Gable","CompShg","VinylSd","VinylSd","Other",290,"Other","TA","PConc","Gd","TA","No","GLQ",638,"Unf",0,215,853,"GasA","Ex","Y","SBrkr",853,900,0,1753,1,0,2,1,3,1,"TA",7,"Typ",1,"Other","Attchd","RFn","2","TA","TA","Y",0,74,0,0,0,0,"No","No fence","None",0,3,2007,217000,74,3.5,8
"60","RL",68,9543,"Pave","No alley","Other","Lvl","AllPub","Inside","Gtl","CollgCr","Norm","Norm","1Fam","Other",7,5,2001,2001,"Gable","CompShg","VinylSd","VinylSd","None",0,"Other","TA","PConc","Gd","TA","No","Unf",0,"Unf",0,845,845,"GasA","Ex","Y","SBrkr",845,845,0,1690,0,0,2,1,3,1,"Other",7,"Typ",0,"No fireplace","Attchd","RFn","2","TA","TA","Y",0,103,0,0,0,0,"No","No fence","None",0,2,2007,190550,103,2.5,6
"60","RL",0,8826,"Pave","No alley","Reg","Lvl","AllPub","Inside","Gtl","CollgCr","Norm","Norm","1Fam","Other",7,5,2000,2000,"Gable","CompShg","VinylSd","VinylSd","Other",144,"Other","TA","PConc","Gd","TA","No","GLQ",841,"Unf",0,144,985,"GasA","Ex","Y","SBrkr",985,857,0,1842,1,0,2,1,3,1,"Other",7,"Typ",1,"TA","Attchd","Fin","2","TA","TA","Y",193,96,0,0,0,0,"No","No fence","None",0,7,2007,217500,96,3.5,7
"20","RL",72,10665,"Pave","No alley","Other","Lvl","AllPub","Inside","Gtl","CollgCr","Norm","Norm","1Fam","1Story",7,5,2003,2003,"Gable","CompShg","VinylSd","VinylSd","Other",167,"Other","TA","PConc","Gd","TA","Other","GLQ",1013,"Unf",0,440,1453,"GasA","Ex","Y","SBrkr",1479,0,0,1479,1,0,2,0,3,1,"Other",7,"Typ",0,"No fireplace","Attchd","RFn","2","TA","TA","Y",144,29,0,0,0,0,"No","No fence","None",0,6,2007,226000,29,3,4
"60","RL",72,11317,"Pave","No alley","Reg","Lvl","AllPub","Inside","Gtl","CollgCr","Norm","Norm","1Fam","Other",7,5,2003,2003,"Gable","CompShg","VinylSd","VinylSd","Other",101,"Other","TA","PConc","Gd","TA","No","Unf",0,"Unf",0,840,840,"GasA","Ex","Y","SBrkr",840,828,0,1668,0,0,2,1,3,1,"Other",8,"Typ",0,"No fireplace","Attchd","RFn","2","TA","TA","Y",144,68,0,0,0,0,"No","No fence","None",0,9,2007,180000,68,2.5,4
"80","RL",59,8660,"Pave","No alley","Other","Lvl","AllPub","Inside","Gtl","CollgCr","Norm","Norm","1Fam","Other",5,5,1976,1976,"Gable","CompShg","VinylSd","VinylSd","Other",113,"TA","Other","CBlock","Gd","TA","Other","GLQ",502,"Unf",0,513,1015,"GasA","TA","Y","SBrkr",1025,0,0,1025,0,0,2,0,3,1,"TA",6,"Typ",1,"Other","Other","Unf","2","TA","TA","Y",127,0,0,0,0,0,"No","No fence","None",0,7,2007,153500,0,2,31
"80","RL",72,9720,"Pave","No alley","Reg","Lvl","AllPub","Inside","Gtl","CollgCr","Norm","Norm","1Fam","Other",5,7,1977,1977,"Gable","CompShg","Plywood","VinylSd","Other",51,"TA","TA","CBlock","TA","Other","Other","ALQ",755,"Unf",0,240,995,"GasA","TA","Y","SBrkr",1009,0,0,1009,0,0,2,0,3,1,"TA",6,"Typ",1,"Other","Other","Unf","2","TA","TA","Y",0,0,0,0,0,0,"No","Other","None",0,6,2007,160000,0,2,30
"20","RL",45,8982,"Pave","No alley","Other","Lvl","AllPub","Other","Gtl","CollgCr","Norm","Norm","1Fam","1Story",5,5,1977,1977,"Gable","CompShg","CemntBd","CmentBd","None",0,"TA","TA","CBlock","Gd","TA","Other","ALQ",539,"Unf",0,501,1040,"GasA","TA","Y","SBrkr",1040,0,0,1040,0,0,1,1,3,1,"TA",5,"Typ",0,"No fireplace","Other","Unf","2","TA","TA","Y",0,0,0,0,0,0,"No","Other","None",0,1,2007,134900,0,1.5,30
"20","RL",39,16300,"Pave","No alley","Other","Lvl","AllPub","Other","Gtl","CollgCr","Norm","Norm","1Fam","1Story",5,4,1977,1977,"Gable","CompShg","HdBoard","HdBoard","None",0,"TA","TA","CBlock","Gd","TA","Other","Rec",60,"Other",417,399,876,"GasA","TA","Y","SBrkr",907,0,0,907,1,0,1,0,3,1,"TA",5,"Typ",0,"No fireplace","Attchd","RFn","Other","TA","TA","Y",0,0,0,0,0,0,"No","Other","None",0,1,2007,130000,0,2,30
"20","RL",75,9675,"Pave","No alley","Reg","Lvl","AllPub","Other","Gtl","CollgCr","Norm","Norm","1Fam","1Story",5,6,1975,1975,"Other","CompShg","HdBoard","HdBoard","None",0,"TA","TA","CBlock","TA","TA","No","BLQ",330,"Other",432,102,864,"GasA","TA","Y","SBrkr",879,0,0,879,0,0,1,0,3,1,"TA",5,"Typ",0,"No fireplace","Attchd","Unf","2","TA","TA","Y",0,80,0,0,0,0,"No","No fence","None",0,9,2007,120000,80,1,32
"20","RL",70,7700,"Pave","No alley","Reg","Lvl","AllPub","Other","Gtl","CollgCr","Norm","Norm","1Fam","1Story",5,5,1972,1972,"Gable","CompShg","VinylSd","VinylSd","None",0,"TA","TA","CBlock","TA","TA","No","Other",138,"Other",468,276,882,"GasA","TA","Y","SBrkr",882,0,0,882,1,0,1,0,3,1,"TA",5,"Typ",0,"No fireplace","Other","Unf","2","TA","TA","Y",96,0,0,0,0,0,"No","Other","None",0,3,2007,112500,0,2,35
"20","RL",120,10356,"Pave","No alley","Reg","Lvl","AllPub","Other","Gtl","CollgCr","Norm","Norm","1Fam","1Story",5,6,1975,1975,"Gable","CompShg","HdBoard","HdBoard","None",0,"TA","TA","CBlock","TA","TA","Other","BLQ",716,"Unf",0,253,969,"GasA","TA","Y","SBrkr",969,0,0,969,0,0,1,1,3,1,"TA",5,"Typ",0,"No fireplace","Attchd","Unf","2","TA","TA","Y",0,0,0,0,0,0,"No","Other","None",0,1,2007,122000,0,1.5,32
"20","RL",60,7200,"Pave","No alley","Reg","Lvl","AllPub","Inside","Gtl","CollgCr","Norm","Norm","1Fam","1Story",5,5,1972,2000,"Gable","CompShg","VinylSd","VinylSd","None",0,"TA","TA","CBlock","TA","TA","No","ALQ",671,"Unf",0,193,864,"GasA","Other","Y","SBrkr",864,0,0,864,1,0,1,0,3,1,"Other",5,"Typ",0,"No fireplace","Other","Fin","2","Other","Other","Y",155,0,0,0,0,0,"No","No fence","None",0,9,2007,127000,0,2,7
"20","RL",60,7200,"Pave","No alley","Reg","Lvl","AllPub","Inside","Gtl","CollgCr","Norm","Norm","1Fam","1Story",4,8,1972,2006,"Gable","CompShg","Plywood","Plywood","None",0,"TA","Other","CBlock","TA","TA","No","Rec",385,"Unf",0,0,385,"GasA","Other","Y","SBrkr",875,0,0,875,0,0,1,0,3,1,"Other",5,"Typ",0,"No fireplace","Other","Unf","2","TA","TA","Y",352,0,0,0,0,0,"No","No fence","None",0,10,2007,117000,0,1,1
"20","RL",80,10386,"Pave","No alley","Reg","Lvl","AllPub","Inside","Gtl","CollgCr","Norm","Norm","1Fam","1Story",8,5,2004,2005,"Gable","CompShg","CemntBd","CmentBd","Other",246,"Other","TA","PConc","Gd","TA","No","GLQ",1464,"Unf",0,536,2000,"GasA","Ex","Y","SBrkr",2000,0,0,2000,1,0,2,0,3,1,"Other",8,"Typ",0,"No fireplace","Attchd","Fin","Other","TA","TA","Y",168,0,0,0,0,0,"No","No fence","None",0,7,2007,305900,0,3,2
"60","RL",0,9375,"Pave","No alley","Reg","Lvl","AllPub","Inside","Gtl","CollgCr","Norm","Norm","1Fam","Other",8,5,2002,2002,"Gable","CompShg","VinylSd","VinylSd","Other",149,"Other","TA","PConc","Gd","TA","No","Unf",0,"Unf",0,1284,1284,"GasA","Ex","Y","SBrkr",1284,885,0,2169,0,0,2,1,3,1,"Other",7,"Typ",1,"Gd","Attchd","RFn","2","TA","TA","Y",192,87,0,0,0,0,"No","No fence","None",0,8,2007,228500,87,2.5,5
"20","RL",0,11354,"Pave","No alley","Reg","Lvl","AllPub","Inside","Gtl","CollgCr","Norm","Norm","1Fam","1Story",7,5,2000,2000,"Gable","CompShg","VinylSd","VinylSd","None",0,"Other","TA","PConc","TA","TA","Other","GLQ",1412,"Unf",0,261,1673,"GasA","Ex","Y","SBrkr",1673,0,0,1673,1,0,2,0,3,1,"Other",7,"Typ",1,"TA","Attchd","RFn","2","TA","TA","Y",306,113,0,0,116,0,"No","No fence","None",0,1,2007,270000,229,3,7
"20","RL",70,8749,"Pave","No alley","Reg","Lvl","AllPub","Inside","Gtl","CollgCr","Norm","Norm","1Fam","1Story",7,5,2002,2002,"Gable","CompShg","VinylSd","VinylSd","Other",100,"Other","TA","PConc","Gd","TA","No","Unf",0,"Unf",0,1459,1459,"GasA","Ex","Y","SBrkr",1459,0,0,1459,0,0,2,0,3,1,"Other",6,"Typ",1,"Gd","Attchd","RFn","2","TA","TA","Y",192,39,0,0,0,0,"No","No fence","None",0,9,2007,192000,39,2,5
"60","RL",70,8749,"Pave","No alley","Reg","Lvl","AllPub","Inside","Gtl","CollgCr","Norm","Norm","1Fam","Other",7,5,2003,2003,"Gable","CompShg","VinylSd","VinylSd","None",0,"Other","TA","PConc","Gd","TA","No","GLQ",654,"Unf",0,325,979,"GasA","Ex","Y","SBrkr",992,940,0,1932,1,0,2,1,3,1,"Other",7,"Typ",1,"Gd","Attchd","RFn","2","TA","TA","Y",0,120,0,0,0,0,"No","No fence","None",0,6,2007,213000,120,3.5,4
"60","RL",65,8158,"Pave","No alley","Reg","Lvl","AllPub","Inside","Gtl","CollgCr","Norm","Norm","1Fam","Other",7,5,2002,2002,"Gable","CompShg","VinylSd","VinylSd","Other",214,"Other","TA","PConc","Gd","TA","No","Unf",0,"Unf",0,860,860,"GasA","Ex","Y","SBrkr",860,869,0,1729,0,0,2,1,3,1,"Other",7,"Typ",0,"No fireplace","Attchd","Fin","2","TA","TA","Y",386,63,0,0,0,0,"No","No fence","None",0,8,2007,200000,63,2.5,5
"60","RL",66,16226,"Pave","No alley","Other","Lvl","AllPub","Inside","Gtl","CollgCr","Norm","Norm","1Fam","Other",8,5,1998,1999,"Gable","CompShg","VinylSd","VinylSd","None",0,"Other","TA","PConc","Gd","TA","No","GLQ",281,"Unf",0,747,1028,"GasA","Ex","Y","SBrkr",1210,1242,0,2452,0,0,2,1,4,1,"Other",9,"Typ",1,"TA","Other","Fin","2","TA","TA","Y",208,50,0,0,0,0,"No","No fence","None",0,5,2007,267000,50,2.5,8
"20","RL",73,11927,"Pave","No alley","Reg","Lvl","AllPub","Inside","Gtl","CollgCr","Norm","Norm","1Fam","1Story",8,5,1994,1995,"Other","CompShg","HdBoard","HdBoard","Other",519,"Other","TA","PConc","Gd","TA","Other","BLQ",408,"Other",465,683,1556,"GasA","Ex","Y","SBrkr",1592,0,0,1592,0,0,2,0,3,1,"Other",7,"Typ",1,"TA","Attchd","Fin","2","TA","TA","Y",120,35,0,0,0,0,"No","No fence","None",0,6,2007,228000,35,2,12
"60","RL",0,12728,"Pave","No alley","Reg","Lvl","AllPub","Inside","Gtl","CollgCr","Norm","Norm","1Fam","Other",8,5,2001,2001,"Gable","CompShg","VinylSd","VinylSd","Other",256,"Other","TA","PConc","Gd","TA","Other","GLQ",1198,"Unf",0,333,1531,"GasA","Ex","Y","SBrkr",1531,908,0,2439,1,0,2,1,4,1,"Other",7,"Typ",1,"TA","Attchd","Fin","2","TA","TA","Y",184,121,0,0,0,0,"No","No fence","None",0,1,2007,275000,121,3.5,6
"60","RL",0,15295,"Pave","No alley","Other","Lvl","AllPub","Other","Gtl","CollgCr","Norm","Norm","1Fam","Other",7,5,1996,2002,"Gable","CompShg","VinylSd","VinylSd","Other",254,"Other","TA","PConc","Gd","TA","Other","GLQ",762,"Unf",0,98,860,"GasA","Ex","Y","SBrkr",1212,780,0,1992,1,0,2,1,3,1,"Other",7,"Other",2,"TA","Attchd","RFn","2","TA","TA","Y",225,32,0,0,0,0,"No","No fence","None",0,6,2007,211000,32,3.5,5
"20","RL",90,11248,"Pave","No alley","Other","Lvl","AllPub","Other","Gtl","CollgCr","Norm","Norm","1Fam","1Story",9,5,2002,2002,"Other","CompShg","VinylSd","VinylSd","Other",215,"Other","TA","PConc","Gd","TA","Other","GLQ",1059,"Unf",0,567,1626,"GasA","Ex","Y","SBrkr",1668,0,0,1668,1,0,2,0,3,1,"Other",7,"Typ",1,"TA","Attchd","Fin","Other","TA","TA","Y",257,45,0,0,0,0,"No","No fence","None",0,7,2007,285000,45,3,5
"60","RL",80,10000,"Pave","No alley","Reg","Lvl","AllPub","Inside","Gtl","CollgCr","Norm","Norm","1Fam","Other",8,5,1995,1996,"Gable","CompShg","VinylSd","VinylSd","Other",438,"Other","TA","PConc","Gd","TA","No","GLQ",1079,"Unf",0,141,1220,"GasA","Ex","Y","SBrkr",1220,870,0,2090,1,0,2,1,3,1,"Other",8,"Typ",1,"TA","Attchd","RFn","2","TA","TA","Y",0,65,0,0,0,0,"No","No fence","None",0,12,2007,240000,65,3.5,11
"120","Other",36,4435,"Pave","No alley","Reg","Lvl","AllPub","Inside","Gtl","CollgCr","Norm","Norm","Other","1Story",6,5,2003,2003,"Gable","CompShg","VinylSd","VinylSd","Other",170,"Other","TA","PConc","Gd","TA","Other","GLQ",659,"Unf",0,189,848,"GasA","Ex","Y","SBrkr",848,0,0,848,1,0,1,0,1,1,"Other",3,"Typ",0,"No fireplace","Attchd","Fin","2","TA","TA","Y",140,0,0,0,0,0,"No","No fence","None",0,11,2007,131500,0,2,4
"20","RL",73,17227,"Pave","No alley","Other","Lvl","AllPub","Other","Other","CollgCr","Norm","Norm","1Fam","1Story",8,5,1999,2000,"Gable","CompShg","VinylSd","VinylSd","Other",158,"Other","TA","PConc","Gd","TA","Other","GLQ",915,"Unf",0,426,1341,"GasA","Ex","Y","SBrkr",1341,0,0,1341,1,0,1,1,1,1,"Other",5,"Typ",1,"TA","Attchd","RFn","2","TA","TA","Y",240,84,0,0,0,0,"No","No fence","None",0,1,2007,246900,84,2.5,7
"60","RL",65,8200,"Pave","No alley","Reg","Lvl","AllPub","Inside","Gtl","CollgCr","Norm","Norm","1Fam","Other",7,5,2003,2004,"Gable","CompShg","VinylSd","VinylSd","None",0,"Other","TA","PConc","Gd","TA","No","Unf",0,"Unf",0,847,847,"GasA","Ex","Y","SBrkr",847,1081,0,1928,0,0,2,1,4,1,"Other",8,"Typ",1,"Gd","Other","Fin","2","TA","TA","Y",100,48,0,0,0,0,"No","No fence","None",0,7,2007,219500,48,2.5,3
"20","RL",65,8450,"Pave","No alley","Reg","Lvl","AllPub","Inside","Gtl","CollgCr","Norm","Norm","1Fam","1Story",7,5,2003,2003,"Gable","CompShg","VinylSd","VinylSd","None",0,"Other","TA","PConc","Gd","TA","Other","GLQ",699,"Unf",0,638,1337,"GasA","Ex","Y","SBrkr",1337,0,0,1337,1,0,2,0,3,1,"Other",6,"Typ",0,"No fireplace","Attchd","RFn","2","TA","TA","Y",0,39,0,0,0,0,"No","No fence","None",0,10,2007,185000,39,3,4
"60","RL",79,9245,"Pave","No alley","Other","Lvl","AllPub","Inside","Gtl","CollgCr","Norm","Norm","1Fam","Other",7,5,2006,2006,"Gable","CompShg","VinylSd","VinylSd","None",0,"Other","TA","PConc","Gd","TA","Other","Unf",0,"Unf",0,939,939,"GasA","Ex","Y","SBrkr",939,858,0,1797,0,0,2,1,3,1,"Other",8,"Typ",0,"No fireplace","Attchd","RFn","2","TA","TA","Y",144,53,0,0,0,0,"No","No fence","None",0,4,2007,213500,53,2.5,1
"20","RL",63,8500,"Pave","No alley","Reg","Lvl","AllPub","Other","Gtl","CollgCr","Norm","Norm","1Fam","1Story",7,5,2004,2004,"Gable","CompShg","VinylSd","VinylSd","Other",106,"Other","TA","PConc","Gd","TA","Other","Unf",0,"Unf",0,1422,1422,"GasA","Ex","Y","SBrkr",1422,0,0,1422,0,0,2,0,3,1,"Other",7,"Typ",0,"No fireplace","Attchd","RFn","2","TA","TA","Y",192,60,0,0,0,0,"No","No fence","None",0,11,2007,179600,60,2,3
"20","RL",65,8769,"Pave","No alley","Reg","Lvl","AllPub","Other","Gtl","CollgCr","Norm","Norm","1Fam","1Story",7,5,2005,2005,"Gable","CompShg","VinylSd","VinylSd","None",0,"Other","TA","PConc","Gd","TA","Other","GLQ",709,"Unf",0,460,1169,"GasA","Ex","Y","SBrkr",1190,0,0,1190,1,0,2,0,2,1,"Other",5,"Typ",0,"No fireplace","Attchd","RFn","2","TA","TA","Y",100,41,0,0,0,0,"No","No fence","None",0,10,2007,173500,41,3,2
"60","RL",64,8333,"Pave","No alley","Reg","Lvl","AllPub","Inside","Gtl","CollgCr","Norm","Norm","1Fam","Other",7,5,2006,2006,"Gable","CompShg","VinylSd","VinylSd","None",0,"Other","TA","PConc","Gd","TA","No","Unf",0,"Unf",0,738,738,"GasA","Other","Y","SBrkr",738,753,0,1491,0,0,2,1,3,1,"Other",7,"Typ",1,"Gd","Attchd","RFn","2","TA","TA","Y",100,30,0,0,0,0,"No","No fence","None",0,5,2007,168675,30,2.5,1
"60","RL",64,9045,"Pave","No alley","Other","Lvl","AllPub","Inside","Gtl","CollgCr","Norm","Norm","1Fam","Other",5,5,2005,2005,"Gable","CompShg","VinylSd","VinylSd","None",0,"Other","TA","PConc","Gd","TA","Other","Unf",0,"Unf",0,768,768,"GasA","Ex","Y","SBrkr",768,768,0,1536,0,0,2,1,3,1,"Other",6,"Typ",0,"No fireplace","Attchd","Fin","2","TA","TA","Y",0,40,0,0,0,0,"No","No fence","None",0,6,2007,167000,40,2.5,2
"20","RL",70,9170,"Pave","No alley","Reg","Lvl","AllPub","Other","Gtl","Edwards","Other","Norm","1Fam","1Story",5,7,1965,1965,"Other","CompShg","MetalSd","MetalSd","None",0,"TA","TA","CBlock","TA","TA","No","ALQ",698,"Other",96,420,1214,"GasA","Ex","Y","SBrkr",1214,0,0,1214,1,0,1,0,2,1,"TA",6,"Typ",0,"No fireplace","Other","Unf","2","Other","Other","Y",0,0,184,0,0,0,"No","Other","Other",400,4,2007,140000,184,2,42
"20","RL",67,8308,"Pave","No alley","Reg","Lvl","AllPub","Inside","Gtl","Edwards","Norm","Norm","1Fam","1Story",4,6,1963,1963,"Gable","CompShg","VinylSd","VinylSd","Other",20,"TA","Other","CBlock","TA","TA","No","BLQ",132,"Other",841,115,1088,"GasA","TA","Y","SBrkr",1088,0,0,1088,0,0,1,0,2,1,"TA",4,"Typ",0,"No fireplace","Other","Unf","2","TA","TA","Other",0,0,0,0,0,0,"No","No fence","None",0,6,2007,110000,0,1,44
"20","RL",73,10921,"Pave","No alley","Reg","Other","AllPub","Inside","Gtl","Edwards","Norm","Norm","1Fam","1Story",4,5,1965,1965,"Other","CompShg","HdBoard","HdBoard","Other",48,"TA","TA","CBlock","TA","TA","No","Rec",520,"Unf",0,440,960,"GasA","TA","Y","Other",960,0,0,960,1,0,1,0,3,1,"TA",6,"Typ",0,"No fireplace","Attchd","Fin","Other","TA","TA","Other",120,0,0,0,0,0,"No","No fence","None",0,5,2007,94750,0,2,42
"50","RL",74,16287,"Pave","No alley","Reg","Lvl","AllPub","Inside","Gtl","Edwards","Norm","Norm","1Fam","Other",5,6,1925,1950,"Gable","CompShg","VinylSd","VinylSd","None",0,"TA","Other","CBlock","TA","TA","No","ALQ",130,"Other",105,666,901,"GasA","TA","Y","SBrkr",901,450,0,1351,1,0,1,0,3,1,"TA",7,"Typ",1,"Gd","Other","Unf","2","TA","TA","Other",0,0,43,0,100,0,"No","No fence","None",0,7,2007,122000,143,2,57
"20","RL",80,8240,"Pave","No alley","Reg","Lvl","AllPub","Inside","Gtl","Edwards","Norm","Norm","1Fam","1Story",6,6,1960,1960,"Other","CompShg","HdBoard","HdBoard","Other",198,"TA","TA","CBlock","TA","TA","No","Unf",0,"Unf",0,1179,1179,"GasA","Other","Y","SBrkr",1179,0,0,1179,0,0,1,0,2,1,"TA",5,"Other",0,"No fireplace","Attchd","Fin","2","TA","TA","Other",0,0,0,0,0,0,"No","Other","None",0,6,2007,110000,0,1,47
"90","RL",81,11841,"Other","No alley","Reg","Lvl","AllPub","Inside","Gtl","Edwards","Norm","Norm","Other","Other",6,5,1990,1990,"Gable","CompShg","HdBoard","HdBoard","Other",104,"TA","Other","CBlock","Gd","TA","Other","GLQ",816,"Unf",0,0,816,"GasA","TA","Y","SBrkr",816,0,0,816,1,0,1,0,3,1,"TA",5,"Typ",0,"No fireplace","Other","Other","Other","Other","Other","Y",0,32,0,0,0,0,"No","No fence","None",0,5,2007,118500,32,2,17
"80","RL",65,6285,"Pave","No alley","Reg","Lvl","AllPub","Inside","Gtl","Edwards","Norm","Norm","1Fam","Other",6,6,1976,1976,"Gable","CompShg","HdBoard","Plywood","None",0,"TA","Other","CBlock","TA","TA","Other","GLQ",504,"Unf",0,456,960,"GasA","TA","Y","SBrkr",1044,0,0,1044,1,0,1,0,3,1,"TA",7,"Typ",1,"Other","Other","Unf","2","TA","Other","Y",228,0,0,0,0,0,"No","No fence","None",0,4,2007,133500,0,2,31
"20","RL",0,7917,"Pave","No alley","Other","Lvl","AllPub","Other","Gtl","Edwards","Norm","Norm","1Fam","1Story",6,7,1976,1976,"Other","CompShg","HdBoard","HdBoard","Other",174,"TA","Other","CBlock","TA","Other","No","BLQ",751,"Unf",0,392,1143,"GasA","TA","Y","SBrkr",1113,0,0,1113,1,0,1,1,3,1,"TA",6,"Typ",1,"Other","Attchd","RFn","Other","TA","Other","Y",370,30,0,0,0,0,"No","Other","None",0,5,2007,148000,30,2.5,31
"90","RL",0,9555,"Pave","No alley","Other","Lvl","AllPub","Other","Gtl","Edwards","Norm","Norm","Other","Other",5,6,1979,1979,"Gable","CompShg","Plywood","Plywood","None",0,"TA","TA","Other","Other","Other","Other","Other",0,"Other",0,0,0,"GasA","TA","Y","SBrkr",1100,1133,0,2233,0,0,2,1,5,2,"TA",11,"Typ",0,"No fireplace","Attchd","Fin","2","TA","Other","Y",0,0,0,0,0,0,"No","No fence","None",0,2,2007,141000,0,2.5,28
"20","RL",60,7024,"Pave","No alley","Reg","Lvl","AllPub","Inside","Gtl","Edwards","Norm","Norm","1Fam","1Story",5,5,2005,2006,"Gable","CompShg","VinylSd","VinylSd","None",0,"TA","TA","PConc","Other","Other","No","ALQ",980,"Unf",0,110,1090,"GasA","Other","Y","SBrkr",1090,0,0,1090,1,0,1,1,2,1,"TA",5,"Typ",0,"No fireplace","Attchd","Fin","2","TA","TA","Y",0,49,0,0,0,0,"No","No fence","None",0,6,2007,157000,49,2.5,1
"60","RL",60,7023,"Pave","No alley","Reg","Lvl","AllPub","Inside","Gtl","Edwards","Norm","Norm","1Fam","Other",5,5,2005,2006,"Gable","CompShg","VinylSd","VinylSd","None",0,"TA","TA","PConc","Gd","Other","No","GLQ",611,"Unf",0,123,734,"GasA","Other","Y","SBrkr",734,674,0,1408,1,0,2,1,3,1,"TA",6,"Typ",0,"No fireplace","Other","Fin","2","TA","TA","Y",0,85,0,0,0,0,"No","No fence","None",0,5,2007,171500,85,3.5,1
"180","Other",35,3675,"Pave","No alley","Reg","Lvl","AllPub","Inside","Gtl","Edwards","Norm","Norm","Other","Other",6,5,2005,2005,"Gable","CompShg","VinylSd","VinylSd","Other",76,"TA","TA","PConc","Gd","TA","Other","GLQ",467,"Unf",0,80,547,"GasA","Ex","Y","SBrkr",1072,0,0,1072,1,0,1,0,2,1,"Other",5,"Typ",0,"No fireplace","Other","Fin","2","TA","TA","Y",0,44,0,0,0,0,"No","No fence","None",0,5,2007,140000,44,2,2
"20","RL",64,6400,"Pave","No alley","Reg","Lvl","AllPub","Inside","Gtl","Edwards","Norm","Norm","1Fam","1Story",5,7,1959,2000,"Gable","CompShg","WdShing","Wd Shng","None",0,"TA","TA","CBlock","TA","TA","Other","Rec",77,"Other",831,52,960,"GasA","Ex","Y","SBrkr",960,0,0,960,1,0,1,0,2,1,"Other",4,"Typ",0,"No fireplace","Other","Unf","Other","TA","TA","Y",144,0,35,0,0,0,"No","No fence","None",0,12,2007,131750,35,2,7
"90","RL",74,6882,"Pave","No alley","Reg","Lvl","AllPub","Other","Gtl","Edwards","Norm","Norm","Other","1Story",4,3,1955,1955,"Gable","CompShg","AsbShng","Plywood","Other",128,"TA","TA","PConc","Other","Other","Other","Other",0,"Other",0,0,0,"GasA","TA","Other","SBrkr",1152,0,0,1152,0,0,2,0,2,2,"Other",6,"Typ",0,"No fireplace","Other","Other","Other","Other","Other","Other",0,0,0,0,0,0,"No","No fence","None",0,9,2007,61500,0,2,52
"20","RL",75,10215,"Pave","No alley","Reg","Other","AllPub","Inside","Gtl","Edwards","Norm","Norm","1Fam","1Story",4,5,1954,1954,"Other","CompShg","Wd Sdng","Wd Sdng","Other",132,"TA","TA","PConc","TA","TA","No","ALQ",492,"Unf",0,372,864,"GasA","Ex","Y","SBrkr",948,0,0,948,0,0,1,0,3,1,"TA",5,"Typ",0,"No fireplace","Attchd","Unf","Other","TA","TA","Y",0,0,0,0,0,0,"No","No fence","None",0,2,2007,111000,0,1,53
"30","Other",70,4270,"Pave","No alley","Reg","Other","AllPub","Inside","Other","Edwards","Norm","Norm","1Fam","1Story",3,6,1931,2006,"Gable","CompShg","MetalSd","MetalSd","None",0,"TA","TA","Other","TA","TA","No","Rec",544,"Unf",0,0,544,"GasA","Ex","Y","SBrkr",774,0,0,774,0,0,1,0,3,1,"Other",6,"Typ",0,"No fireplace","Other","Other","Other","Other","Other","Y",0,0,286,0,0,0,"No","No fence","None",0,5,2007,79000,286,1,1
"Other","RL",62,10042,"Pave","No alley","Reg","Other","AllPub","Other","Gtl","Edwards","Norm","Norm","1Fam","Other",6,8,1920,1995,"Gable","CompShg","Wd Sdng","Wd Sdng","None",0,"TA","TA","Other","TA","TA","No","Other",144,"Other",278,238,660,"GasA","TA","Y","SBrkr",740,125,0,865,1,0,1,0,2,1,"TA",4,"Typ",1,"Gd","Other","Unf","Other","TA","TA","Y",0,0,84,0,0,0,"No","No fence","None",0,8,2007,108500,84,2,12
"50","RL",70,11767,"Pave","No alley","Reg","Lvl","AllPub","Inside","Gtl","Edwards","Norm","Norm","1Fam","Other",4,7,1910,2000,"Gable","CompShg","MetalSd","HdBoard","None",0,"TA","TA","CBlock","Other","TA","No","Unf",0,"Unf",0,560,560,"GasA","Other","Other","SBrkr",796,550,0,1346,0,0,1,1,2,1,"TA",6,"Other",0,"No fireplace","Other","Unf","Other","Other","TA","Y",168,24,0,0,0,0,"No","Other","None",0,5,2007,112000,24,1.5,7
"20","RL",60,8172,"Pave","No alley","Reg","Lvl","AllPub","Inside","Gtl","Edwards","Norm","Norm","1Fam","1Story",4,5,1955,1955,"Gable","CompShg","MetalSd","MetalSd","None",0,"TA","TA","CBlock","TA","TA","No","BLQ",544,"Unf",0,224,768,"GasA","TA","Y","SBrkr",768,0,0,768,0,0,1,0,2,1,"TA",4,"Typ",1,"Other","Other","Unf","Other","TA","TA","Y",0,0,196,0,0,0,"No","Other","None",0,7,2007,125000,196,1,52
"20","RL",60,8190,"Pave","No alley","Reg","Lvl","AllPub","Inside","Gtl","Edwards","Norm","Norm","1Fam","1Story",4,6,1954,1954,"Other","CompShg","Wd Sdng","Wd Sdng","None",0,"TA","TA","CBlock","TA","TA","No","Rec",732,"Unf",0,216,948,"GasA","Ex","Y","SBrkr",948,0,0,948,1,0,1,0,3,1,"TA",5,"Typ",1,"TA","Other","Unf","Other","TA","TA","Y",0,36,0,0,0,0,"No","No fence","None",0,10,2007,119000,36,2,53
"70","RL",55,10592,"Pave","No alley","Reg","Lvl","AllPub","Inside","Gtl","Crawfor","Norm","Norm","1Fam","Other",6,7,1923,1996,"Other","CompShg","Wd Sdng","Wd Sdng","None",0,"TA","Other","PConc","TA","Other","No","Unf",0,"Unf",0,602,602,"GasA","TA","Y","SBrkr",900,602,0,1502,0,0,1,1,3,1,"Other",7,"Typ",2,"TA","Other","Unf","Other","TA","TA","Y",96,0,112,0,53,0,"No","No fence","None",0,8,2007,165000,165,1.5,11
"45","RL",55,10594,"Pave","No alley","Reg","Lvl","AllPub","Inside","Gtl","Crawfor","Norm","Norm","1Fam","Other",5,5,1926,1950,"Gable","CompShg","Wd Sdng","Wd Sdng","None",0,"TA","TA","Other","TA","TA","No","Unf",0,"Unf",0,768,768,"Other","Other","Other","SBrkr",789,0,0,789,0,0,1,0,2,1,"TA",5,"Typ",0,"No fireplace","Other","Unf","Other","Other","Other","Y",0,0,112,0,0,0,"No","Other","None",0,6,2007,96500,112,1,57
"30","RL",54,7223,"Pave","No alley","Reg","Lvl","AllPub","Inside","Gtl","Crawfor","Norm","Norm","1Fam","1Story",5,5,1926,1950,"Other","CompShg","Stucco","Plywood","None",0,"TA","TA","PConc","TA","TA","Other","BLQ",319,"Unf",0,971,1290,"GasA","TA","Y","SBrkr",1422,0,0,1422,0,0,1,0,3,1,"TA",6,"Typ",0,"No fireplace","Other","Unf","Other","TA","TA","Y",0,0,64,0,0,0,"No","Other","None",0,4,2007,136500,64,1,57
"50","RL",51,6821,"Pave","No alley","Reg","Other","AllPub","Inside","Gtl","Crawfor","Norm","Norm","1Fam","Other",6,7,1921,2005,"Gable","CompShg","Wd Sdng","Wd Sdng","None",0,"TA","TA","Other","TA","TA","No","BLQ",113,"Unf",0,538,651,"GasA","Other","Y","SBrkr",759,539,0,1298,0,0,2,0,2,1,"TA",8,"Typ",1,"Gd","Other","Unf","Other","TA","TA","Other",216,0,168,0,0,0,"No","No fence","None",0,8,2007,146500,168,2,2
"50","RL",60,7200,"Pave","No alley","Reg","Lvl","AllPub","Other","Gtl","SWISU","Other","Norm","1Fam","Other",5,7,1937,1950,"Gable","CompShg","Wd Sdng","Wd Sdng","Other",252,"TA","TA","Other","Gd","TA","No","ALQ",569,"Unf",0,162,731,"GasA","Ex","Y","SBrkr",981,787,0,1768,1,0,1,1,3,1,"Other",7,"Typ",2,"TA","Other","Unf","Other","TA","TA","Y",0,0,264,0,0,0,"No","Other","None",0,6,2007,175000,264,2.5,57
"70","RL",63,4000,"Pave","No alley","Reg","Lvl","AllPub","Inside","Gtl","Crawfor","Norm","Norm","1Fam","Other",7,8,1930,1995,"Gable","CompShg","Wd Sdng","Wd Sdng","None",0,"TA","TA","Other","Gd","TA","No","GLQ",246,"Unf",0,285,531,"GasA","TA","Y","SBrkr",567,531,0,1098,1,0,1,0,2,1,"TA",5,"Typ",1,"Gd","Other","Unf","Other","TA","TA","Y",0,0,0,0,0,0,"No","Other","None",0,6,2007,148500,0,2,12
"70","RL",53,6720,"Pave","No alley","Reg","Lvl","AllPub","Inside","Gtl","Crawfor","Norm","Norm","1Fam","Other",6,7,1921,1950,"Gable","CompShg","VinylSd","VinylSd","None",0,"TA","TA","Other","TA","TA","No","Unf",0,"Unf",0,585,585,"GasA","TA","Other","SBrkr",851,585,0,1436,0,0,1,0,3,1,"TA",7,"Typ",1,"Gd","Other","Unf","Other","TA","TA","Y",184,0,0,0,0,0,"No","No fence","None",0,4,2007,141500,0,1,57
"50","RL",55,7642,"Pave","No alley","Reg","Lvl","AllPub","Other","Gtl","Crawfor","Norm","Norm","1Fam","Other",7,8,1918,1998,"Gable","CompShg","Wd Sdng","Wd Sdng","None",0,"Other","TA","Other","TA","TA","No","Unf",0,"Unf",0,912,912,"GasA","Other","Y","SBrkr",912,514,0,1426,0,0,1,1,3,1,"Other",7,"Typ",1,"Gd","Other","Unf","Other","TA","TA","Y",0,240,0,0,0,0,"No","Other","None",0,6,2007,189950,240,1.5,9
"70","RL",53,7155,"Pave","No alley","Reg","Lvl","AllPub","Inside","Gtl","Crawfor","Norm","Norm","1Fam","Other",6,8,1926,1991,"Gable","CompShg","Wd Sdng","Wd Sdng","None",0,"TA","TA","Other","TA","TA","No","Unf",0,"Unf",0,686,686,"GasA","TA","Y","SBrkr",686,775,0,1461,0,0,1,0,3,1,"TA",6,"Typ",1,"Gd","Other","Unf","Other","TA","TA","Other",0,0,116,0,0,0,"No","Other","None",0,7,2007,135000,116,1,16
"75","RL",53,7128,"Pave","No alley","Reg","Lvl","AllPub","Inside","Gtl","Crawfor","Norm","Norm","1Fam","Other",7,5,1941,1950,"Gable","CompShg","MetalSd","MetalSd","None",0,"TA","Other","CBlock","TA","TA","No","Rec",364,"Unf",0,554,918,"GasA","Other","Y","SBrkr",918,728,0,1646,0,0,2,0,4,1,"TA",7,"Typ",2,"Gd","Other","Unf","Other","TA","TA","Y",0,0,0,0,126,0,"No","Other","None",0,8,2007,164000,126,2,57
"30","RL",40,4280,"Pave","No alley","Reg","Lvl","AllPub","Inside","Gtl","Crawfor","Norm","Norm","1Fam","1Story",5,6,1913,2002,"Gable","CompShg","WdShing","Stucco","None",0,"TA","TA","PConc","TA","TA","No","Other",365,"Unf",0,75,440,"GasA","TA","Other","SBrkr",694,0,0,694,0,0,1,0,2,1,"Other",4,"Typ",1,"Gd","Other","Unf","Other","Other","TA","Other",0,0,34,0,0,0,"No","Other","None",0,3,2007,90350,34,1,5
"50","RL",53,5362,"Pave","No alley","Reg","Lvl","AllPub","Other","Gtl","Crawfor","Norm","Norm","1Fam","Other",5,6,1910,2003,"Gable","CompShg","Wd Sdng","Wd Shng","None",0,"TA","TA","PConc","TA","TA","No","Unf",0,"Unf",0,661,661,"GasA","Ex","Y","SBrkr",661,589,0,1250,0,0,2,0,3,1,"TA",8,"Typ",1,"Gd","Other","Unf","2","TA","TA","Y",242,0,81,0,0,0,"No","No fence","None",0,11,2007,139000,81,2,4
"30","RL",50,6305,"Pave","No alley","Reg","Other","AllPub","Inside","Gtl","Crawfor","Norm","Norm","1Fam","1Story",5,7,1938,1950,"Gable","CompShg","MetalSd","MetalSd","None",0,"TA","Other","PConc","Other","Other","No","Unf",0,"Unf",0,920,920,"GasA","Ex","Y","SBrkr",954,0,0,954,0,0,1,0,2,1,"Other",5,"Typ",1,"Gd","Other","Unf","Other","Other","TA","Y",0,0,0,0,0,0,"No","Other","None",0,6,2007,119750,0,1,57
"90","Other",82,7136,"Pave","No alley","Other","Other","AllPub","Inside","Gtl","Crawfor","Norm","Norm","Other","Other",6,6,1946,1950,"Gable","CompShg","MetalSd","MetalSd","Other",423,"TA","TA","CBlock","Gd","TA","No","Rec",484,"Unf",0,495,979,"GasA","TA","Other","Other",979,979,0,1958,0,0,2,0,4,2,"TA",8,"Typ",0,"No fireplace","Attchd","Unf","2","TA","TA","Y",0,0,0,0,0,0,"No","No fence","None",0,8,2007,145000,0,2,57
"90","Other",82,6270,"Pave","No alley","Reg","Other","AllPub","Inside","Gtl","Crawfor","Norm","Norm","Other","Other",5,6,1949,1950,"Gable","CompShg","MetalSd","MetalSd","None",0,"TA","TA","CBlock","TA","TA","No","BLQ",284,"Unf",0,717,1001,"GasA","TA","Other","Other",1001,1001,0,2002,0,0,2,0,4,2,"TA",8,"Typ",0,"No fireplace","Other","Unf","Other","TA","TA","Y",0,0,0,0,0,0,"No","No fence","None",0,8,2007,145000,0,2,57
"70","RL",60,7230,"Pave","No alley","Reg","Lvl","AllPub","Inside","Gtl","Crawfor","Norm","Norm","1Fam","Other",7,7,1927,1992,"Gable","CompShg","VinylSd","VinylSd","None",0,"TA","TA","Other","TA","TA","No","Unf",0,"Unf",0,851,851,"GasA","Other","Y","SBrkr",867,851,0,1718,0,0,2,1,4,1,"Other",8,"Typ",1,"TA","Other","Unf","2","TA","TA","Y",291,0,60,0,153,0,"No","Other","None",0,10,2007,238000,213,2.5,15
"20","RL",126,13108,"Pave","No alley","Other","Other","AllPub","Inside","Gtl","Crawfor","Norm","Norm","1Fam","1Story",5,5,1951,1951,"Gable","CompShg","Wd Sdng","Wd Sdng","None",0,"TA","TA","CBlock","Other","Other","Other","Other",0,"Other",0,0,0,"GasA","Other","Y","SBrkr",1226,0,0,1226,0,0,1,1,2,1,"TA",7,"Other",1,"Gd","Attchd","Fin","2","TA","TA","Y",174,24,120,0,228,0,"No","No fence","None",0,6,2007,153500,372,1.5,56
"70","RL",86,22420,"Pave","No alley","Other","Lvl","AllPub","Inside","Gtl","Crawfor","Other","Norm","1Fam","Other",6,6,1918,1950,"Other","CompShg","Wd Sdng","Stucco","None",0,"TA","TA","Other","Gd","TA","No","BLQ",1128,"Unf",0,242,1370,"Other","TA","Other","Other",1370,1254,0,2624,1,0,2,1,4,1,"TA",10,"Typ",1,"Gd","Other","Unf","Other","TA","TA","Other",0,0,0,0,0,0,"No","No fence","None",0,11,2007,239000,0,3.5,57
"50","RL",110,7810,"Pave","No alley","Other","Other","AllPub","Inside","Gtl","Crawfor","Norm","Norm","1Fam","Other",4,6,1930,2003,"Gable","CompShg","AsbShng","CmentBd","None",0,"TA","Other","Other","TA","Other","No","GLQ",189,"Unf",0,741,930,"GasA","Ex","Y","SBrkr",1230,525,0,1755,0,0,2,0,4,1,"Other",7,"Typ",1,"TA","Other","Unf","Other","Other","TA","Y",0,40,0,0,0,0,"No","No fence","None",0,11,2007,188000,40,2,4
"50","RL",0,11275,"Pave","No alley","Other","Other","AllPub","Other","Other","Crawfor","Norm","Norm","1Fam","Other",6,7,1932,1950,"Gable","CompShg","MetalSd","MetalSd","Other",480,"TA","TA","CBlock","TA","TA","Other","Rec",297,"Other",557,0,854,"GasA","TA","Y","SBrkr",1096,895,0,1991,0,0,1,1,3,1,"TA",7,"Typ",1,"Gd","Other","Unf","2","TA","Other","Y",0,0,19,0,0,0,"No","No fence","None",0,3,2007,220000,19,1.5,57
"190","RL",79,6221,"Pave","No alley","Other","Lvl","AllPub","Inside","Gtl","Crawfor","Norm","Norm","Other","Other",5,5,1941,1950,"Gable","CompShg","VinylSd","VinylSd","None",0,"TA","TA","CBlock","TA","Other","No","Other",533,"Unf",0,195,728,"GasA","Ex","Y","SBrkr",760,595,0,1355,0,0,2,0,3,1,"TA",5,"Typ",0,"No fireplace","Other","Unf","2","TA","TA","Y",0,0,0,0,144,0,"No","Other","None",0,10,2007,140000,144,2,57
"70","RL",70,10570,"Pave","No alley","Reg","Other","AllPub","Inside","Other","Crawfor","Norm","Norm","1Fam","Other",8,8,1932,1994,"Other","CompShg","BrkFace","BrkFace","None",0,"Other","TA","CBlock","Gd","Other","No","Rec",297,"Unf",0,556,853,"GasA","TA","Y","SBrkr",1549,1178,0,2727,0,0,2,1,3,1,"Other",10,"Other",2,"TA","Other","Unf","2","TA","TA","Y",0,74,0,0,0,0,"No","No fence","None",0,12,2007,315000,74,2.5,13
"70","RL",61,7259,"Pave","No alley","Other","Lvl","AllPub","Inside","Other","Crawfor","Norm","Norm","1Fam","Other",6,8,1945,2002,"Other","CompShg","Wd Sdng","Wd Sdng","None",0,"TA","TA","CBlock","TA","TA","No","ALQ",774,"Other",150,104,1028,"GasA","Ex","Y","SBrkr",1436,884,0,2320,1,0,2,1,3,1,"Other",9,"Typ",1,"TA","Other","Unf","Other","TA","TA","Y",224,0,0,0,0,0,"No","Other","None",0,7,2007,259500,0,3.5,5
"20","RL",110,14442,"Pave","No alley","Reg","Lvl","AllPub","Inside","Gtl","Crawfor","Norm","Norm","1Fam","1Story",6,7,1957,2004,"Other","CompShg","CemntBd","CmentBd","Other",106,"TA","TA","PConc","TA","TA","No","GLQ",1186,"Unf",0,291,1477,"GasA","Ex","Y","SBrkr",1839,0,0,1839,1,0,2,0,3,1,"Other",7,"Typ",2,"TA","Attchd","Fin","2","TA","TA","Y",0,87,0,0,200,0,"No","No fence","None",0,6,2007,257500,287,3,3
"70","RL",75,13125,"Pave","No alley","Reg","Lvl","AllPub","Inside","Gtl","Crawfor","Norm","Norm","1Fam","Other",7,6,1940,1984,"Gable","CompShg","Wd Sdng","Wd Sdng","None",0,"TA","TA","CBlock","TA","TA","No","BLQ",410,"Unf",0,390,800,"GasA","TA","Y","SBrkr",960,780,0,1740,0,0,1,1,3,1,"TA",6,"Typ",2,"Gd","Attchd","Unf","Other","TA","TA","Y",0,0,0,0,0,0,"No","No fence","None",0,7,2007,219500,0,1.5,23
"20","RL",0,25485,"Pave","No alley","Other","Lvl","AllPub","Other","Gtl","Crawfor","Norm","Norm","1Fam","1Story",6,4,1960,1960,"Gable","CompShg","Wd Sdng","MetalSd","Other",423,"TA","Other","CBlock","TA","Other","Other","Other",540,"Other",1020,0,1560,"GasA","TA","Y","SBrkr",1560,0,0,1560,0,0,1,1,3,1,"TA",6,"Typ",3,"TA","Attchd","RFn","2","TA","TA","Y",0,75,584,0,0,0,"No","No fence","None",0,5,2007,201000,659,1.5,47
"20","RL",0,21579,"Pave","No alley","Other","Lvl","AllPub","Other","Gtl","Crawfor","Norm","Norm","1Fam","1Story",6,6,1968,1968,"Other","CompShg","HdBoard","BrkFace","None",0,"TA","TA","PConc","Gd","TA","No","BLQ",813,"Unf",0,675,1488,"GasA","Ex","Y","SBrkr",1488,0,0,1488,0,1,2,0,3,1,"TA",7,"Typ",2,"Gd","Attchd","RFn","2","TA","TA","Y",0,0,216,0,0,0,"No","No fence","None",0,9,2007,215000,216,2.5,39
"160","Other",24,1782,"Pave","No alley","Reg","Lvl","AllPub","Inside","Gtl","Other","Norm","Norm","Other","Other",6,6,1980,1980,"Gable","CompShg","MetalSd","MetalSd","None",0,"TA","Other","CBlock","Gd","TA","No","GLQ",330,"Unf",0,186,516,"GasA","Other","Y","SBrkr",529,516,0,1045,0,0,1,0,2,1,"TA",5,"Typ",1,"TA","Other","Unf","2","TA","TA","Y",180,0,0,0,0,0,"No","Other","None",0,12,2007,123900,0,1,27
"20","RL",0,17871,"Pave","No alley","Other","Lvl","AllPub","Inside","Gtl","Crawfor","Norm","Norm","1Fam","1Story",4,5,1995,1996,"Gable","CompShg","VinylSd","VinylSd","None",0,"TA","TA","PConc","Gd","TA","No","Unf",0,"Unf",0,1680,1680,"GasA","Other","Y","SBrkr",1680,0,0,1680,0,0,2,0,4,1,"Other",7,"Typ",0,"No fireplace","Attchd","Unf","2","TA","TA","Y",152,0,0,0,0,0,"No","No fence","None",0,6,2007,170000,0,2,11
"120","Other",35,3907,"Pave","No alley","Other","Other","AllPub","Inside","Other","Other","Norm","Norm","Other","1Story",8,5,1988,1988,"Gable","CompShg","HdBoard","HdBoard","None",0,"TA","TA","CBlock","Gd","TA","Other","GLQ",577,"Unf",0,427,1004,"GasA","Other","Y","SBrkr",1020,0,0,1020,1,0,1,0,1,1,"TA",4,"Typ",0,"No fireplace","Attchd","Unf","2","TA","TA","Y",135,0,0,0,0,0,"No","No fence","None",0,3,2007,200000,0,2,19
"20","RL",0,20693,"Pave","No alley","Other","Other","AllPub","Other","Gtl","Crawfor","Norm","Norm","1Fam","1Story",7,5,1971,1971,"Gable","CompShg","Plywood","Plywood","Other",652,"TA","TA","CBlock","Gd","TA","No","Rec",434,"Unf",0,1262,1696,"GasA","Ex","Y","SBrkr",1696,0,0,1696,0,0,2,0,3,1,"TA",7,"Typ",2,"TA","Attchd","Fin","2","TA","TA","Y",0,146,0,0,0,0,"No","Other","None",0,2,2007,198000,146,2,36
"20","RL",70,18044,"Pave","No alley","Other","Other","AllPub","Other","Gtl","Crawfor","Norm","Norm","1Fam","1Story",8,5,1986,1986,"Gable","CompShg","WdShing","Plywood","None",0,"Other","TA","CBlock","Gd","TA","No","Unf",0,"Unf",0,279,279,"GasA","Other","Y","SBrkr",2726,0,0,2726,0,0,2,1,2,1,"Other",6,"Typ",1,"Gd","Attchd","Fin","2","Other","Other","Y",216,64,169,0,0,228,"Other","No fence","None",0,8,2007,315000,233,2.5,21
"50","Other",85,8500,"Pave","No alley","Reg","Lvl","AllPub","Other","Gtl","IDOTRR","Other","Norm","1Fam","Other",5,7,1919,2005,"Gable","CompShg","CemntBd","CmentBd","None",0,"TA","TA","CBlock","TA","TA","No","Unf",0,"Unf",0,793,793,"Other","TA","Other","Other",997,520,0,1517,0,0,2,0,3,1,"Other",7,"Typ",0,"No fireplace","Other","Other","Other","Other","Other","Other",0,0,144,0,0,0,"No","No fence","None",0,8,2007,115000,144,2,2
"50","Other",50,7000,"Pave","No alley","Reg","Lvl","AllPub","Other","Gtl","IDOTRR","Norm","Norm","1Fam","Other",6,7,1940,1950,"Gable","CompShg","Wd Sdng","Wd Sdng","None",0,"TA","TA","Other","TA","TA","No","ALQ",375,"Unf",0,345,720,"GasA","Other","Y","Other",720,495,0,1215,0,0,1,0,3,1,"Other",6,"Typ",0,"No fireplace","Other","Fin","2","TA","TA","Y",0,0,30,0,0,0,"No","Other","None",0,5,2007,141000,30,1,57
"45","Other",50,5000,"Pave","No alley","Reg","Lvl","AllPub","Inside","Gtl","IDOTRR","Other","Norm","1Fam","Other",5,6,1941,1950,"Gable","CompShg","MetalSd","MetalSd","None",0,"TA","TA","CBlock","TA","TA","Other","BLQ",116,"Unf",0,604,720,"GasA","Other","Other","Other",803,0,0,803,0,0,1,0,2,1,"TA",5,"Typ",0,"No fireplace","Other","Unf","2","TA","TA","Y",0,0,244,0,0,0,"No","No fence","None",0,12,2007,87000,244,1,57
"50","Other",50,7288,"Pave","No alley","Reg","Lvl","AllPub","Inside","Gtl","IDOTRR","Other","Norm","1Fam","Other",5,7,1925,2003,"Gable","CompShg","VinylSd","VinylSd","None",0,"Other","Other","Other","TA","Other","No","Unf",0,"Unf",0,936,936,"GasA","Ex","Y","SBrkr",936,665,0,1601,0,0,2,0,3,1,"TA",6,"Typ",0,"No fireplace","Other","Other","Other","Other","Other","Other",0,0,0,176,0,0,"No","No fence","None",0,9,2007,129850,176,2,4
"50","Other",50,6060,"Pave","No alley","Reg","Lvl","AllPub","Inside","Gtl","IDOTRR","Norm","Norm","1Fam","Other",4,5,1939,1950,"Gable","CompShg","AsbShng","AsbShng","None",0,"TA","TA","PConc","TA","TA","No","Unf",0,"Unf",0,732,732,"GasA","Other","Y","SBrkr",772,351,0,1123,0,0,1,0,3,1,"TA",4,"Typ",0,"No fireplace","Other","Unf","Other","TA","TA","Other",0,0,140,0,0,0,"No","Other","None",0,6,2007,100000,140,1,57
"30","Other",46,3672,"Pave","No alley","Reg","Lvl","AllPub","Inside","Gtl","IDOTRR","Other","Norm","1Fam","1Story",5,7,1922,1950,"Gable","CompShg","Stucco","Stucco","None",0,"TA","TA","Other","TA","TA","No","Unf",0,"Unf",0,816,816,"GasA","Ex","Y","SBrkr",816,0,0,816,0,0,1,0,2,1,"TA",5,"Typ",0,"No fireplace","Other","Unf","Other","Other","Other","Other",0,0,96,0,0,0,"No","No fence","None",0,9,2007,75200,96,1,57
"30","Other",59,8263,"Pave","No alley","Reg","Other","AllPub","Inside","Other","IDOTRR","Norm","Norm","1Fam","1Story",6,5,1920,1950,"Gable","CompShg","BrkFace","BrkFace","None",0,"TA","TA","Other","TA","TA","No","Unf",0,"Unf",0,1012,1012,"GasA","TA","Y","Other",1012,0,0,1012,0,0,1,0,2,1,"TA",6,"Typ",1,"Gd","Other","Unf","Other","TA","TA","Y",0,22,112,0,0,0,"No","Other","None",0,5,2007,118400,134,1,57
"50","Other",75,13710,"Pave","No alley","Reg","Lvl","AllPub","Inside","Gtl","IDOTRR","Norm","Norm","1Fam","Other",5,5,1950,1950,"Gable","CompShg","Wd Sdng","Wd Sdng","None",0,"TA","TA","CBlock","TA","TA","No","BLQ",420,"Unf",0,490,910,"GasA","TA","Y","Other",910,648,0,1558,0,0,1,1,4,1,"TA",6,"Typ",0,"No fireplace","Attchd","Unf","Other","TA","TA","Y",289,0,0,0,0,0,"No","Other","None",0,6,2007,152000,0,1.5,57
"50","Other",64,11067,"Pave","No alley","Reg","Lvl","AllPub","Other","Gtl","IDOTRR","Norm","Norm","1Fam","Other",2,4,1939,1950,"Gable","CompShg","MetalSd","MetalSd","None",0,"TA","TA","Other","Other","Other","Other","Other",0,"Other",0,0,0,"GasA","Ex","Y","SBrkr",640,0,205,845,0,0,1,0,1,1,"TA",4,"Other",0,"No fireplace","Other","Unf","Other","TA","Other","Other",48,0,0,0,0,0,"No","No fence","None",0,3,2007,68104,0,1,57
"85","RL",0,12150,"Pave","No alley","Other","Other","AllPub","Other","Gtl","Mitchel","Norm","Norm","1Fam","Other",6,6,1979,1979,"Gable","CompShg","HdBoard","Wd Shng","None",0,"TA","TA","CBlock","Gd","TA","Other","GLQ",1001,"Unf",0,0,1001,"GasA","TA","Y","SBrkr",1299,0,0,1299,1,0,2,0,2,1,"Other",5,"Typ",1,"Other","Other","RFn","2","TA","TA","Y",84,0,222,0,0,0,"No","Other","None",0,1,2007,183500,222,3,28
"85","RL",0,7540,"Pave","No alley","Other","Lvl","AllPub","Other","Gtl","Mitchel","Norm","Norm","1Fam","Other",6,6,1978,1978,"Gable","CompShg","VinylSd","VinylSd","None",0,"TA","TA","CBlock","Gd","TA","Other","GLQ",773,"Unf",0,115,888,"GasA","Ex","Y","SBrkr",912,0,0,912,1,0,1,0,2,1,"TA",5,"Typ",1,"TA","Attchd","RFn","2","TA","TA","Y",0,0,0,0,192,0,"No","Other","None",0,6,2007,156000,192,2,29
"20","RL",71,9187,"Pave","No alley","Reg","Other","AllPub","Other","Gtl","Mitchel","Norm","Norm","1Fam","1Story",6,5,1983,1983,"Gable","CompShg","VinylSd","VinylSd","None",0,"TA","Other","PConc","TA","TA","No","ALQ",336,"Unf",0,748,1084,"GasA","TA","Y","SBrkr",1080,0,0,1080,0,0,1,1,3,1,"TA",5,"Typ",0,"No fireplace","Attchd","Unf","2","TA","TA","Y",120,0,158,0,0,0,"No","No fence","None",0,6,2007,134000,158,1.5,24
"20","RL",80,10000,"Pave","No alley","Reg","Lvl","AllPub","Inside","Gtl","Mitchel","Norm","Norm","1Fam","1Story",5,5,2002,2002,"Gable","CompShg","VinylSd","VinylSd","Other",166,"Other","TA","PConc","Gd","TA","No","GLQ",585,"Unf",0,856,1441,"GasA","Ex","Y","SBrkr",1392,0,0,1392,0,0,2,0,3,1,"Other",6,"Typ",1,"Gd","Attchd","Fin","Other","TA","TA","Y",168,49,0,0,0,0,"No","No fence","None",0,12,2007,215000,49,2,5
"20","RL",44,12864,"Pave","No alley","Other","Lvl","AllPub","Other","Gtl","Mitchel","Norm","Norm","1Fam","1Story",7,5,2002,2002,"Gable","CompShg","VinylSd","VinylSd","None",0,"Other","TA","PConc","Gd","TA","No","GLQ",1392,"Unf",0,17,1409,"GasA","Ex","Y","SBrkr",1409,0,0,1409,1,0,1,1,1,1,"Other",4,"Typ",1,"Gd","Attchd","RFn","2","TA","TA","Y",0,144,0,0,145,0,"No","No fence","None",0,7,2007,245000,289,2.5,5
"20","RL",0,9928,"Pave","No alley","Other","Lvl","AllPub","Other","Gtl","Mitchel","Norm","Norm","1Fam","1Story",7,5,1991,1992,"Gable","CompShg","HdBoard","HdBoard","None",0,"TA","TA","PConc","Gd","TA","No","GLQ",1239,"Unf",0,215,1454,"GasA","TA","Y","SBrkr",1478,0,0,1478,1,0,2,0,3,1,"TA",6,"Typ",1,"TA","Attchd","Unf","2","TA","TA","Y",114,22,0,0,0,0,"No","No fence","None",0,5,2007,210000,22,3,15
"80","RL",0,8750,"Pave","No alley","Other","Lvl","AllPub","Inside","Gtl","Mitchel","Norm","Norm","1Fam","Other",7,6,1975,1975,"Gable","CompShg","Plywood","Plywood","Other",50,"TA","TA","CBlock","TA","TA","Other","Rec",224,"Other",530,98,852,"GasA","TA","Y","SBrkr",918,0,0,918,0,1,1,0,3,0,"TA",4,"Typ",0,"No fireplace","Attchd","Unf","Other","TA","TA","Y",192,84,0,0,0,0,"No","No fence","None",0,3,2007,148000,84,1.5,32
"85","RL",82,8410,"Pave","No alley","Other","Lvl","AllPub","Other","Gtl","Mitchel","Norm","Norm","1Fam","Other",6,6,1974,1974,"Gable","CompShg","Plywood","Plywood","None",0,"TA","TA","CBlock","Gd","TA","Other","ALQ",924,"Unf",0,46,970,"GasA","TA","Y","SBrkr",1026,0,0,1026,1,0,1,0,2,1,"TA",5,"Typ",1,"Other","Attchd","Unf","2","TA","TA","Y",193,0,0,0,0,0,"No","No fence","None",0,4,2007,143000,0,2,33
"120","RL",46,4054,"Pave","No alley","Other","Lvl","AllPub","Inside","Gtl","Timber","Norm","Norm","Other","1Story",7,6,1987,1987,"Gable","CompShg","VinylSd","VinylSd","Other",352,"Other","TA","Other","Gd","TA","Other","GLQ",949,"Unf",0,552,1501,"GasA","Ex","Y","SBrkr",1501,0,0,1501,1,0,2,0,2,1,"Other",5,"Typ",2,"TA","Attchd","Fin","2","TA","TA","Y",240,0,0,0,0,0,"No","No fence","None",0,10,2007,244000,0,3,20
"120","Other",0,9763,"Pave","No alley","Other","Lvl","AllPub","Inside","Gtl","Other","Norm","Norm","Other","1Story",7,5,1998,1998,"Gable","CompShg","Wd Sdng","Wd Sdng","Other",239,"Other","TA","PConc","Gd","TA","No","GLQ",1102,"Other",72,328,1502,"GasA","Ex","Y","SBrkr",1502,0,0,1502,1,0,1,1,1,1,"Other",5,"Typ",1,"TA","Attchd","Fin","Other","TA","TA","Y",0,0,0,0,0,0,"No","No fence","None",0,9,2007,330000,0,2.5,9
"20","RL",115,16905,"Pave","No alley","Reg","Lvl","AllPub","Inside","Gtl","Timber","Norm","Norm","1Fam","1Story",5,6,1959,1959,"Gable","CompShg","VinylSd","VinylSd","None",0,"TA","Other","CBlock","TA","TA","Other","BLQ",967,"Unf",0,383,1350,"GasA","Other","Y","SBrkr",1328,0,0,1328,0,1,1,1,2,1,"TA",5,"Typ",2,"Gd","Attchd","RFn","Other","TA","TA","Other",0,104,0,0,0,0,"No","No fence","None",0,7,2007,170000,104,2,48
"20","RL",149,19958,"Pave","No alley","Reg","Lvl","AllPub","Inside","Gtl","Timber","Norm","Norm","1Fam","1Story",6,8,1958,1995,"Other","CompShg","HdBoard","HdBoard","Other",1224,"TA","Other","CBlock","TA","TA","No","Unf",0,"Unf",0,585,585,"GasA","Other","Y","SBrkr",2279,0,0,2279,0,0,2,1,4,1,"Other",7,"Typ",1,"Gd","Attchd","RFn","2","TA","TA","Y",274,0,0,0,138,0,"No","Other","None",0,7,2007,257000,138,2.5,12
"20","RL",64,9037,"Pave","No alley","Other","Other","AllPub","Inside","Gtl","Timber","Norm","Norm","1Fam","1Story",8,5,2006,2006,"Other","CompShg","VinylSd","VinylSd","Other",32,"Other","TA","PConc","Gd","TA","Other","GLQ",428,"Unf",0,1048,1476,"GasA","Ex","Y","SBrkr",1484,0,0,1484,0,0,2,0,2,1,"Other",6,"Typ",1,"Gd","Attchd","RFn","2","TA","TA","Y",120,33,0,0,0,0,"No","No fence","None",0,12,2007,265900,33,2,1
"20","RL",42,10331,"Pave","No alley","Reg","Lvl","AllPub","Other","Gtl","Timber","Norm","Norm","1Fam","1Story",7,7,1985,1985,"Gable","CompShg","Plywood","Plywood","None",0,"TA","TA","CBlock","Gd","TA","No","ALQ",215,"Other",80,970,1265,"GasA","Other","Y","SBrkr",1240,0,0,1240,0,1,2,0,3,1,"Other",6,"Typ",0,"No fireplace","Attchd","Unf","2","TA","TA","Y",232,0,0,0,0,0,"No","No fence","None",0,7,2007,174000,0,2.5,22
"50","RL",44,13758,"Pave","No alley","Other","Lvl","AllPub","Other","Gtl","Timber","Norm","Norm","1Fam","Other",7,5,1990,1991,"Gable","CompShg","HdBoard","HdBoard","Other",117,"Other","Other","CBlock","Gd","TA","Other","Other",902,"Unf",0,254,1156,"GasA","Ex","Y","SBrkr",1187,530,0,1717,0,0,2,1,3,1,"Other",7,"Typ",1,"TA","Attchd","RFn","2","TA","TA","Y",168,36,0,0,0,0,"No","No fence","None",0,4,2007,187500,36,2.5,16
"60","RL",0,9303,"Pave","No alley","Other","Lvl","AllPub","Other","Gtl","Timber","Norm","Norm","1Fam","Other",6,5,1996,1997,"Other","CompShg","VinylSd","VinylSd","Other",42,"Other","TA","PConc","Other","TA","No","ALQ",742,"Unf",0,130,872,"GasA","Ex","Y","SBrkr",888,868,0,1756,1,0,2,1,3,1,"TA",7,"Typ",0,"No fireplace","Attchd","Fin","2","TA","TA","Y",144,122,0,0,0,0,"No","No fence","None",0,7,2007,204000,122,3.5,10
"20","RL",0,6718,"Pave","No alley","Other","Lvl","AllPub","Inside","Gtl","Timber","Norm","Norm","1Fam","1Story",8,5,2001,2001,"Gable","CompShg","VinylSd","VinylSd","Other",86,"Other","TA","PConc","Other","TA","Other","GLQ",250,"Unf",0,1017,1267,"GasA","Ex","Y","SBrkr",1312,0,0,1312,0,0,2,0,2,1,"Other",5,"Typ",0,"No fireplace","Attchd","Unf","2","TA","TA","Y",256,28,0,0,0,0,"No","No fence","None",0,1,2007,180500,28,2,6
"80","RL",73,9590,"Pave","No alley","Other","Lvl","AllPub","Other","Gtl","Timber","Norm","Norm","1Fam","Other",7,5,2003,2003,"Gable","CompShg","VinylSd","VinylSd","Other",442,"Other","TA","PConc","Other","TA","Other","GLQ",786,"Unf",0,82,868,"GasA","Ex","Y","SBrkr",1146,0,0,1146,1,0,2,0,3,1,"Other",6,"Typ",1,"Gd","Attchd","Fin","2","TA","TA","Y",160,22,0,0,0,0,"No","No fence","None",0,5,2007,187500,22,3,4
"20","RL",80,11305,"Pave","No alley","Reg","Lvl","AllPub","Inside","Gtl","Timber","Norm","Norm","1Fam","1Story",8,5,2002,2002,"Other","CompShg","VinylSd","VinylSd","Other",886,"Other","TA","PConc","Gd","TA","Other","GLQ",1329,"Unf",0,593,1922,"GasA","Ex","Y","SBrkr",1922,0,0,1922,1,0,2,0,2,1,"Other",6,"Typ",1,"Other","Attchd","Fin","Other","TA","TA","Y",201,64,0,0,0,0,"No","No fence","None",0,4,2007,282000,64,3,5
"20","RL",0,7777,"Pave","No alley","Other","Lvl","AllPub","Inside","Gtl","Timber","Norm","Norm","1Fam","1Story",6,5,1996,1996,"Gable","CompShg","VinylSd","VinylSd","Other",203,"Other","TA","PConc","Other","TA","No","Unf",0,"Unf",0,1491,1491,"GasA","Ex","Y","SBrkr",1491,0,0,1491,0,0,2,0,3,1,"TA",7,"Typ",1,"TA","Attchd","Fin","2","TA","TA","Y",0,35,0,0,0,0,"No","No fence","None",0,11,2007,178000,35,2,11
"20","RL",85,14536,"Pave","No alley","Reg","Lvl","AllPub","Inside","Gtl","Timber","Norm","Norm","1Fam","1Story",8,5,2002,2003,"Other","CompShg","VinylSd","VinylSd","Other",236,"Other","TA","PConc","Gd","TA","Other","GLQ",1300,"Unf",0,316,1616,"GasA","Ex","Y","SBrkr",1629,0,0,1629,1,0,2,0,3,1,"Other",9,"Typ",1,"Gd","Attchd","Fin","Other","TA","TA","Y",0,252,0,0,0,0,"No","No fence","None",0,11,2007,270000,252,3,4
"60","RL",0,11800,"Pave","No alley","Other","Lvl","AllPub","Inside","Gtl","Timber","Norm","Norm","1Fam","Other",7,5,2003,2004,"Gable","CompShg","VinylSd","VinylSd","Other",94,"Other","TA","PConc","Gd","TA","Other","GLQ",766,"Unf",0,356,1122,"GasA","Ex","Y","SBrkr",1146,1340,0,2486,1,0,3,1,5,1,"Other",10,"Typ",1,"Gd","Other","Fin","2","TA","TA","Y",143,32,0,0,0,0,"No","No fence","None",0,7,2007,279900,32,4.5,3
"20","RL",50,35133,"Other","No alley","Reg","Lvl","AllPub","Inside","Other","Timber","Norm","Norm","1Fam","1Story",5,4,1963,1963,"Other","CompShg","MetalSd","MetalSd","Other",226,"TA","TA","CBlock","TA","TA","Other","Rec",1159,"Unf",0,413,1572,"GasA","Other","Y","SBrkr",1572,0,0,1572,1,0,1,1,3,1,"TA",5,"Typ",2,"TA","Other","RFn","Other","TA","TA","Y",0,263,0,0,263,0,"No","No fence","None",0,5,2007,186700,526,2.5,44
"60","RL",88,12665,"Pave","No alley","Other","Lvl","AllPub","Inside","Gtl","Timber","Norm","Norm","1Fam","Other",8,5,2005,2006,"Other","CompShg","VinylSd","VinylSd","Other",245,"Other","TA","PConc","Gd","Other","Other","Unf",0,"Unf",0,1094,1094,"GasA","Ex","Y","SBrkr",1133,1349,0,2482,0,0,2,1,4,1,"Other",9,"Typ",1,"Gd","Other","Fin","Other","TA","TA","Y",144,39,0,0,0,0,"No","No fence","None",0,2,2007,281213,39,2.5,1
"20","RL",200,43500,"Pave","No alley","Reg","Lvl","AllPub","Inside","Gtl","Mitchel","Other","Norm","1Fam","1Story",3,5,1953,1953,"Gable","CompShg","MetalSd","MetalSd","None",0,"TA","TA","CBlock","Other","Other","Other","Other",0,"Other",0,0,0,"GasA","Ex","Y","SBrkr",2034,0,0,2034,0,0,1,0,2,1,"TA",9,"Other",0,"No fireplace","Other","RFn","Other","TA","TA","Other",483,266,0,0,0,561,"Other","Other","None",0,6,2007,130000,266,1,54
"120","Other",62,6710,"Pave","No alley","Other","Lvl","AllPub","Other","Gtl","Mitchel","Norm","Norm","Other","Other",6,5,1996,1997,"Gable","CompShg","VinylSd","VinylSd","Other",134,"TA","TA","PConc","Other","TA","Other","Rec",16,"Other",904,0,920,"GasA","Ex","Y","SBrkr",936,0,0,936,2,0,0,1,0,1,"TA",3,"Typ",0,"No fireplace","Attchd","Fin","2","TA","TA","Y",0,40,0,0,0,0,"No","No fence","None",0,6,2007,140000,40,2.5,10
"20","RL",94,25286,"Pave","No alley","Reg","Other","AllPub","Inside","Other","Mitchel","Norm","Norm","1Fam","1Story",4,5,1963,1963,"Gable","CompShg","HdBoard","Plywood","None",0,"TA","TA","PConc","TA","TA","Other","ALQ",633,"Unf",0,431,1064,"GasA","Other","Y","SBrkr",1040,0,0,1040,1,0,1,0,3,1,"TA",5,"Typ",0,"No fireplace","Attchd","Unf","2","TA","TA","Y",0,0,0,0,0,0,"No","No fence","None",0,1,2007,132250,0,2,44
"90","RL",100,25000,"Pave","No alley","Reg","Other","AllPub","Inside","Gtl","Mitchel","Norm","Norm","Other","1Story",5,4,1967,1967,"Gable","CompShg","HdBoard","Plywood","None",0,"TA","TA","CBlock","TA","TA","Other","Unf",0,"Unf",0,1632,1632,"GasA","TA","Y","SBrkr",1632,0,0,1632,0,0,2,0,4,2,"TA",8,"Typ",0,"No fireplace","Attchd","Unf","2","TA","TA","Other",0,0,0,0,0,0,"No","No fence","None",0,6,2007,143000,0,2,40
"190","RL",0,32463,"Pave","No alley","Reg","Other","AllPub","Inside","Other","Mitchel","Norm","Norm","Other","1Story",4,4,1961,1975,"Gable","CompShg","MetalSd","MetalSd","Other",149,"TA","Other","CBlock","TA","TA","Other","BLQ",1159,"Unf",0,90,1249,"GasA","Ex","Y","SBrkr",1622,0,0,1622,1,0,1,0,3,1,"TA",7,"Typ",1,"TA","Other","Fin","Other","TA","TA","Y",439,0,0,0,0,0,"No","No fence","None",0,3,2007,168000,0,2,32
"120","Other",44,4224,"Pave","No alley","Reg","Lvl","AllPub","Inside","Gtl","MeadowV","Norm","Norm","Other","1Story",5,7,1976,1976,"Gable","CompShg","CemntBd","CmentBd","None",0,"TA","TA","PConc","Gd","TA","No","GLQ",840,"Unf",0,200,1040,"GasA","TA","Y","SBrkr",1060,0,0,1060,1,0,1,0,3,1,"TA",6,"Typ",1,"TA","Attchd","Unf","2","TA","TA","Y",100,110,0,0,0,0,"No","No fence","None",0,6,2007,129900,110,2,31
"120","Other",44,4224,"Pave","No alley","Reg","Lvl","AllPub","Inside","Gtl","MeadowV","Norm","Norm","Other","1Story",5,5,1976,1976,"Gable","CompShg","CemntBd","CmentBd","None",0,"TA","TA","PConc","Gd","TA","No","ALQ",874,"Unf",0,268,1142,"GasA","TA","Y","SBrkr",1142,0,0,1142,1,0,1,1,3,1,"TA",6,"Typ",1,"Other","Attchd","Fin","2","TA","TA","Y",536,90,0,0,0,0,"No","Other","None",0,8,2007,134000,90,2.5,31
"160","Other",21,1504,"Pave","No alley","Reg","Lvl","AllPub","Inside","Gtl","MeadowV","Norm","Norm","Other","Other",4,4,1972,1972,"Gable","CompShg","CemntBd","CmentBd","None",0,"TA","TA","CBlock","TA","TA","No","BLQ",252,"Unf",0,294,546,"GasA","TA","Y","SBrkr",546,546,0,1092,0,0,1,1,3,1,"TA",5,"Typ",0,"No fireplace","Attchd","Unf","Other","TA","TA","Y",0,0,0,0,0,0,"No","No fence","None",0,5,2007,85500,0,1.5,35
"180","Other",0,1533,"Pave","No alley","Reg","Lvl","AllPub","Inside","Gtl","MeadowV","Norm","Norm","Other","Other",4,5,1970,1970,"Gable","CompShg","CemntBd","CmentBd","None",0,"TA","TA","CBlock","Gd","TA","Other","GLQ",503,"Unf",0,27,530,"GasA","TA","Y","SBrkr",530,462,0,992,1,0,1,0,2,1,"TA",4,"Typ",0,"No fireplace","Other","Fin","Other","TA","TA","Y",112,97,0,0,0,0,"No","No fence","None",0,7,2007,106500,97,2,37
"160","Other",21,1495,"Pave","No alley","Reg","Lvl","AllPub","Inside","Gtl","MeadowV","Norm","Norm","Other","Other",4,6,1970,1970,"Gable","CompShg","CemntBd","CmentBd","Other",189,"TA","TA","CBlock","TA","TA","No","ALQ",384,"Unf",0,162,546,"GasA","Ex","Y","SBrkr",546,546,0,1092,0,0,1,1,3,1,"TA",5,"Typ",0,"No fireplace","Other","Other","Other","Other","Other","Y",0,64,0,0,0,0,"No","No fence","None",0,5,2007,93900,64,1.5,37
"160","Other",21,2001,"Pave","No alley","Reg","Lvl","AllPub","Inside","Gtl","MeadowV","Norm","Norm","Other","Other",4,5,1970,1970,"Gable","CompShg","CemntBd","CmentBd","Other",80,"TA","TA","CBlock","TA","TA","No","Unf",0,"Unf",0,546,546,"GasA","Other","Y","SBrkr",546,546,0,1092,0,0,1,1,3,1,"TA",6,"Typ",0,"No fireplace","Attchd","Unf","Other","TA","TA","Y",0,0,0,0,0,0,"No","No fence","None",0,1,2007,75000,0,1.5,37
"180","Other",21,1936,"Pave","No alley","Reg","Lvl","AllPub","Inside","Gtl","MeadowV","Norm","Norm","Other","Other",4,6,1970,1970,"Gable","CompShg","CemntBd","CmentBd","None",0,"TA","TA","CBlock","Gd","TA","Other","BLQ",131,"Other",499,0,630,"GasA","Other","Y","SBrkr",630,0,0,630,1,0,1,0,1,1,"TA",3,"Typ",0,"No fireplace","Other","Other","Other","Other","Other","Y",0,0,0,0,0,0,"No","Other","None",0,12,2007,84500,0,2,37
"160","Other",21,1890,"Pave","No alley","Reg","Lvl","AllPub","Inside","Gtl","MeadowV","Norm","Norm","Other","Other",4,3,1976,1976,"Gable","CompShg","CemntBd","CmentBd","None",0,"TA","TA","CBlock","TA","TA","No","Unf",0,"Unf",0,546,546,"GasA","Ex","Y","SBrkr",546,546,0,1092,0,0,1,1,3,1,"TA",6,"Typ",0,"No fireplace","Attchd","Unf","Other","TA","TA","Y",0,0,0,0,0,0,"No","Other","None",0,4,2007,75190,0,1.5,31
"80","RL",0,11333,"Pave","No alley","Other","Lvl","AllPub","Other","Gtl","Mitchel","Norm","Norm","1Fam","Other",6,5,1976,1976,"Gable","CompShg","HdBoard","HdBoard","None",0,"TA","TA","PConc","Gd","TA","Other","ALQ",539,"Unf",0,490,1029,"GasA","TA","Y","SBrkr",1062,0,0,1062,1,0,1,0,3,1,"TA",5,"Typ",2,"TA","Attchd","RFn","2","TA","TA","Y",120,0,0,0,0,0,"No","No fence","None",0,5,2007,146800,0,2,31
"85","RL",72,9129,"Pave","No alley","Reg","Lvl","AllPub","Inside","Gtl","Mitchel","Norm","Norm","1Fam","Other",5,5,1977,1977,"Gable","CompShg","Plywood","Plywood","Other",144,"TA","TA","PConc","Gd","TA","Other","GLQ",923,"Unf",0,0,923,"GasA","TA","Y","SBrkr",1008,0,0,1008,1,0,1,0,1,1,"Other",4,"Typ",1,"Other","Attchd","Fin","2","TA","TA","Y",201,66,0,0,0,0,"No","Other","None",0,7,2007,153500,66,2,30
"80","RL",0,15957,"Pave","No alley","Other","Other","AllPub","Other","Other","Mitchel","Norm","Norm","1Fam","Other",6,6,1977,1977,"Gable","CompShg","HdBoard","Plywood","None",0,"TA","TA","PConc","Gd","TA","Other","GLQ",1148,"Unf",0,96,1244,"GasA","TA","Y","SBrkr",1356,0,0,1356,2,0,2,0,3,1,"TA",6,"Typ",1,"TA","Attchd","Fin","2","TA","TA","Y",1424,0,0,0,0,0,"No","Other","None",0,9,2007,188000,0,4,30
"20","RL",61,33983,"Pave","No alley","Other","Lvl","AllPub","Inside","Gtl","Mitchel","Norm","Norm","1Fam","1Story",5,6,1977,1994,"Gable","CompShg","Plywood","Plywood","None",0,"TA","Other","PConc","TA","TA","Other","ALQ",1112,"Unf",0,48,1160,"GasA","TA","Y","SBrkr",1676,0,0,1676,1,0,1,1,3,1,"Other",6,"Other",2,"TA","Attchd","RFn","2","TA","TA","Other",690,90,0,0,0,0,"No","Other","None",0,5,2007,196000,90,2.5,13
"60","RL",68,8286,"Pave","No alley","Other","Lvl","AllPub","Other","Gtl","Mitchel","Norm","Norm","1Fam","Other",5,7,1977,1977,"Gable","CompShg","Plywood","Plywood","None",0,"TA","TA","PConc","Gd","TA","No","Rec",531,"Unf",0,185,716,"GasA","Ex","Y","SBrkr",716,716,0,1432,1,0,1,1,3,1,"TA",6,"Typ",1,"Gd","Attchd","Fin","2","TA","TA","Y",0,136,0,0,240,0,"No","Other","None",0,6,2007,157000,376,2.5,30
"85","RL",50,6723,"Pave","No alley","Reg","Lvl","AllPub","Inside","Gtl","Mitchel","Norm","Norm","1Fam","Other",5,7,1971,1971,"Gable","CompShg","Wd Sdng","HdBoard","None",0,"TA","TA","CBlock","Gd","TA","Other","GLQ",796,"Unf",0,0,796,"GasA","TA","Y","SBrkr",796,0,0,796,0,1,1,0,2,1,"TA",5,"Typ",0,"No fireplace","Other","Other","Other","Other","Other","Y",129,0,0,0,0,0,"No","Other","None",0,9,2007,138000,0,1.5,36
"85","RL",54,7244,"Pave","No alley","Reg","Lvl","AllPub","Inside","Gtl","Mitchel","Norm","Norm","1Fam","Other",5,7,1970,1970,"Gable","CompShg","VinylSd","VinylSd","None",0,"TA","Other","CBlock","Gd","TA","Other","ALQ",619,"Unf",0,149,768,"GasA","Ex","Y","SBrkr",768,0,0,768,1,0,1,0,2,1,"TA",5,"Typ",0,"No fireplace","Other","Unf","2","TA","TA","Y",104,0,0,0,0,0,"No","No fence","None",0,4,2007,129500,0,2,37
"20","RL",69,7599,"Pave","No alley","Reg","Lvl","AllPub","Other","Gtl","Mitchel","Norm","Norm","1Fam","1Story",4,6,1982,2006,"Gable","CompShg","HdBoard","Plywood","None",0,"TA","TA","CBlock","TA","TA","No","ALQ",565,"Unf",0,280,845,"GasA","TA","Y","SBrkr",845,0,0,845,1,0,1,0,2,1,"TA",4,"Typ",0,"No fireplace","Other","Unf","2","TA","TA","Y",0,0,0,0,0,0,"No","No fence","None",0,6,2007,129500,0,2,1
"20","RL",0,11000,"Pave","No alley","Other","Lvl","AllPub","Other","Gtl","Mitchel","Norm","Norm","1Fam","1Story",5,6,1976,2003,"Gable","CompShg","Plywood","Plywood","None",0,"TA","TA","PConc","Gd","TA","No","Other",1090,"Unf",0,0,1090,"GasA","TA","Y","SBrkr",1178,0,0,1178,1,0,1,1,3,1,"TA",6,"Typ",0,"No fireplace","Attchd","Unf","2","TA","TA","Y",0,44,0,0,88,0,"No","Other","None",0,6,2007,135000,132,2.5,4
"20","RL",76,8314,"Pave","No alley","Reg","Lvl","AllPub","Other","Gtl","Mitchel","Norm","Norm","1Fam","1Story",5,7,1982,1982,"Gable","CompShg","HdBoard","ImStucc","None",0,"TA","TA","CBlock","TA","TA","Other","ALQ",546,"Unf",0,270,816,"GasA","TA","Y","SBrkr",816,0,0,816,0,0,1,0,2,1,"TA",5,"Typ",0,"No fireplace","Attchd","Unf","Other","TA","TA","Y",168,0,0,0,0,0,"No","No fence","None",0,6,2007,124500,0,1,25
"20","RL",65,11625,"Pave","No alley","Other","Lvl","AllPub","Inside","Gtl","Mitchel","Norm","Norm","1Fam","1Story",5,7,1983,1983,"Gable","CompShg","HdBoard","HdBoard","None",0,"TA","TA","CBlock","Gd","TA","No","ALQ",596,"Unf",0,220,816,"GasA","TA","Y","SBrkr",816,0,0,816,1,0,1,0,2,1,"TA",4,"Typ",0,"No fireplace","Attchd","Fin","Other","TA","TA","Y",330,0,0,0,0,0,"No","Other","None",0,5,2007,139000,0,2,24
"20","RL",62,10447,"Pave","No alley","Reg","Lvl","AllPub","Inside","Gtl","Mitchel","Norm","Norm","1Fam","1Story",5,6,1984,1984,"Gable","CompShg","Plywood","HdBoard","None",0,"TA","TA","CBlock","TA","TA","No","ALQ",516,"Unf",0,348,864,"GasA","TA","Y","SBrkr",887,0,0,887,0,1,1,0,3,1,"TA",5,"Typ",0,"No fireplace","Attchd","RFn","Other","TA","TA","Y",140,0,0,0,0,0,"No","No fence","None",0,12,2007,124500,0,1.5,23
"20","RL",0,11027,"Pave","No alley","Other","Lvl","AllPub","Inside","Gtl","NAmes","Norm","Norm","1Fam","1Story",6,5,1954,1954,"Other","CompShg","Wd Sdng","Wd Sdng","Other",28,"TA","TA","CBlock","TA","TA","No","BLQ",468,"Other",539,171,1178,"GasA","Other","Y","SBrkr",1293,0,0,1293,1,0,2,0,2,1,"TA",5,"Typ",0,"No fireplace","Attchd","RFn","2","TA","TA","Y",280,0,0,0,0,0,"No","No fence","None",0,5,2006,149900,0,3,52
"20","RL",85,10533,"Pave","No alley","Other","Lvl","AllPub","Inside","Gtl","NAmes","Norm","Norm","1Fam","1Story",6,6,1956,1956,"Other","CompShg","VinylSd","VinylSd","Other",244,"TA","Other","CBlock","TA","TA","No","Rec",773,"Unf",0,235,1008,"GasA","TA","Y","SBrkr",1024,0,0,1024,1,0,1,0,2,1,"Other",5,"Typ",2,"TA","Attchd","Unf","Other","TA","TA","Y",0,0,0,0,280,0,"No","No fence","None",0,8,2006,157500,280,2,50
"20","RL",0,11765,"Pave","No alley","Other","Lvl","AllPub","Other","Gtl","NAmes","Norm","Norm","1Fam","1Story",5,5,1957,1957,"Gable","CompShg","Wd Sdng","Wd Sdng","Other",302,"TA","TA","CBlock","TA","TA","Other","Rec",1127,"Unf",0,490,1617,"GasA","Other","Y","SBrkr",1797,0,0,1797,0,0,1,1,3,1,"TA",7,"Typ",1,"TA","Attchd","Unf","Other","TA","TA","Y",0,0,0,0,0,0,"No","No fence","None",0,6,2006,169000,0,1.5,49
"20","RL",90,11727,"Pave","No alley","Reg","Lvl","AllPub","Other","Gtl","NAmes","Norm","Norm","1Fam","1Story",7,6,1969,1969,"Gable","CompShg","HdBoard","HdBoard","Other",434,"TA","Other","CBlock","TA","TA","Other","Unf",0,"Unf",0,1851,1851,"GasA","Other","Y","SBrkr",1851,0,0,1851,0,0,2,0,3,1,"TA",8,"Typ",1,"TA","Attchd","Fin","2","TA","TA","Y",0,146,0,0,0,0,"No","No fence","None",0,3,2006,192100,146,2,37
"60","RL",60,8238,"Pave","No alley","Other","Lvl","AllPub","Inside","Gtl","Gilbert","Norm","Norm","1Fam","Other",6,5,1997,1998,"Gable","CompShg","VinylSd","VinylSd","None",0,"TA","TA","PConc","TA","TA","No","GLQ",700,"Unf",0,113,813,"GasA","Ex","Y","SBrkr",813,712,0,1525,1,0,2,1,3,1,"TA",6,"Typ",1,"TA","Attchd","Fin","2","TA","TA","Y",421,72,0,0,0,0,"No","No fence","None",0,5,2006,183500,72,3.5,8
"60","RL",0,13006,"Pave","No alley","Other","Lvl","AllPub","Other","Gtl","Gilbert","Norm","Norm","1Fam","Other",7,5,1997,1997,"Gable","CompShg","HdBoard","HdBoard","Other",285,"TA","TA","PConc","Gd","TA","No","Unf",0,"Unf",0,964,964,"GasA","Other","Y","SBrkr",993,1243,0,2236,0,0,2,1,4,1,"Other",8,"Typ",1,"TA","Other","Fin","2","TA","TA","Y",0,0,0,0,0,0,"No","No fence","None",0,11,2006,222000,0,2.5,9
"60","RL",0,13041,"Pave","No alley","Other","Lvl","AllPub","Inside","Gtl","Gilbert","Norm","Norm","1Fam","Other",6,5,1995,1995,"Gable","CompShg","HdBoard","HdBoard","None",0,"TA","TA","PConc","Gd","TA","No","Unf",0,"Unf",0,781,781,"GasA","Other","Y","SBrkr",781,890,0,1671,0,0,2,1,3,1,"TA",7,"Typ",1,"TA","Attchd","Fin","2","TA","TA","Y",0,84,0,0,0,0,"No","No fence","None",0,2,2006,170000,84,2.5,11
"60","RL",0,13031,"Pave","No alley","Other","Lvl","AllPub","Other","Gtl","Gilbert","Norm","Norm","1Fam","Other",6,5,1995,1996,"Gable","CompShg","HdBoard","HdBoard","None",0,"TA","TA","PConc","Gd","TA","No","ALQ",592,"Unf",0,99,691,"GasA","Other","Y","SBrkr",691,807,0,1498,0,0,2,1,3,1,"TA",6,"Typ",1,"TA","Attchd","Fin","2","TA","TA","Y",315,44,0,0,0,0,"No","No fence","None",0,7,2006,187500,44,2.5,10
"60","RL",54,9783,"Pave","No alley","Other","Lvl","AllPub","Inside","Gtl","Gilbert","Norm","Norm","1Fam","Other",6,5,1996,1996,"Gable","CompShg","HdBoard","HdBoard","None",0,"TA","TA","PConc","Gd","TA","No","Unf",0,"Unf",0,821,821,"GasA","Other","Y","SBrkr",821,955,0,1776,0,0,2,1,3,1,"TA",7,"Typ",1,"TA","Other","Fin","2","TA","TA","Y",286,116,0,0,0,0,"No","No fence","None",0,5,2006,202000,116,2.5,10
"60","RL",70,11207,"Pave","No alley","Other","Other","AllPub","Other","Gtl","Gilbert","Norm","Norm","1Fam","Other",6,5,1997,1997,"Gable","CompShg","VinylSd","VinylSd","None",0,"TA","TA","PConc","Gd","TA","Other","GLQ",714,"Unf",0,88,802,"GasA","Other","Y","SBrkr",802,709,0,1511,1,0,2,1,3,1,"TA",8,"Typ",1,"TA","Attchd","Fin","2","TA","TA","Y",95,75,0,0,0,0,"No","No fence","None",0,6,2006,185000,75,3.5,9
"60","RL",50,13128,"Pave","No alley","Other","Other","AllPub","Other","Gtl","Gilbert","Norm","Norm","1Fam","Other",8,5,2005,2005,"Gable","CompShg","VinylSd","VinylSd","Other",216,"Other","TA","PConc","Gd","TA","No","Unf",0,"Unf",0,1074,1074,"GasA","Ex","Y","SBrkr",1074,990,0,2064,0,0,2,1,4,1,"Other",7,"Typ",1,"Gd","Attchd","Fin","2","TA","TA","Y",0,119,0,0,0,0,"No","No fence","None",0,1,2006,250000,119,2.5,1
"60","RL",72,10463,"Pave","No alley","Other","Other","AllPub","Other","Gtl","Gilbert","Norm","Norm","1Fam","Other",8,5,2005,2005,"Gable","CompShg","VinylSd","VinylSd","None",0,"Other","TA","PConc","Gd","TA","No","Unf",0,"Unf",0,893,893,"GasA","Ex","Y","SBrkr",901,900,0,1801,0,0,2,1,3,1,"Other",8,"Typ",1,"Gd","Attchd","Fin","Other","TA","TA","Y",0,116,0,0,0,0,"No","No fence","None",0,6,2006,239900,116,2.5,1
"160","RL",68,13108,"Pave","No alley","Other","Lvl","AllPub","Inside","Gtl","StoneBr","Norm","Norm","1Fam","Other",8,5,1994,1994,"Gable","CompShg","CemntBd","CmentBd","None",0,"Other","TA","PConc","Gd","TA","No","Unf",0,"Unf",0,2062,2062,"GasA","Ex","Y","SBrkr",2079,608,0,2687,0,0,2,1,4,1,"Other",9,"Typ",0,"No fireplace","Attchd","Fin","2","TA","TA","Y",168,12,0,0,0,0,"No","No fence","None",0,12,2006,270000,12,2.5,12
"20","RL",0,8076,"Pave","No alley","Other","Lvl","AllPub","Inside","Gtl","Gilbert","Norm","Norm","1Fam","1Story",6,6,1993,1994,"Gable","CompShg","HdBoard","HdBoard","Other",112,"TA","TA","PConc","Gd","TA","No","GLQ",705,"Unf",0,455,1160,"GasA","Other","Y","SBrkr",1169,0,0,1169,0,1,2,0,3,1,"TA",6,"Typ",1,"TA","Attchd","Fin","2","TA","TA","Y",0,26,0,0,144,0,"No","Other","None",0,7,2006,183500,170,2.5,12
"60","RL",0,7685,"Pave","No alley","Other","Lvl","AllPub","Inside","Gtl","Gilbert","Norm","Norm","1Fam","Other",6,5,1993,1994,"Gable","CompShg","HdBoard","HdBoard","Other",112,"TA","TA","PConc","Gd","TA","No","ALQ",518,"Unf",0,179,697,"GasA","Other","Y","SBrkr",697,804,0,1501,0,0,2,1,3,1,"Other",6,"Typ",1,"TA","Attchd","Fin","2","TA","TA","Y",190,63,0,0,0,0,"No","No fence","None",0,5,2006,165600,63,2.5,12
"60","RL",63,9084,"Pave","No alley","Other","Lvl","AllPub","Inside","Gtl","Gilbert","Norm","Norm","1Fam","Other",7,5,1998,1998,"Other","CompShg","VinylSd","VinylSd","None",0,"TA","TA","PConc","Gd","TA","No","Unf",0,"Unf",0,935,935,"GasA","Other","Y","SBrkr",955,677,0,1632,0,0,2,1,3,1,"TA",8,"Typ",1,"TA","Attchd","Fin","2","TA","TA","Y",0,28,0,0,0,0,"No","No fence","None",0,6,2006,176500,28,2.5,8
"120","RL",30,3701,"Pave","No alley","Other","Lvl","AllPub","Inside","Gtl","StoneBr","Norm","Norm","Other","1Story",8,5,1987,1987,"Gable","CompShg","HdBoard","HdBoard","None",0,"TA","TA","CBlock","Gd","TA","No","Unf",0,"Unf",0,1191,1191,"GasA","TA","Y","SBrkr",1204,0,0,1204,0,0,2,0,2,1,"TA",5,"Typ",0,"No fireplace","Attchd","RFn","2","TA","TA","Y",120,70,0,0,0,0,"No","No fence","None",0,8,2006,130000,70,2,19
"160","RL",44,5306,"Pave","No alley","Other","Lvl","AllPub","Inside","Gtl","StoneBr","Norm","Norm","Other","Other",7,7,1987,1987,"Gable","CompShg","HdBoard","HdBoard","None",0,"Other","Other","PConc","Gd","Other","No","GLQ",495,"Other",215,354,1064,"GasA","Other","Y","SBrkr",1064,703,0,1767,1,0,2,0,2,1,"Other",5,"Typ",1,"TA","Attchd","RFn","2","Other","TA","Y",441,35,0,0,0,0,"No","No fence","None",0,6,2006,239000,35,3,19
"120","RL",0,6563,"Pave","No alley","Other","Other","AllPub","Other","Other","StoneBr","Norm","Norm","1Fam","1Story",8,5,1985,1985,"Gable","CompShg","HdBoard","HdBoard","None",0,"Other","TA","PConc","Gd","TA","Other","GLQ",1148,"Unf",0,594,1742,"GasA","TA","Y","SBrkr",1742,0,0,1742,1,0,2,0,2,1,"Other",5,"Typ",1,"TA","Attchd","RFn","2","TA","TA","Y",114,28,234,0,0,0,"No","No fence","None",0,12,2006,275000,262,3,21
"60","RL",0,14762,"Pave","No alley","Other","Lvl","AllPub","Other","Gtl","Gilbert","Other","Norm","1Fam","Other",5,6,1948,1950,"Gable","CompShg","Plywood","Plywood","None",0,"TA","TA","Other","Other","Other","Other","Other",0,"Other",0,0,0,"GasA","Other","Y","SBrkr",1547,720,53,2320,0,0,2,0,2,1,"TA",7,"Typ",1,"TA","Attchd","Unf","2","TA","TA","Other",120,144,0,0,0,0,"No","No fence","None",0,5,2006,169000,144,2,56
"190","RL",100,34650,"Pave","No alley","Reg","Other","AllPub","Inside","Gtl","Gilbert","Norm","Norm","Other","1Story",5,5,1955,1955,"Other","CompShg","Wd Sdng","Wd Sdng","None",0,"TA","TA","CBlock","TA","TA","Other","Rec",1056,"Unf",0,0,1056,"GasA","TA","Other","SBrkr",1056,0,0,1056,1,0,1,0,3,1,"TA",5,"Typ",0,"No fireplace","Attchd","Fin","2","TA","TA","Y",264,0,0,0,0,0,"No","No fence","None",0,1,2006,145000,0,2,51
"120","RL",60,8147,"Pave","No alley","Reg","Other","AllPub","Inside","Gtl","StoneBr","Norm","Norm","Other","1Story",9,5,2005,2005,"Other","CompShg","MetalSd","MetalSd","Other",230,"Other","TA","PConc","Other","TA","Other","GLQ",1191,"Unf",0,523,1714,"GasA","Ex","Y","SBrkr",1714,0,0,1714,1,0,2,0,2,1,"Other",7,"Typ",1,"Gd","Attchd","Fin","2","TA","TA","Y",156,55,0,0,0,0,"No","No fence","None",0,8,2006,318000,55,3,1
"20","RL",90,18261,"Pave","No alley","Other","Other","AllPub","Inside","Gtl","StoneBr","Norm","Norm","1Fam","1Story",9,5,2005,2005,"Other","CompShg","VinylSd","VinylSd","Other",420,"Other","TA","PConc","Other","TA","Other","GLQ",1416,"Unf",0,494,1910,"GasA","Ex","Y","SBrkr",2000,0,0,2000,1,0,2,1,3,1,"Other",8,"Typ",2,"Gd","Attchd","Unf","Other","TA","TA","Y",351,102,0,0,123,0,"No","No fence","None",0,9,2006,470000,225,3.5,1
"20","RL",91,14145,"Pave","No alley","Reg","Lvl","AllPub","Other","Gtl","NWAmes","Norm","Norm","1Fam","1Story",7,7,1984,1998,"Gable","CompShg","Wd Sdng","Wd Sdng","None",0,"Other","TA","CBlock","Gd","TA","Other","ALQ",213,"Unf",0,995,1208,"GasA","Ex","Y","SBrkr",1621,0,0,1621,1,0,2,0,3,1,"Other",8,"Typ",0,"No fireplace","Attchd","RFn","2","TA","TA","Y",108,45,0,0,0,0,"No","No fence","Other",400,5,2006,202500,45,3,8
"50","RL",0,13837,"Pave","No alley","Other","Lvl","AllPub","Other","Gtl","NWAmes","Norm","Norm","1Fam","Other",7,5,1988,1988,"Gable","CompShg","HdBoard","HdBoard","Other",178,"Other","Other","PConc","Gd","Other","No","GLQ",1002,"Other",202,0,1204,"GasA","Other","Y","SBrkr",1377,806,0,2183,0,0,2,1,4,1,"Other",9,"Typ",0,"No fireplace","Attchd","Unf","Other","TA","TA","Y",0,0,0,0,0,0,"No","No fence","None",0,2,2006,229000,0,2.5,18
"60","RL",0,16659,"Pave","No alley","Other","Lvl","AllPub","Other","Gtl","NWAmes","Other","Norm","1Fam","Other",7,7,1977,1994,"Gable","CompShg","Plywood","Plywood","Other",34,"TA","TA","CBlock","TA","TA","No","ALQ",795,"Unf",0,0,795,"GasA","Other","Y","SBrkr",1468,795,0,2263,1,0,2,1,3,1,"Other",9,"Typ",1,"TA","Attchd","Fin","2","TA","TA","Y",0,250,0,0,0,0,"No","No fence","None",0,3,2006,235000,250,3.5,12
"60","RL",0,18800,"Pave","No alley","Other","Lvl","AllPub","Other","Gtl","NWAmes","Norm","Norm","1Fam","Other",6,5,1976,1976,"Gable","CompShg","HdBoard","HdBoard","Other",120,"TA","TA","PConc","Gd","TA","Other","GLQ",712,"Unf",0,84,796,"GasA","TA","Y","SBrkr",790,784,0,1574,1,0,2,1,3,1,"TA",6,"Typ",1,"TA","Attchd","Fin","2","TA","TA","Y",306,111,0,0,0,0,"No","No fence","None",0,7,2006,190000,111,3.5,30
"85","RL",0,10464,"Pave","No alley","Other","Lvl","AllPub","Other","Gtl","NWAmes","Norm","Norm","1Fam","Other",6,6,1980,1980,"Gable","CompShg","HdBoard","HdBoard","Other",130,"TA","TA","CBlock","Gd","TA","Other","GLQ",850,"Unf",0,138,988,"GasA","TA","Y","SBrkr",1102,0,0,1102,1,0,1,0,2,1,"TA",5,"Typ",1,"TA","Attchd","RFn","2","TA","TA","Y",140,22,0,0,0,0,"No","No fence","None",0,6,2006,169000,22,2,26
"20","RL",80,10400,"Pave","No alley","Reg","Lvl","AllPub","Inside","Gtl","NWAmes","Norm","Norm","1Fam","1Story",7,5,1988,1988,"Gable","CompShg","Wd Sdng","Wd Sdng","Other",102,"TA","TA","CBlock","Gd","TA","Other","GLQ",929,"Unf",0,916,1845,"GasA","Other","Y","SBrkr",1872,0,0,1872,0,1,2,0,3,1,"TA",6,"Typ",1,"TA","Attchd","Fin","2","TA","TA","Y",197,39,0,0,0,0,"No","No fence","None",0,6,2006,241500,39,2.5,18
"60","RL",81,10530,"Pave","No alley","Reg","Lvl","AllPub","Inside","Gtl","NWAmes","Other","Norm","1Fam","Other",7,5,1978,1978,"Gable","CompShg","Plywood","Plywood","Other",68,"TA","TA","CBlock","TA","TA","No","Unf",0,"Unf",0,945,945,"GasA","TA","Y","SBrkr",945,912,0,1857,0,0,2,1,4,1,"TA",8,"Typ",1,"TA","Attchd","RFn","2","TA","TA","Y",400,105,0,0,0,0,"No","Other","None",0,7,2006,188900,105,2.5,28
"20","RL",79,10240,"Pave","No alley","Reg","Lvl","AllPub","Inside","Gtl","NWAmes","Norm","Norm","1Fam","1Story",6,6,1980,1980,"Gable","CompShg","Plywood","Plywood","Other",157,"TA","Other","CBlock","Gd","TA","No","BLQ",625,"Other",1061,0,1686,"GasA","TA","Y","SBrkr",1686,0,0,1686,1,0,2,0,3,1,"TA",7,"Typ",1,"TA","Attchd","Unf","2","TA","TA","Y",384,131,0,0,0,0,"No","No fence","None",0,5,2006,207500,131,3,26
"60","RL",80,16692,"Pave","No alley","Other","Lvl","AllPub","Inside","Gtl","NWAmes","Other","Norm","1Fam","Other",7,5,1978,1978,"Gable","CompShg","Plywood","Plywood","Other",184,"TA","TA","CBlock","Gd","TA","No","BLQ",790,"Other",469,133,1392,"GasA","TA","Y","SBrkr",1392,1392,0,2784,1,0,3,1,5,1,"Other",12,"Typ",2,"TA","Attchd","RFn","2","TA","TA","Y",0,112,0,0,440,519,"Other","Other","Other",2000,7,2006,250000,552,4.5,28
"60","RL",85,11475,"Pave","No alley","Reg","Lvl","AllPub","Inside","Gtl","NWAmes","Other","Norm","1Fam","Other",6,6,1975,1975,"Gable","CompShg","VinylSd","VinylSd","None",0,"TA","TA","CBlock","Gd","TA","No","ALQ",550,"Unf",0,163,713,"GasA","TA","Y","SBrkr",811,741,0,1552,1,0,2,1,3,1,"TA",6,"Typ",1,"TA","Attchd","RFn","2","TA","TA","Y",209,208,0,0,0,0,"No","Other","None",0,2,2006,179900,208,3.5,31
"85","RL",0,9927,"Pave","No alley","Other","Lvl","AllPub","Inside","Gtl","NWAmes","Norm","Norm","1Fam","Other",7,5,1976,1976,"Gable","CompShg","VinylSd","Wd Shng","Other",252,"Other","TA","CBlock","Other","TA","Other","GLQ",1005,"Unf",0,42,1047,"GasA","TA","Y","SBrkr",1083,0,0,1083,1,0,1,0,2,1,"TA",5,"Typ",1,"Other","Attchd","RFn","2","TA","TA","Y",444,0,40,0,0,0,"No","No fence","None",0,7,2006,172000,40,2,30
"80","RL",81,10530,"Pave","No alley","Reg","Lvl","AllPub","Inside","Gtl","NWAmes","Norm","Norm","1Fam","Other",6,6,1975,2000,"Gable","CompShg","Plywood","Plywood","Other",248,"TA","TA","CBlock","TA","Other","No","ALQ",548,"Unf",0,127,675,"GasA","TA","Y","SBrkr",1109,766,0,1875,0,0,3,0,3,1,"Other",8,"Typ",1,"TA","Attchd","RFn","2","TA","TA","Y",48,28,0,0,0,0,"No","No fence","None",0,6,2006,184500,28,3,6
"20","RL",78,10140,"Pave","No alley","Reg","Lvl","AllPub","Inside","Gtl","NWAmes","Norm","Norm","1Fam","1Story",5,6,1975,1975,"Gable","CompShg","HdBoard","HdBoard","None",0,"TA","TA","CBlock","Gd","TA","No","ALQ",788,"Unf",0,268,1056,"GasA","Ex","Y","SBrkr",1074,0,0,1074,1,0,1,1,3,1,"TA",6,"Typ",0,"No fireplace","Attchd","RFn","2","TA","TA","Y",0,88,0,0,0,0,"No","Other","None",0,7,2006,153500,88,2.5,31
"60","RL",78,10140,"Pave","No alley","Reg","Lvl","AllPub","Inside","Gtl","NWAmes","Norm","Norm","1Fam","Other",7,5,1976,1976,"Gable","CompShg","HdBoard","HdBoard","None",0,"TA","TA","PConc","Gd","TA","No","GLQ",194,"Unf",0,638,832,"GasA","TA","Y","SBrkr",832,832,0,1664,0,0,2,1,4,1,"TA",8,"Typ",1,"TA","Attchd","RFn","2","TA","TA","Y",0,28,0,0,259,0,"No","Other","None",0,3,2006,162900,287,2.5,30
"20","RL",78,10140,"Pave","No alley","Reg","Lvl","AllPub","Inside","Gtl","NWAmes","Norm","Norm","1Fam","1Story",6,6,1974,1999,"Other","CompShg","HdBoard","HdBoard","Other",99,"TA","TA","CBlock","TA","TA","No","ALQ",663,"Other",377,0,1040,"GasA","Other","Y","SBrkr",1309,0,0,1309,1,0,1,1,3,1,"Other",5,"Typ",1,"Other","Attchd","RFn","2","TA","TA","Y",265,0,0,0,0,648,"Other","Other","None",0,1,2006,181000,0,2.5,7
"20","RL",80,10000,"Pave","No alley","Reg","Lvl","AllPub","Inside","Gtl","NWAmes","Norm","Norm","1Fam","1Story",6,6,1974,1974,"Gable","CompShg","HdBoard","Plywood","Other",176,"TA","TA","CBlock","TA","TA","No","ALQ",755,"Unf",0,348,1103,"GasA","TA","Y","SBrkr",1103,0,0,1103,0,0,2,0,3,1,"TA",6,"Typ",0,"No fireplace","Attchd","Unf","2","TA","TA","Y",295,84,0,0,0,0,"No","Other","None",0,6,2006,155000,84,2,32
"20","RL",0,8125,"Pave","No alley","Other","Lvl","AllPub","Other","Gtl","NAmes","Norm","Norm","1Fam","1Story",4,4,1971,1971,"Gable","CompShg","HdBoard","HdBoard","None",0,"TA","TA","CBlock","TA","TA","No","BLQ",614,"Unf",0,244,858,"GasA","TA","Y","SBrkr",858,0,0,858,0,0,1,0,3,1,"TA",5,"Typ",0,"No fireplace","Other","Other","Other","Other","Other","Y",0,0,0,0,0,0,"No","No fence","None",0,6,2006,88000,0,1,35
"20","RL",60,7200,"Pave","No alley","Reg","Lvl","AllPub","Inside","Gtl","NAmes","Norm","Norm","1Fam","1Story",4,4,1971,1971,"Gable","CompShg","HdBoard","HdBoard","None",0,"TA","TA","CBlock","TA","TA","No","Rec",20,"Other",620,224,864,"GasA","TA","Y","SBrkr",874,0,0,874,0,1,1,0,3,1,"TA",5,"Typ",0,"No fireplace","Other","Unf","2","TA","TA","Y",63,0,0,0,0,0,"No","No fence","None",0,3,2006,97500,0,1.5,35
"120","Other",26,8773,"Pave","No alley","Other","Lvl","AllPub","Other","Gtl","NAmes","Norm","Norm","Other","1Story",6,5,2002,2002,"Gable","CompShg","MetalSd","MetalSd","None",0,"Other","TA","PConc","Gd","TA","No","GLQ",951,"Unf",0,536,1487,"GasA","Ex","Y","SBrkr",1419,0,0,1419,1,0,2,0,2,1,"Other",4,"Typ",0,"No fireplace","Attchd","Fin","2","TA","TA","Y",196,68,0,0,0,0,"No","No fence","None",0,9,2006,190000,68,3,4
"160","Other",24,2760,"Pave","No alley","Reg","Lvl","AllPub","Inside","Gtl","BrDale","Norm","Norm","Other","Other",6,5,1973,1973,"Gable","CompShg","HdBoard","HdBoard","Other",514,"TA","TA","CBlock","TA","TA","No","Unf",0,"Unf",0,525,525,"GasA","TA","Y","SBrkr",525,567,0,1092,0,0,1,1,3,1,"TA",6,"Typ",0,"No fireplace","Other","Unf","2","TA","TA","Y",0,0,0,0,0,0,"No","No fence","None",0,12,2006,105500,0,1.5,33
"160","Other",24,2160,"Pave","No alley","Reg","Lvl","AllPub","Inside","Gtl","BrDale","Norm","Norm","Other","Other",5,6,1973,1973,"Gable","CompShg","HdBoard","HdBoard","Other",200,"TA","TA","CBlock","TA","TA","No","Other",402,"Unf",0,363,765,"GasA","Other","Y","SBrkr",765,600,0,1365,0,0,1,1,3,1,"Other",7,"Other",1,"Other","Attchd","Unf","2","TA","TA","Y",0,36,0,0,0,0,"No","No fence","None",0,6,2006,125500,36,1.5,33
"160","Other",21,1953,"Pave","No alley","Reg","Lvl","AllPub","Inside","Gtl","BrDale","Norm","Norm","Other","Other",6,5,1973,1973,"Gable","CompShg","HdBoard","HdBoard","Other",408,"TA","TA","CBlock","TA","Other","No","BLQ",309,"Unf",0,174,483,"GasA","TA","Y","SBrkr",483,504,0,987,0,0,1,1,2,1,"TA",5,"Typ",0,"No fireplace","Other","Unf","Other","TA","TA","Y",72,0,0,0,0,0,"No","No fence","None",0,6,2006,83000,0,1.5,33
"160","Other",21,1890,"Pave","No alley","Reg","Lvl","AllPub","Inside","Gtl","BrDale","Norm","Norm","Other","Other",6,7,1972,1972,"Gable","CompShg","HdBoard","HdBoard","Other",380,"TA","TA","CBlock","TA","TA","No","ALQ",282,"Unf",0,212,494,"GasA","Ex","Y","SBrkr",494,536,0,1030,0,0,1,1,3,1,"TA",6,"Typ",0,"No fireplace","Other","Unf","Other","TA","TA","Y",0,0,0,0,0,0,"No","No fence","None",0,7,2006,116000,0,1.5,34
"160","Other",21,1680,"Pave","No alley","Reg","Lvl","AllPub","Inside","Gtl","BrDale","Norm","Norm","Other","Other",6,7,1972,1972,"Gable","CompShg","HdBoard","HdBoard","Other",281,"TA","TA","CBlock","TA","TA","No","BLQ",317,"Unf",0,355,672,"GasA","Other","Y","SBrkr",672,546,0,1218,0,1,1,1,3,1,"TA",7,"Typ",0,"No fireplace","Other","Unf","Other","TA","TA","Y",0,28,0,0,0,0,"No","No fence","None",0,5,2006,118000,28,2,34
"160","Other",21,1680,"Pave","No alley","Reg","Lvl","AllPub","Inside","Gtl","BrDale","Norm","Norm","Other","Other",6,5,1972,1972,"Gable","CompShg","HdBoard","HdBoard","Other",504,"TA","TA","CBlock","TA","TA","No","ALQ",276,"Unf",0,207,483,"GasA","TA","Y","SBrkr",483,465,0,948,0,0,1,1,2,1,"TA",5,"Typ",0,"No fireplace","Other","Unf","Other","TA","TA","Y",0,0,0,0,0,0,"No","No fence","None",0,7,2006,89000,0,1.5,34
"160","Other",21,1680,"Pave","No alley","Reg","Lvl","AllPub","Inside","Gtl","BrDale","Norm","Norm","Other","Other",6,5,1972,1972,"Gable","CompShg","HdBoard","HdBoard","Other",504,"TA","TA","CBlock","TA","TA","No","BLQ",382,"Unf",0,143,525,"GasA","Other","Y","SBrkr",525,567,0,1092,0,0,1,1,3,1,"TA",6,"Typ",0,"No fireplace","Other","Unf","Other","TA","TA","Y",352,0,0,0,0,0,"No","Other","None",0,10,2006,108000,0,1.5,34
"160","Other",21,1680,"Pave","No alley","Reg","Lvl","AllPub","Inside","Gtl","BrDale","Norm","Norm","Other","Other",6,5,1972,1972,"Gable","CompShg","HdBoard","HdBoard","Other",297,"TA","TA","CBlock","TA","TA","No","Unf",0,"Unf",0,483,483,"GasA","TA","Y","SBrkr",483,504,0,987,0,0,1,1,2,1,"TA",5,"Typ",1,"Other","Attchd","Unf","Other","TA","TA","Y",0,0,0,0,0,0,"No","No fence","None",0,6,2006,94500,0,1.5,34
"120","RL",53,4043,"Pave","No alley","Reg","Lvl","AllPub","Inside","Gtl","NPkVill","Norm","Norm","Other","1Story",6,5,1975,1975,"Gable","CompShg","Plywood","Plywood","None",0,"TA","TA","CBlock","Gd","TA","No","ALQ",727,"Other",156,186,1069,"GasA","Other","Y","SBrkr",1069,0,0,1069,0,1,2,0,2,1,"TA",4,"Typ",1,"Other","Attchd","RFn","2","TA","TA","Y",0,55,0,0,225,0,"No","No fence","None",0,7,2006,146300,280,2.5,31
"20","RL",65,7514,"Pave","No alley","Reg","Lvl","AllPub","Inside","Gtl","NAmes","Norm","Norm","1Fam","1Story",5,7,1967,1975,"Other","CompShg","MetalSd","MetalSd","None",0,"TA","TA","CBlock","TA","TA","Other","ALQ",373,"Other",108,462,943,"GasA","TA","Y","SBrkr",1387,0,0,1387,1,0,1,0,3,1,"TA",6,"Typ",1,"TA","Attchd","RFn","Other","TA","TA","Y",0,0,240,0,0,0,"No","No fence","None",0,9,2006,145000,240,2,31
"85","RL",68,7838,"Pave","No alley","Reg","Lvl","AllPub","Inside","Gtl","NAmes","Norm","Norm","1Fam","Other",5,5,1967,1967,"Gable","CompShg","HdBoard","HdBoard","None",0,"TA","TA","CBlock","TA","TA","Other","ALQ",769,"Unf",0,95,864,"GasA","TA","Y","SBrkr",900,0,0,900,1,0,1,0,3,1,"TA",6,"Typ",1,"Other","Attchd","RFn","Other","TA","TA","Y",175,144,0,0,0,0,"No","Other","None",0,12,2006,123000,144,2,39
"120","RL",24,2280,"Pave","No alley","Reg","Lvl","AllPub","Other","Gtl","NPkVill","Norm","Norm","Other","1Story",7,7,1976,1976,"Gable","CompShg","Plywood","Brk Cmn","None",0,"TA","TA","CBlock","TA","TA","No","ALQ",120,"Other",492,443,1055,"GasA","TA","Y","SBrkr",1055,0,0,1055,1,0,2,0,2,1,"TA",4,"Typ",0,"No fireplace","Attchd","Unf","Other","TA","TA","Y",0,29,0,0,0,0,"No","No fence","None",0,4,2006,137500,29,3,30
"160","RL",24,2179,"Pave","No alley","Reg","Lvl","AllPub","Inside","Gtl","NPkVill","Norm","Norm","Other","Other",6,5,1976,1976,"Gable","CompShg","Plywood","Brk Cmn","None",0,"TA","TA","CBlock","Gd","TA","No","ALQ",70,"Unf",0,785,855,"GasA","Other","Y","SBrkr",855,601,0,1456,0,0,2,1,3,1,"TA",6,"Typ",1,"TA","Attchd","RFn","2","TA","TA","Y",0,28,0,0,0,0,"No","No fence","None",0,7,2006,144000,28,2.5,30
"20","RL",129,16737,"Pave","No alley","Reg","Lvl","AllPub","Other","Gtl","NridgHt","Norm","Norm","1Fam","1Story",9,5,2004,2005,"Other","CompShg","VinylSd","VinylSd","Other",66,"Other","TA","PConc","Other","TA","Other","GLQ",1447,"Unf",0,533,1980,"GasA","Ex","Y","SBrkr",1980,0,0,1980,1,0,2,0,3,1,"Other",8,"Typ",1,"Gd","Attchd","Fin","Other","TA","TA","Y",194,45,0,0,0,0,"No","No fence","None",0,9,2006,315000,45,3,1
"20","RL",110,16163,"Pave","No alley","Reg","Lvl","AllPub","Other","Gtl","NridgHt","Norm","Norm","1Fam","1Story",8,5,2004,2004,"Gable","CompShg","VinylSd","VinylSd","Other",232,"Other","TA","PConc","Gd","TA","Other","Unf",0,"Unf",0,1618,1618,"GasA","Ex","Y","SBrkr",1618,0,0,1618,0,0,2,0,2,1,"Other",6,"Typ",1,"Gd","Attchd","Fin","Other","TA","TA","Y",0,0,0,0,0,0,"No","No fence","None",0,7,2006,252000,0,2,2
"20","RL",120,14780,"Pave","No alley","Other","Other","AllPub","Other","Other","NridgHt","Norm","Norm","1Fam","1Story",9,5,2005,2005,"Other","CompShg","VinylSd","VinylSd","Other",568,"Other","TA","PConc","Other","TA","Other","GLQ",1505,"Unf",0,363,1868,"GasA","Ex","Y","SBrkr",1868,0,0,1868,1,0,2,0,2,1,"Other",7,"Typ",1,"Gd","Attchd","Fin","Other","TA","TA","Y",354,56,0,0,156,0,"No","No fence","None",0,6,2006,415000,212,3,1
"20","RL",98,16033,"Pave","No alley","Other","Lvl","AllPub","Other","Gtl","NridgHt","Norm","Norm","1Fam","1Story",9,5,2004,2005,"Other","CompShg","VinylSd","VinylSd","Other",378,"Other","TA","PConc","Other","TA","Other","GLQ",1261,"Unf",0,572,1833,"GasA","Ex","Y","SBrkr",1850,0,0,1850,1,0,2,0,3,1,"Other",8,"Typ",1,"Gd","Attchd","Fin","Other","TA","TA","Y",519,112,0,0,0,0,"No","No fence","None",0,3,2006,326000,112,3,1
"60","RL",108,13418,"Pave","No alley","Reg","Lvl","AllPub","Inside","Gtl","NridgHt","Norm","Norm","1Fam","Other",8,5,2004,2005,"Gable","CompShg","VinylSd","VinylSd","Other",132,"Other","TA","PConc","Other","TA","Other","Unf",0,"Unf",0,1117,1117,"GasA","Ex","Y","SBrkr",1132,1320,0,2452,0,0,3,1,4,1,"Other",9,"Typ",1,"Gd","Other","Fin","Other","TA","TA","Y",113,32,0,0,0,0,"No","No fence","None",0,9,2006,309000,32,3.5,1
"60","RL",80,10240,"Pave","No alley","Reg","Lvl","AllPub","Inside","Gtl","NridgHt","Norm","Norm","1Fam","Other",8,5,2005,2005,"Gable","CompShg","VinylSd","VinylSd","Other",178,"Other","TA","PConc","Gd","TA","Other","Unf",0,"Unf",0,1030,1030,"GasA","Other","Y","SBrkr",1038,1060,0,2098,0,0,2,1,3,1,"Other",8,"Typ",1,"Gd","Attchd","RFn","Other","TA","TA","Y",192,52,0,0,0,0,"No","No fence","None",0,3,2006,275500,52,2.5,1
"20","RL",90,12378,"Pave","No alley","Other","Lvl","AllPub","Inside","Gtl","NridgHt","Norm","Norm","1Fam","1Story",9,5,2003,2004,"Gable","CompShg","VinylSd","VinylSd","None",0,"Other","TA","PConc","Other","TA","Other","GLQ",1274,"Unf",0,622,1896,"GasA","Ex","Y","SBrkr",1944,0,0,1944,1,0,2,0,3,1,"Other",8,"Typ",3,"Other","Attchd","Fin","Other","TA","TA","Y",208,175,0,0,0,0,"No","No fence","None",0,11,2006,360000,175,3,2
"20","RL",131,14828,"Pave","No alley","Other","Lvl","AllPub","Other","Gtl","NridgHt","Norm","Norm","1Fam","1Story",9,5,2004,2005,"Other","CompShg","MetalSd","MetalSd","Other",674,"Other","TA","PConc","Other","TA","Other","GLQ",1383,"Unf",0,397,1780,"GasA","Ex","Y","SBrkr",1780,0,0,1780,1,0,2,0,2,1,"Other",7,"Typ",1,"Gd","Attchd","Fin","Other","TA","TA","Y",144,68,0,0,0,0,"No","No fence","None",0,8,2006,378000,68,3,1
"20","RL",72,11846,"Pave","No alley","Other","Other","AllPub","Inside","Gtl","NridgHt","Norm","Norm","1Fam","1Story",9,5,2003,2004,"Other","CompShg","VinylSd","VinylSd","Other",562,"Other","TA","PConc","Other","TA","Other","GLQ",1567,"Unf",0,225,1792,"GasA","Ex","Y","SBrkr",1792,0,0,1792,1,0,2,0,2,1,"Other",6,"Typ",1,"Gd","Attchd","Fin","Other","TA","TA","Y",206,49,0,0,0,0,"No","No fence","None",0,8,2006,374000,49,3,2
"60","RL",74,10927,"Pave","No alley","Reg","Lvl","AllPub","Inside","Gtl","NridgHt","Norm","Norm","1Fam","Other",8,5,2005,2005,"Gable","CompShg","VinylSd","VinylSd","Other",280,"Other","TA","PConc","Gd","TA","Other","GLQ",546,"Unf",0,512,1058,"GasA","Ex","Y","SBrkr",1058,846,0,1904,1,0,2,1,3,1,"Other",8,"Typ",1,"Gd","Other","Fin","2","TA","TA","Y",179,60,0,0,0,0,"No","No fence","None",0,6,2006,275000,60,3.5,1
"60","RL",0,13215,"Pave","No alley","Other","Lvl","AllPub","Other","Gtl","NridgHt","Norm","Norm","1Fam","Other",8,5,2004,2004,"Gable","CompShg","VinylSd","VinylSd","Other",112,"Other","TA","PConc","Gd","TA","No","GLQ",994,"Unf",0,426,1420,"GasA","Ex","Y","SBrkr",1426,488,0,1914,1,0,2,1,3,1,"Other",9,"Typ",1,"TA","Other","RFn","Other","TA","TA","Y",168,127,0,0,0,0,"No","No fence","None",0,2,2006,279000,127,3.5,2
"120","RL",43,7052,"Pave","No alley","Other","Lvl","AllPub","Inside","Gtl","NridgHt","Norm","Norm","Other","1Story",7,5,2005,2005,"Gable","CompShg","VinylSd","VinylSd","Other",240,"Other","TA","PConc","Gd","TA","Other","GLQ",659,"Unf",0,705,1364,"GasA","Ex","Y","SBrkr",1364,0,0,1364,1,0,2,0,2,1,"Other",6,"Typ",1,"Gd","Attchd","RFn","2","TA","TA","Y",192,36,0,0,0,0,"No","No fence","None",0,6,2006,185850,36,3,1
"120","RL",48,5911,"Pave","No alley","Reg","Lvl","AllPub","Inside","Gtl","NridgHt","Norm","Norm","Other","1Story",9,5,2005,2005,"Other","CompShg","MetalSd","MetalSd","Other",278,"Other","TA","PConc","Other","TA","No","GLQ",472,"Unf",0,1088,1560,"GasA","Ex","Y","SBrkr",1565,0,0,1565,1,0,2,0,2,1,"Other",6,"Typ",1,"Gd","Attchd","RFn","2","TA","TA","Y",196,56,0,0,0,0,"No","No fence","None",0,3,2006,282500,56,3,1
"120","RL",0,3136,"Pave","No alley","Other","Lvl","AllPub","Other","Gtl","NridgHt","Norm","Norm","Other","1Story",7,5,2003,2003,"Gable","CompShg","VinylSd","Wd Shng","Other",163,"Other","TA","PConc","Gd","TA","No","Unf",0,"Unf",0,1405,1405,"GasA","Ex","Y","SBrkr",1405,0,0,1405,0,0,2,0,2,1,"Other",6,"Typ",1,"Gd","Attchd","RFn","2","TA","TA","Y",148,36,0,0,0,0,"No","No fence","None",0,3,2006,171750,36,2,3
"120","RL",0,3196,"Pave","No alley","Reg","Lvl","AllPub","Inside","Gtl","Other","Norm","Norm","Other","1Story",7,5,2003,2004,"Gable","CompShg","VinylSd","VinylSd","Other",18,"Other","TA","PConc","Gd","TA","Other","Unf",0,"Unf",0,1374,1374,"GasA","Ex","Y","SBrkr",1557,0,0,1557,0,0,2,0,2,1,"Other",7,"Typ",1,"TA","Attchd","Fin","2","TA","TA","Y",143,20,0,0,0,0,"No","No fence","None",0,10,2006,234000,20,2,2
"120","RL",0,3196,"Pave","No alley","Reg","Lvl","AllPub","Inside","Gtl","Other","Norm","Norm","Other","1Story",8,5,2003,2003,"Gable","CompShg","VinylSd","VinylSd","Other",40,"Other","TA","PConc","Gd","TA","Other","Unf",0,"Unf",0,1273,1273,"GasA","Ex","Y","SBrkr",1456,0,0,1456,0,0,2,0,2,1,"Other",7,"Typ",1,"TA","Attchd","Fin","2","TA","TA","Y",143,20,0,0,0,0,"No","No fence","None",0,5,2006,215000,20,2,3
"120","RL",0,2938,"Pave","No alley","Reg","Lvl","AllPub","Inside","Gtl","Other","Norm","Norm","Other","1Story",7,5,2002,2002,"Gable","CompShg","VinylSd","VinylSd","Other",40,"Other","TA","PConc","Gd","TA","Other","GLQ",1038,"Unf",0,330,1368,"GasA","Ex","Y","SBrkr",1511,0,0,1511,1,0,2,0,2,1,"Other",5,"Typ",1,"TA","Attchd","Fin","2","TA","TA","Y",130,30,0,0,0,0,"No","No fence","None",0,5,2006,246990,30,3,4
"120","Other",0,3072,"Pave","No alley","Reg","Lvl","AllPub","Inside","Gtl","Other","Norm","Norm","Other","1Story",7,5,2004,2004,"Other","CompShg","VinylSd","VinylSd","Other",18,"Other","TA","PConc","Gd","TA","No","Unf",0,"Unf",0,1375,1375,"GasA","Ex","Y","SBrkr",1414,0,0,1414,0,0,2,0,2,1,"Other",6,"Typ",1,"TA","Attchd","Fin","2","TA","TA","Y",144,20,0,0,0,0,"No","No fence","None",0,5,2006,178740,20,2,2
"120","Other",0,3072,"Pave","No alley","Reg","Lvl","AllPub","Inside","Gtl","Other","Norm","Norm","Other","1Story",7,5,2004,2004,"Other","CompShg","VinylSd","VinylSd","Other",18,"Other","TA","PConc","Gd","TA","No","GLQ",1059,"Unf",0,306,1365,"GasA","Ex","Y","SBrkr",1548,0,0,1548,1,0,2,0,2,1,"Other",7,"Typ",1,"TA","Attchd","Fin","2","TA","TA","Y",143,20,0,0,0,0,"No","No fence","None",0,9,2006,225000,20,3,2
"120","RL",43,3013,"Pave","No alley","Reg","Lvl","AllPub","Inside","Gtl","Other","Norm","Norm","Other","1Story",7,5,2005,2005,"Gable","CompShg","VinylSd","VinylSd","Other",145,"Other","TA","PConc","Gd","TA","Other","GLQ",16,"Unf",0,1346,1362,"GasA","Ex","Y","SBrkr",1506,0,0,1506,0,0,2,0,2,1,"Other",6,"Typ",1,"Gd","Attchd","Fin","2","TA","TA","Y",142,20,0,0,0,0,"No","No fence","None",0,4,2006,213490,20,2,1
"60","RL",60,21930,"Pave","No alley","Other","Lvl","AllPub","Inside","Gtl","Gilbert","Other","Norm","1Fam","Other",5,5,2005,2005,"Gable","CompShg","VinylSd","VinylSd","None",0,"Other","TA","PConc","Gd","Other","Other","Unf",0,"Unf",0,732,732,"GasA","Ex","Y","SBrkr",734,1104,0,1838,0,0,2,1,4,1,"TA",7,"Typ",1,"Gd","Other","Fin","2","TA","TA","Y",100,40,0,0,0,0,"No","No fence","None",0,7,2006,192140,40,2.5,1
"60","RL",0,7861,"Pave","No alley","Other","Lvl","AllPub","Inside","Gtl","Gilbert","Norm","Norm","1Fam","Other",6,5,2002,2003,"Gable","CompShg","VinylSd","VinylSd","None",0,"Other","TA","PConc","Gd","TA","No","GLQ",457,"Unf",0,326,783,"GasA","Ex","Y","SBrkr",807,702,0,1509,1,0,2,1,3,1,"Other",7,"Typ",1,"Gd","Attchd","Fin","2","TA","TA","Y",100,75,0,0,0,0,"No","No fence","None",0,6,2006,183200,75,3.5,3
"60","RL",74,9056,"Pave","No alley","Other","Lvl","AllPub","Inside","Gtl","Gilbert","Norm","Norm","1Fam","Other",8,5,2004,2004,"Gable","CompShg","VinylSd","VinylSd","None",0,"Other","TA","PConc","Other","Other","Other","Unf",0,"Unf",0,707,707,"GasA","Ex","Y","SBrkr",707,707,0,1414,0,0,2,1,3,1,"Other",6,"Typ",1,"Gd","Attchd","Fin","2","TA","TA","Y",100,35,0,0,0,0,"No","No fence","None",0,10,2006,178000,35,2.5,2
"60","RL",59,9171,"Pave","No alley","Other","Lvl","AllPub","Inside","Gtl","Gilbert","Norm","Norm","1Fam","Other",7,5,2004,2005,"Gable","CompShg","VinylSd","VinylSd","None",0,"Other","TA","PConc","Gd","TA","Other","Unf",0,"Unf",0,848,848,"GasA","Ex","Y","SBrkr",848,750,0,1598,0,0,2,1,3,1,"Other",7,"Typ",1,"Gd","Attchd","Fin","2","TA","TA","Y",100,48,0,0,0,0,"No","No fence","None",0,7,2006,201490,48,2.5,1
"60","RL",106,11194,"Pave","No alley","Other","Lvl","AllPub","Other","Gtl","Gilbert","Norm","Norm","1Fam","Other",8,5,2000,2000,"Gable","CompShg","VinylSd","VinylSd","Other",40,"Other","TA","PConc","Gd","TA","No","Unf",0,"Unf",0,1406,1406,"GasA","Ex","Y","SBrkr",1454,482,0,1936,0,0,2,1,3,1,"Other",7,"Typ",1,"TA","Attchd","RFn","2","TA","TA","Y",188,124,0,0,0,0,"No","No fence","None",0,11,2006,230500,124,2.5,6
"60","RL",63,7875,"Pave","No alley","Reg","Lvl","AllPub","Inside","Gtl","Gilbert","Norm","Norm","1Fam","Other",7,5,2003,2003,"Gable","CompShg","VinylSd","VinylSd","None",0,"Other","TA","PConc","Gd","TA","No","Unf",0,"Unf",0,783,783,"GasA","Ex","Y","SBrkr",807,702,0,1509,0,0,2,1,3,1,"Other",8,"Typ",1,"Gd","Attchd","Fin","2","TA","TA","Y",0,75,0,0,0,0,"No","No fence","None",0,7,2006,180000,75,2.5,3
"60","RL",0,8121,"Pave","No alley","Other","Lvl","AllPub","Inside","Gtl","Gilbert","Norm","Norm","1Fam","Other",6,5,2000,2000,"Gable","CompShg","VinylSd","VinylSd","None",0,"TA","TA","PConc","Gd","TA","No","Unf",0,"Unf",0,953,953,"GasA","Ex","Y","SBrkr",953,711,0,1664,0,0,2,1,3,1,"TA",7,"Typ",1,"TA","Attchd","RFn","2","TA","TA","Y",100,40,0,0,0,0,"No","No fence","None",0,1,2006,172400,40,2.5,6
"60","RL",0,8658,"Pave","No alley","Other","Lvl","AllPub","Inside","Gtl","Gilbert","Norm","Norm","1Fam","Other",6,5,2000,2000,"Gable","CompShg","VinylSd","VinylSd","None",0,"TA","TA","PConc","Gd","TA","No","ALQ",732,"Unf",0,250,982,"GasA","Ex","Y","SBrkr",1008,881,0,1889,0,0,2,1,3,1,"TA",9,"Typ",1,"TA","Attchd","Fin","2","TA","TA","Y",0,0,0,0,0,0,"No","No fence","None",0,4,2006,215000,0,2.5,6
"60","RL",0,11214,"Pave","No alley","Other","Lvl","AllPub","Other","Gtl","Gilbert","Norm","Norm","1Fam","Other",7,5,1998,1999,"Gable","CompShg","VinylSd","VinylSd","None",0,"Other","TA","PConc","Gd","TA","No","Unf",0,"Unf",0,930,930,"GasA","Other","Y","SBrkr",956,930,0,1886,0,0,2,1,4,1,"Other",10,"Typ",1,"TA","Attchd","Fin","2","TA","TA","Y",89,0,0,0,0,0,"No","No fence","None",0,7,2006,199900,0,2.5,7
"60","RL",58,10852,"Pave","No alley","Other","Lvl","AllPub","Inside","Gtl","Gilbert","Other","Norm","1Fam","Other",6,5,2000,2000,"Gable","CompShg","VinylSd","VinylSd","None",0,"TA","TA","PConc","Gd","TA","No","GLQ",786,"Unf",0,173,959,"GasA","Ex","Y","SBrkr",959,712,0,1671,1,0,2,1,3,1,"TA",7,"Typ",1,"TA","Attchd","Fin","2","TA","TA","Y",0,38,0,0,0,0,"No","No fence","None",0,2,2006,173000,38,3.5,6
"60","RL",66,8738,"Pave","No alley","Other","Lvl","AllPub","Inside","Gtl","Gilbert","Norm","Norm","1Fam","Other",7,5,1999,1999,"Gable","CompShg","VinylSd","VinylSd","Other",302,"Other","TA","PConc","Gd","TA","No","Unf",0,"Unf",0,975,975,"GasA","Ex","Y","SBrkr",1005,1286,0,2291,0,0,2,1,4,1,"Other",8,"Typ",1,"TA","Other","Fin","2","TA","TA","Y",192,0,0,0,0,0,"No","No fence","None",0,2,2006,230000,0,2.5,7
"60","RL",82,9452,"Pave","No alley","Reg","Lvl","AllPub","Inside","Gtl","NoRidge","Norm","Norm","1Fam","Other",8,5,1997,1998,"Gable","CompShg","VinylSd","VinylSd","Other",423,"Other","TA","PConc","Gd","TA","No","GLQ",1074,"Unf",0,322,1396,"GasA","Ex","Y","SBrkr",1407,985,0,2392,1,0,2,1,3,1,"Other",7,"Typ",1,"TA","Attchd","Fin","Other","TA","TA","Y",0,70,0,0,0,0,"No","No fence","None",0,6,2006,348000,70,3.5,8
"60","RL",84,9660,"Pave","No alley","Other","Lvl","AllPub","Inside","Gtl","NoRidge","Norm","Norm","1Fam","Other",8,5,1998,1998,"Gable","CompShg","VinylSd","VinylSd","Other",242,"Other","TA","PConc","Gd","TA","No","GLQ",791,"Unf",0,253,1044,"GasA","Ex","Y","SBrkr",1079,897,0,1976,1,0,2,1,3,1,"Other",7,"Typ",1,"Other","Attchd","Fin","Other","TA","TA","Y",210,31,0,0,0,0,"No","No fence","None",0,2,2006,286000,31,3.5,8
"60","RL",83,9545,"Pave","No alley","Reg","Lvl","AllPub","Other","Gtl","NoRidge","Norm","Norm","1Fam","Other",8,5,2000,2000,"Gable","CompShg","VinylSd","VinylSd","Other",322,"Other","TA","PConc","Gd","TA","Other","GLQ",505,"Unf",0,655,1160,"GasA","Ex","Y","SBrkr",1205,1029,0,2234,1,0,2,1,3,1,"Other",7,"Typ",1,"TA","Other","RFn","Other","TA","TA","Y",0,50,0,0,0,0,"No","No fence","None",0,6,2006,300000,50,3.5,6
"60","RL",118,35760,"Pave","No alley","Other","Lvl","AllPub","Other","Gtl","NoRidge","Norm","Norm","1Fam","Other",10,5,1995,1996,"Other","CompShg","HdBoard","HdBoard","Other",1378,"Other","Other","PConc","Other","TA","Other","GLQ",1387,"Unf",0,543,1930,"GasA","Ex","Y","SBrkr",1831,1796,0,3627,1,0,3,1,4,1,"Other",10,"Typ",1,"TA","Attchd","Fin","Other","TA","TA","Y",361,76,0,0,0,0,"No","No fence","None",0,7,2006,625000,76,4.5,10
"60","RL",0,9233,"Pave","No alley","Other","Lvl","AllPub","Inside","Gtl","NoRidge","Norm","Norm","1Fam","Other",9,5,2000,2000,"Gable","CompShg","VinylSd","VinylSd","Other",877,"Other","TA","PConc","Other","TA","Other","GLQ",1182,"Unf",0,358,1540,"GasA","Ex","Y","SBrkr",1540,1315,0,2855,1,0,2,1,4,1,"Other",9,"Typ",1,"TA","Attchd","RFn","Other","TA","TA","Y",247,55,0,0,0,0,"No","No fence","None",0,3,2006,405000,55,3.5,6
"60","RL",78,12011,"Pave","No alley","Other","Lvl","AllPub","Other","Gtl","NoRidge","Norm","Norm","1Fam","Other",8,5,1998,1998,"Gable","CompShg","VinylSd","VinylSd","Other",530,"Other","TA","PConc","Gd","TA","Other","GLQ",956,"Unf",0,130,1086,"GasA","Ex","Y","SBrkr",1086,838,0,1924,1,0,2,1,3,1,"Other",7,"Typ",1,"TA","Attchd","RFn","2","TA","TA","Y",208,75,0,0,374,0,"No","No fence","None",0,6,2006,280000,449,3.5,8
"60","RL",83,10019,"Pave","No alley","Other","Lvl","AllPub","Inside","Gtl","NoRidge","Norm","Norm","1Fam","Other",8,5,1995,1995,"Other","CompShg","VinylSd","VinylSd","Other",397,"Other","TA","PConc","Gd","TA","No","ALQ",527,"Unf",0,815,1342,"GasA","Ex","Y","SBrkr",1358,1368,0,2726,0,0,2,1,4,1,"Other",9,"Typ",1,"Other","Attchd","RFn","Other","TA","TA","Y",307,169,168,0,0,0,"No","No fence","None",0,6,2006,350000,337,2.5,11
"60","RL",114,17242,"Pave","No alley","Other","Lvl","AllPub","Inside","Gtl","NoRidge","Norm","Norm","1Fam","Other",9,5,1993,1994,"Other","CompShg","MetalSd","MetalSd","Other",738,"Other","Other","PConc","Other","TA","Other","Rec",292,"Other",1393,48,1733,"GasA","Ex","Y","SBrkr",1933,1567,0,3500,1,0,3,1,4,1,"Other",11,"Typ",1,"TA","Attchd","RFn","Other","TA","TA","Y",870,86,0,0,210,0,"No","No fence","None",0,5,2006,584500,296,4.5,12
"60","RL",0,10236,"Pave","No alley","Other","Lvl","AllPub","Inside","Gtl","NoRidge","Norm","Norm","1Fam","Other",8,5,1994,1995,"Gable","CompShg","VinylSd","VinylSd","Other",501,"Other","TA","PConc","Gd","TA","Other","GLQ",380,"Other",168,742,1290,"GasA","Ex","Y","SBrkr",1305,1189,0,2494,1,0,2,1,4,1,"Other",9,"Typ",1,"TA","Attchd","Fin","Other","TA","TA","Y",200,95,0,0,0,0,"No","Other","None",0,6,2006,321000,95,3.5,11
"60","RL",92,10120,"Pave","No alley","Reg","Lvl","AllPub","Inside","Gtl","NoRidge","Norm","Norm","1Fam","Other",8,5,1994,1994,"Other","CompShg","VinylSd","VinylSd","Other",391,"Other","TA","PConc","Gd","TA","No","GLQ",740,"Unf",0,425,1165,"GasA","Ex","Y","SBrkr",1203,1323,0,2526,1,0,2,1,4,1,"Other",8,"Typ",1,"TA","Attchd","RFn","Other","TA","TA","Y",309,78,0,0,0,0,"No","No fence","None",0,12,2006,290000,78,3.5,12
"60","RL",0,12585,"Pave","No alley","Other","Lvl","AllPub","Inside","Gtl","NoRidge","Norm","Norm","1Fam","Other",8,5,1993,1993,"Gable","CompShg","HdBoard","ImStucc","Other",420,"Other","TA","PConc","Gd","TA","No","Other",247,"Other",1039,0,1286,"GasA","Ex","Y","SBrkr",1565,1234,0,2799,1,0,2,1,3,1,"Other",8,"Typ",1,"TA","Attchd","Fin","Other","TA","TA","Y",432,136,0,0,0,0,"No","No fence","None",0,10,2006,315000,136,3.5,13
"20","RL",73,8688,"Pave","No alley","Reg","Lvl","AllPub","Inside","Gtl","Somerst","Norm","Norm","1Fam","1Story",7,5,2005,2005,"Gable","CompShg","VinylSd","VinylSd","Other",228,"Other","TA","PConc","Gd","TA","Other","Unf",0,"Unf",0,1616,1616,"GasA","Ex","Y","SBrkr",1616,0,0,1616,0,0,2,0,3,1,"Other",7,"Typ",0,"No fireplace","Attchd","RFn","Other","TA","TA","Y",208,59,0,0,0,0,"No","No fence","None",0,4,2006,232000,59,2,1
"20","RL",74,7733,"Pave","No alley","Other","Lvl","AllPub","Inside","Gtl","SawyerW","Norm","Norm","1Fam","1Story",6,5,2005,2005,"Gable","CompShg","VinylSd","VinylSd","None",0,"TA","TA","PConc","TA","TA","Other","GLQ",24,"Unf",0,1118,1142,"GasA","Ex","Y","SBrkr",1142,0,0,1142,0,0,1,1,3,1,"Other",5,"Typ",0,"No fireplace","Other","Other","Other","Other","Other","Y",4,50,0,0,0,0,"No","No fence","None",0,1,2006,139500,50,1.5,1
"60","RL",65,7800,"Pave","No alley","Reg","Lvl","AllPub","Inside","Gtl","SawyerW","Norm","Norm","1Fam","Other",7,5,2005,2005,"Gable","CompShg","VinylSd","VinylSd","Other",172,"Other","TA","PConc","Gd","TA","No","Unf",0,"Unf",0,891,891,"GasA","Ex","Y","SBrkr",891,795,0,1686,0,0,2,1,3,1,"Other",8,"Typ",0,"No fireplace","Attchd","Fin","2","TA","TA","Y",144,101,0,0,0,0,"No","No fence","None",0,4,2006,184000,101,2.5,1
"60","RL",74,7632,"Pave","No alley","Other","Lvl","AllPub","Inside","Gtl","SawyerW","Norm","Norm","1Fam","Other",7,5,2005,2005,"Gable","CompShg","VinylSd","VinylSd","Other",96,"Other","TA","PConc","Gd","TA","No","Unf",0,"Unf",0,784,784,"GasA","Ex","Y","SBrkr",831,754,0,1585,0,0,2,1,3,1,"Other",7,"Typ",0,"No fireplace","Attchd","RFn","2","TA","TA","Y",100,77,0,0,0,0,"No","No fence","None",0,3,2006,184900,77,2.5,1
"60","RL",70,8304,"Pave","No alley","Other","Lvl","AllPub","Inside","Gtl","SawyerW","Norm","Norm","1Fam","Other",6,5,1997,1998,"Gable","CompShg","VinylSd","VinylSd","None",0,"TA","TA","PConc","Gd","TA","No","Unf",0,"Unf",0,941,941,"GasA","Ex","Y","SBrkr",941,896,0,1837,0,0,2,1,3,1,"TA",7,"Typ",0,"No fireplace","Attchd","RFn","2","TA","TA","Y",150,165,0,0,0,0,"No","Other","None",0,7,2006,187000,165,2.5,8
"60","RL",65,7153,"Pave","No alley","Reg","Lvl","AllPub","Inside","Gtl","SawyerW","Norm","Norm","1Fam","Other",6,5,1992,1992,"Gable","CompShg","VinylSd","VinylSd","None",0,"Other","Other","PConc","Gd","TA","No","ALQ",387,"Unf",0,374,761,"GasA","Ex","Y","SBrkr",810,793,0,1603,0,0,2,1,3,1,"Other",7,"Typ",0,"No fireplace","Attchd","RFn","2","TA","TA","Y",0,124,0,0,0,0,"No","No fence","None",0,7,2006,175900,124,2.5,14
"120","RL",50,7175,"Pave","No alley","Reg","Lvl","AllPub","Inside","Gtl","SawyerW","Norm","Norm","Other","1Story",6,5,1990,1991,"Gable","CompShg","Plywood","Plywood","None",0,"Other","TA","PConc","Gd","TA","No","GLQ",904,"Unf",0,494,1398,"GasA","Other","Y","SBrkr",1398,0,0,1398,1,0,2,0,2,1,"Other",5,"Typ",0,"No fireplace","Attchd","RFn","2","TA","TA","Y",0,46,0,0,0,0,"No","Other","None",0,7,2006,172000,46,3,15
"120","RL",50,7175,"Pave","No alley","Reg","Lvl","AllPub","Inside","Gtl","SawyerW","Norm","Norm","Other","1Story",6,5,1991,1991,"Gable","CompShg","Plywood","Plywood","None",0,"Other","TA","PConc","Gd","TA","No","GLQ",278,"Unf",0,939,1217,"GasA","Other","Y","SBrkr",1217,0,0,1217,0,0,2,0,2,1,"Other",5,"Typ",0,"No fireplace","Attchd","RFn","2","TA","TA","Y",0,64,0,0,0,0,"No","No fence","None",0,6,2006,151000,64,2,15
"60","RL",0,9019,"Pave","No alley","Other","Lvl","AllPub","Inside","Gtl","SawyerW","Other","Norm","1Fam","Other",6,5,1994,1994,"Gable","CompShg","VinylSd","VinylSd","None",0,"TA","TA","PConc","Gd","TA","No","ALQ",274,"Unf",0,362,636,"GasA","Ex","Y","SBrkr",636,684,0,1320,0,0,2,1,3,1,"Other",6,"Typ",0,"No fireplace","Attchd","Fin","2","TA","TA","Y",0,40,0,0,0,0,"No","No fence","None",0,7,2006,150000,40,2.5,12
"20","Other",0,8900,"Pave","No alley","Reg","Lvl","AllPub","Inside","Gtl","SawyerW","Norm","Norm","1Fam","1Story",4,4,1966,1966,"Gable","CompShg","HdBoard","HdBoard","None",0,"TA","TA","CBlock","TA","TA","No","Rec",1056,"Unf",0,0,1056,"GasA","TA","Y","SBrkr",1056,0,0,1056,1,0,1,0,2,1,"TA",5,"Typ",0,"No fireplace","Other","Unf","Other","TA","TA","Y",0,42,0,0,0,0,"No","Other","None",0,11,2006,107000,42,2,40
"20","RL",70,9100,"Pave","No alley","Reg","Lvl","AllPub","Inside","Gtl","Sawyer","Other","Norm","1Fam","1Story",5,4,1962,1962,"Other","CompShg","Wd Sdng","Wd Sdng","Other",51,"TA","TA","CBlock","TA","TA","No","Other",36,"Unf",0,952,988,"GasA","Ex","Y","SBrkr",988,0,0,988,1,0,1,0,3,1,"TA",6,"Typ",0,"No fireplace","Other","Unf","2","TA","TA","Y",0,0,0,0,0,0,"No","No fence","None",0,7,2006,129500,0,2,44
"90","Other",68,8927,"Pave","No alley","Reg","Lvl","AllPub","Inside","Gtl","Sawyer","Other","Norm","Other","Other",6,6,1977,1977,"Gable","CompShg","VinylSd","VinylSd","None",0,"TA","Other","CBlock","Other","Other","Other","Other",0,"Other",0,0,0,"GasA","TA","Y","SBrkr",1286,368,0,1654,0,0,2,0,4,2,"TA",10,"Typ",0,"No fireplace","Attchd","RFn","2","TA","TA","Y",0,0,0,0,0,0,"No","No fence","None",0,8,2006,119500,0,2,29
"20","RL",0,9240,"Pave","No alley","Other","Lvl","AllPub","Inside","Gtl","Sawyer","Norm","Norm","1Fam","1Story",5,6,1962,2002,"Other","CompShg","HdBoard","HdBoard","None",0,"TA","TA","CBlock","TA","TA","No","BLQ",612,"Unf",0,252,864,"GasA","Other","Y","SBrkr",1211,0,0,1211,0,0,1,0,2,1,"TA",6,"Other",1,"TA","Other","Unf","2","TA","TA","Y",161,0,0,0,0,0,"No","Other","None",0,3,2006,144000,0,1,4
"80","RL",88,8471,"Pave","No alley","Other","Lvl","AllPub","Other","Gtl","Sawyer","Norm","Norm","1Fam","Other",6,7,1977,1995,"Gable","CompShg","HdBoard","Plywood","Other",46,"TA","TA","CBlock","Gd","Other","Other","ALQ",506,"Unf",0,0,506,"GasA","TA","Y","SBrkr",1212,0,0,1212,1,0,1,0,3,1,"TA",6,"Typ",1,"TA","Attchd","Unf","2","TA","TA","Y",292,12,0,0,0,0,"No","Other","None",0,7,2006,151000,12,2,11
"20","RL",0,9308,"Pave","No alley","Other","Lvl","AllPub","Other","Gtl","Sawyer","Other","Norm","1Fam","1Story",5,5,1965,1965,"Gable","CompShg","HdBoard","HdBoard","None",0,"TA","TA","CBlock","TA","TA","No","Rec",554,"Unf",0,430,984,"GasA","TA","Y","SBrkr",984,0,0,984,0,0,1,0,3,1,"TA",5,"Typ",0,"No fireplace","Attchd","Unf","Other","TA","TA","Y",0,0,0,0,0,0,"No","Other","None",0,7,2006,126000,0,1,41
"20","RL",65,8450,"Pave","No alley","Reg","Lvl","AllPub","Inside","Gtl","Sawyer","Other","Norm","1Fam","1Story",5,6,1968,1968,"Gable","CompShg","Plywood","Plywood","Other",90,"TA","TA","CBlock","TA","TA","No","BLQ",162,"Other",270,450,882,"GasA","TA","Y","SBrkr",909,0,0,909,0,0,1,0,3,1,"TA",5,"Typ",0,"No fireplace","Attchd","Unf","Other","TA","TA","Y",0,155,0,0,0,0,"No","Other","None",0,11,2006,116000,155,1,38
"20","RL",0,8638,"Pave","No alley","Other","Lvl","AllPub","Inside","Gtl","Sawyer","Other","Norm","1Fam","1Story",5,6,1963,1963,"Gable","CompShg","HdBoard","HdBoard","None",0,"TA","TA","PConc","TA","TA","No","ALQ",181,"Unf",0,744,925,"GasA","Other","Y","SBrkr",925,0,0,925,1,0,1,0,2,1,"TA",5,"Typ",0,"No fireplace","Other","Unf","2","TA","TA","Y",203,74,0,0,0,0,"No","No fence","None",0,10,2006,133500,74,2,43
"20","RL",0,13052,"Pave","No alley","Other","Lvl","AllPub","Other","Gtl","Sawyer","Norm","Norm","1Fam","1Story",5,6,1965,1965,"Gable","CompShg","HdBoard","HdBoard","None",0,"TA","TA","CBlock","TA","TA","No","Rec",712,"Unf",0,312,1024,"GasA","TA","Y","SBrkr",1024,0,0,1024,0,0,1,1,3,1,"TA",5,"Typ",0,"No fireplace","Attchd","Unf","Other","TA","TA","Y",0,0,0,0,0,0,"No","Other","None",0,1,2006,120875,0,1.5,41
"20","RL",0,13526,"Pave","No alley","Other","Lvl","AllPub","Other","Gtl","Sawyer","Norm","Norm","1Fam","1Story",5,6,1965,1965,"Other","CompShg","HdBoard","Plywood","Other",114,"TA","TA","CBlock","TA","TA","No","BLQ",560,"Other",375,0,935,"GasA","TA","Y","SBrkr",935,0,0,935,1,0,1,0,3,1,"TA",5,"Typ",0,"No fireplace","Attchd","Unf","Other","TA","TA","Y",180,0,0,0,0,0,"No","Other","None",0,11,2006,137000,0,2,41
"20","RL",0,8020,"Pave","No alley","Other","Lvl","AllPub","Inside","Gtl","Sawyer","Norm","Norm","1Fam","1Story",5,6,1964,1964,"Gable","CompShg","HdBoard","HdBoard","None",0,"TA","TA","CBlock","TA","TA","No","ALQ",644,"Unf",0,268,912,"GasA","TA","Other","SBrkr",912,0,0,912,0,0,1,0,3,1,"TA",6,"Typ",0,"No fireplace","Other","Other","Other","Other","Other","Y",0,0,0,0,0,0,"No","Other","None",0,4,2006,124000,0,1,42
"20","RL",65,6993,"Pave","No alley","Reg","Lvl","AllPub","Inside","Gtl","Sawyer","Other","Norm","1Fam","1Story",5,7,1961,1994,"Gable","CompShg","HdBoard","Plywood","None",0,"TA","TA","CBlock","TA","TA","No","BLQ",465,"Unf",0,447,912,"GasA","TA","Y","SBrkr",1236,0,0,1236,0,0,1,0,3,1,"TA",6,"Typ",1,"TA","Attchd","Unf","Other","TA","TA","Y",0,0,0,0,0,0,"No","No fence","None",0,6,2006,135000,0,1,12
"20","RL",0,8789,"Pave","No alley","Other","Lvl","AllPub","Inside","Gtl","Sawyer","Norm","Norm","1Fam","1Story",5,6,1967,1967,"Gable","CompShg","VinylSd","VinylSd","None",0,"TA","TA","CBlock","TA","TA","Other","Rec",659,"Unf",0,253,912,"GasA","TA","Y","SBrkr",941,0,0,941,0,0,1,0,3,1,"TA",6,"Typ",1,"Other","Attchd","Unf","Other","TA","TA","Y",64,0,0,0,0,0,"No","No fence","None",0,6,2006,129200,0,1,39
"80","RL",100,14330,"Pave","No alley","Other","Other","AllPub","Other","Gtl","Veenker","Norm","Norm","1Fam","Other",7,4,1974,1974,"Gable","CompShg","WdShing","Wd Sdng","Other",145,"Other","Other","CBlock","Gd","TA","Other","ALQ",1023,"Other",497,228,1748,"GasA","Other","Y","SBrkr",2151,495,0,2646,1,2,2,0,3,1,"Other",9,"Other",4,"TA","Attchd","RFn","2","TA","TA","Y",641,100,0,0,0,800,"Other","Other","None",0,1,2006,260000,100,4,32
"60","RL",121,16059,"Pave","No alley","Reg","Lvl","AllPub","Other","Gtl","NoRidge","Norm","Norm","1Fam","Other",8,5,1991,1992,"Other","CompShg","HdBoard","HdBoard","Other",284,"Other","TA","CBlock","Gd","TA","No","Unf",0,"Unf",0,1288,1288,"GasA","Ex","Y","SBrkr",1301,1116,0,2417,0,0,2,1,4,1,"Other",9,"Typ",1,"TA","Attchd","Unf","2","TA","TA","Y",127,82,0,0,0,0,"No","No fence","None",0,4,2006,260000,82,2.5,14
"60","RL",105,11025,"Pave","No alley","Reg","Other","AllPub","Inside","Other","NoRidge","Norm","Norm","1Fam","Other",8,5,1992,1993,"Gable","CompShg","HdBoard","ImStucc","Other",692,"Other","TA","PConc","Other","TA","Other","GLQ",1118,"Unf",0,216,1334,"GasA","Ex","Y","SBrkr",1520,1306,0,2826,1,0,2,1,3,1,"Other",9,"Typ",3,"TA","Attchd","RFn","Other","TA","TA","Y",177,208,186,0,0,0,"No","No fence","None",0,10,2006,334000,394,3.5,13
"60","RL",0,13346,"Pave","No alley","Other","Lvl","AllPub","Other","Gtl","NoRidge","Norm","Norm","1Fam","Other",7,5,1992,2000,"Gable","CompShg","HdBoard","HdBoard","None",0,"Other","TA","PConc","Gd","TA","No","GLQ",728,"Unf",0,367,1095,"GasA","Ex","Y","SBrkr",1166,1129,0,2295,1,0,2,1,4,1,"Other",9,"Typ",1,"TA","Attchd","RFn","2","TA","TA","Y",0,40,0,0,0,0,"No","No fence","None",0,7,2006,268000,40,3.5,6
"20","RL",89,12461,"Pave","No alley","Reg","Lvl","AllPub","Other","Gtl","NoRidge","Norm","Norm","1Fam","1Story",8,5,1994,1995,"Gable","CompShg","Other","ImStucc","None",0,"Other","TA","PConc","Gd","TA","No","GLQ",1456,"Unf",0,168,1624,"GasA","Ex","Y","SBrkr",1624,0,0,1624,1,0,2,0,2,1,"Other",5,"Typ",1,"Other","Attchd","RFn","Other","TA","TA","Y",0,114,192,0,0,0,"No","Other","None",0,7,2006,262000,306,3,11
"120","RL",30,9549,"Pave","No alley","Other","Lvl","AllPub","Other","Gtl","Veenker","Norm","Norm","Other","1Story",8,5,1995,1996,"Other","CompShg","BrkFace","BrkFace","None",0,"Other","Other","PConc","Gd","Other","Other","Other",437,"Other",1057,0,1494,"GasA","Ex","Y","SBrkr",1494,0,0,1494,1,0,1,1,2,1,"Other",6,"Typ",1,"Gd","Attchd","Fin","2","TA","TA","Y",0,30,0,0,216,0,"No","No fence","None",0,4,2006,270000,246,2.5,10
"20","RL",0,11250,"Pave","No alley","Other","Lvl","AllPub","Inside","Gtl","Veenker","Norm","Norm","1Fam","1Story",6,6,1977,1977,"Gable","CompShg","Plywood","Plywood","None",0,"Other","TA","CBlock","Gd","TA","No","ALQ",767,"Unf",0,441,1208,"GasA","TA","Y","SBrkr",1208,0,0,1208,1,0,1,1,3,1,"TA",6,"Typ",1,"TA","Attchd","RFn","2","TA","TA","Y",198,42,0,0,0,0,"No","No fence","None",0,6,2006,165000,42,2.5,29
"120","RL",0,3760,"Pave","No alley","Other","Lvl","AllPub","Other","Gtl","Other","Norm","Norm","Other","1Story",8,5,1980,1980,"Gable","CompShg","Wd Sdng","Wd Sdng","None",0,"Other","TA","CBlock","Gd","TA","Other","GLQ",1009,"Other",182,44,1235,"GasA","Other","Y","SBrkr",1235,0,0,1235,1,0,1,0,1,1,"TA",4,"Typ",3,"TA","Attchd","Fin","2","TA","TA","Y",133,78,0,0,0,0,"No","No fence","None",0,5,2006,214000,78,2,26
"120","RL",36,3640,"Pave","No alley","Other","Lvl","AllPub","Other","Gtl","Other","Norm","Norm","Other","1Story",8,5,1980,1980,"Gable","CompShg","Wd Sdng","Wd Sdng","None",0,"Other","TA","CBlock","Gd","TA","Other","GLQ",860,"Unf",0,176,1036,"GasA","TA","Y","SBrkr",1036,0,0,1036,1,0,1,0,1,1,"Other",4,"Typ",1,"TA","Other","Fin","2","TA","TA","Y",133,108,0,0,0,0,"No","No fence","None",0,9,2006,188000,108,2,26
"120","RL",40,3874,"Pave","No alley","Other","Lvl","AllPub","Inside","Gtl","Other","Norm","Norm","Other","1Story",8,5,1980,1980,"Gable","CompShg","Wd Sdng","Wd Sdng","None",0,"Other","TA","CBlock","Gd","TA","Other","GLQ",807,"Unf",0,419,1226,"GasA","TA","Y","SBrkr",1226,0,0,1226,1,0,1,0,1,1,"Other",4,"Typ",1,"Other","Attchd","Fin","2","TA","TA","Y",133,78,0,0,0,0,"No","No fence","None",0,7,2006,190000,78,2,26
"120","RL",40,3876,"Pave","No alley","Other","Lvl","AllPub","Inside","Gtl","Other","Norm","Norm","Other","1Story",8,5,1978,1978,"Gable","CompShg","Wd Sdng","Plywood","None",0,"Other","TA","CBlock","Gd","TA","Other","GLQ",652,"Other",526,48,1226,"GasA","TA","Y","SBrkr",1226,0,0,1226,1,0,1,0,1,1,"Other",4,"Typ",1,"TA","Attchd","Fin","2","TA","TA","Y",133,60,0,0,0,0,"No","No fence","None",0,7,2006,170000,60,2,28
"20","RL",68,50271,"Pave","No alley","Other","Other","AllPub","Inside","Gtl","Veenker","Norm","Norm","1Fam","1Story",9,5,1981,1987,"Gable","Other","WdShing","Wd Shng","None",0,"Other","TA","CBlock","Other","TA","Other","GLQ",1810,"Unf",0,32,1842,"GasA","Other","Y","SBrkr",1842,0,0,1842,2,0,0,1,0,1,"Other",5,"Typ",1,"Gd","Attchd","Fin","Other","TA","TA","Y",857,72,0,0,0,0,"No","No fence","None",0,11,2006,385000,72,2.5,19
"190","RL",79,13110,"Pave","No alley","Other","Lvl","AllPub","Other","Gtl","NWAmes","Other","Other","Other","1Story",5,6,1972,1972,"Gable","CompShg","Plywood","Plywood","Other",144,"TA","TA","CBlock","Gd","TA","No","GLQ",962,"Unf",0,191,1153,"GasA","Ex","Y","SBrkr",1193,0,0,1193,1,0,2,0,2,1,"TA",6,"Typ",0,"No fireplace","Attchd","Fin","2","TA","TA","Y",140,153,0,0,0,0,"No","Other","None",0,7,2006,146500,153,3,34
"80","RL",102,10192,"Pave","No alley","Other","Lvl","AllPub","Inside","Gtl","NWAmes","Norm","Norm","1Fam","Other",7,6,1968,1992,"Gable","CompShg","MetalSd","MetalSd","Other",143,"TA","TA","CBlock","TA","TA","No","Unf",0,"Unf",0,570,570,"GasA","Other","Y","SBrkr",1222,698,0,1920,0,0,3,0,4,1,"Other",8,"Typ",1,"TA","Attchd","RFn","2","TA","TA","Y",0,98,0,0,0,0,"No","Other","None",0,9,2006,170000,98,3,14
"20","RL",0,20781,"Pave","No alley","Other","Lvl","AllPub","Other","Gtl","NWAmes","Other","Norm","1Fam","1Story",7,7,1968,2003,"Other","CompShg","BrkFace","HdBoard","None",0,"TA","TA","CBlock","TA","TA","No","BLQ",297,"Other",68,1203,1568,"GasA","TA","Y","SBrkr",2156,0,0,2156,0,0,2,0,3,1,"TA",9,"Typ",1,"Gd","Attchd","RFn","2","Other","TA","Y",0,80,0,290,0,0,"No","No fence","None",0,6,2006,262500,370,2,3
"60","RL",90,11700,"Pave","No alley","Reg","Lvl","AllPub","Other","Gtl","NWAmes","Norm","Norm","1Fam","Other",6,6,1968,1968,"Gable","CompShg","HdBoard","HdBoard","Other",420,"TA","TA","CBlock","TA","TA","No","ALQ",404,"Unf",0,304,708,"GasA","Other","Y","SBrkr",708,708,0,1416,0,0,2,1,3,1,"TA",7,"Typ",1,"TA","Attchd","RFn","2","TA","TA","Y",0,169,0,0,119,0,"No","No fence","None",0,5,2006,179900,288,2.5,38
"60","RL",0,11029,"Pave","No alley","Other","Lvl","AllPub","Other","Gtl","NWAmes","Other","Norm","1Fam","Other",6,7,1968,1984,"Gable","CompShg","HdBoard","HdBoard","Other",220,"TA","TA","CBlock","TA","TA","Other","BLQ",619,"Unf",0,435,1054,"GasA","TA","Y","SBrkr",1512,1142,0,2654,1,0,2,1,4,1,"Other",9,"Typ",1,"Gd","Attchd","Unf","2","TA","TA","Y",0,65,0,0,222,0,"No","No fence","None",0,8,2006,250000,287,3.5,22
"60","RL",80,10400,"Pave","No alley","Reg","Lvl","AllPub","Inside","Gtl","NWAmes","Norm","Norm","1Fam","Other",6,5,1972,1972,"Gable","CompShg","VinylSd","VinylSd","None",288,"TA","TA","CBlock","TA","TA","No","Rec",247,"Unf",0,485,732,"GasA","Other","Y","SBrkr",1012,778,0,1790,1,0,1,2,4,1,"TA",8,"Other",1,"TA","Attchd","RFn","2","TA","TA","Y",148,0,0,0,147,0,"No","No fence","None",0,11,2006,165150,147,3,34
"20","RL",78,10140,"Pave","No alley","Reg","Lvl","AllPub","Inside","Gtl","NWAmes","Other","Norm","1Fam","1Story",7,6,1967,1967,"Other","CompShg","HdBoard","HdBoard","Other",264,"TA","TA","CBlock","TA","TA","No","BLQ",553,"Other",68,713,1334,"GasA","Other","Y","SBrkr",1334,0,0,1334,1,0,2,0,3,1,"TA",7,"Typ",0,"No fireplace","Attchd","RFn","2","TA","TA","Y",0,20,35,0,264,0,"No","No fence","None",0,4,2006,164500,319,3,39
"20","RL",80,9600,"Pave","No alley","Reg","Lvl","AllPub","Inside","Gtl","NWAmes","Norm","Norm","1Fam","1Story",7,5,1969,1969,"Other","CompShg","HdBoard","HdBoard","Other",168,"TA","TA","CBlock","TA","TA","No","Unf",0,"Unf",0,1164,1164,"GasA","TA","Y","SBrkr",1164,0,0,1164,0,0,1,1,3,1,"TA",6,"Typ",0,"No fireplace","Attchd","Unf","2","TA","TA","Y",0,0,0,0,0,0,"No","No fence","None",0,7,2006,140000,0,1.5,37
"80","RL",75,9750,"Pave","No alley","Reg","Lvl","AllPub","Inside","Gtl","NAmes","Norm","Norm","1Fam","Other",5,5,1967,1967,"Gable","CompShg","VinylSd","VinylSd","None",0,"TA","TA","PConc","TA","TA","Other","ALQ",400,"Other",480,100,980,"GasA","Other","Y","SBrkr",980,0,0,980,0,0,2,0,3,1,"TA",6,"Typ",0,"No fireplace","Attchd","Fin","Other","TA","TA","Y",68,0,0,0,0,0,"No","No fence","None",0,10,2006,135500,0,2,39
"20","RL",80,9600,"Pave","No alley","Reg","Lvl","AllPub","Other","Gtl","NAmes","Other","Norm","1Fam","1Story",5,5,1968,1968,"Gable","CompShg","MetalSd","MetalSd","None",0,"TA","TA","CBlock","TA","TA","No","ALQ",758,"Unf",0,293,1051,"GasA","Other","Y","SBrkr",1051,0,0,1051,1,0,1,0,3,1,"TA",6,"Typ",0,"No fireplace","Attchd","RFn","2","TA","TA","Y",0,0,0,0,0,0,"No","No fence","None",0,7,2006,142000,0,2,38
"60","RL",72,8640,"Pave","No alley","Reg","Lvl","AllPub","Inside","Gtl","NAmes","Other","Norm","1Fam","Other",5,5,1968,1968,"Gable","CompShg","HdBoard","HdBoard","Other",300,"TA","TA","CBlock","Gd","Other","Other","ALQ",361,"Other",483,56,900,"GasA","Ex","Y","SBrkr",884,886,0,1770,1,0,1,1,4,1,"TA",7,"Typ",0,"No fireplace","Attchd","RFn","2","TA","TA","Y",0,60,0,0,270,0,"No","No fence","Other",455,6,2006,155000,330,2.5,38
"20","RL",70,8400,"Pave","No alley","Reg","Lvl","AllPub","Inside","Gtl","NAmes","Other","Norm","1Fam","1Story",5,5,1968,1968,"Other","CompShg","HdBoard","HdBoard","Other",168,"TA","TA","CBlock","TA","TA","Other","BLQ",1016,"Unf",0,36,1052,"GasA","Other","Y","SBrkr",1052,0,0,1052,1,0,1,1,3,1,"TA",5,"Typ",0,"No fireplace","Attchd","RFn","Other","TA","TA","Y",356,0,0,0,0,0,"No","Other","None",0,11,2006,138500,0,2.5,38
"85","RL",70,8400,"Pave","No alley","Reg","Lvl","AllPub","Inside","Gtl","NAmes","Other","Norm","1Fam","Other",5,6,1968,1968,"Gable","CompShg","HdBoard","HdBoard","None",0,"TA","TA","CBlock","Gd","TA","Other","GLQ",744,"Unf",0,89,833,"GasA","Other","Y","SBrkr",898,0,0,898,1,0,1,0,3,1,"TA",6,"Typ",0,"No fireplace","Attchd","RFn","Other","TA","TA","Y",143,0,0,0,0,0,"No","No fence","None",0,8,2006,140000,0,2,38
"20","RL",0,9759,"Pave","No alley","Other","Lvl","AllPub","Inside","Gtl","NAmes","Norm","Norm","1Fam","1Story",5,5,1966,1966,"Gable","CompShg","Plywood","Plywood","None",0,"TA","TA","CBlock","TA","TA","No","BLQ",799,"Unf",0,252,1051,"GasA","TA","Y","SBrkr",1051,0,0,1051,1,0,1,0,3,1,"TA",6,"Typ",0,"No fireplace","Attchd","RFn","Other","TA","TA","Y",182,88,0,0,0,0,"No","No fence","None",0,3,2006,124400,88,2,40
"80","RL",80,9600,"Pave","No alley","Reg","Lvl","AllPub","Inside","Gtl","NAmes","Norm","Norm","1Fam","Other",5,7,1967,1967,"Gable","CompShg","MetalSd","MetalSd","Other",140,"TA","TA","PConc","TA","TA","Other","ALQ",602,"Other",402,137,1141,"GasA","Other","Y","SBrkr",1141,0,0,1141,1,0,1,0,3,1,"TA",6,"Typ",0,"No fireplace","Attchd","Unf","Other","TA","TA","Y",0,78,0,0,0,0,"No","No fence","None",0,7,2006,158000,78,2,39
"20","RL",71,9230,"Pave","No alley","Reg","Lvl","AllPub","Other","Gtl","NAmes","Other","Norm","1Fam","1Story",5,8,1965,1998,"Other","CompShg","MetalSd","MetalSd","Other",166,"TA","TA","CBlock","TA","TA","Other","GLQ",661,"Unf",0,203,864,"GasA","Other","Y","SBrkr",1200,0,0,1200,1,0,1,1,1,1,"Other",6,"Typ",0,"No fireplace","Other","Unf","2","TA","TA","Y",0,64,0,0,0,0,"No","Other","None",0,10,2006,146000,64,2.5,8
"60","RL",0,14803,"Pave","No alley","Other","Lvl","AllPub","Other","Gtl","NWAmes","Norm","Norm","1Fam","Other",6,5,1971,1971,"Gable","CompShg","HdBoard","HdBoard","Other",252,"TA","TA","CBlock","TA","TA","No","Rec",416,"Unf",0,409,825,"GasA","Other","Y","SBrkr",1097,896,0,1993,0,0,2,1,4,1,"TA",8,"Typ",1,"Gd","Attchd","RFn","2","TA","TA","Y",0,66,0,0,0,0,"No","Other","None",0,6,2006,190000,66,2.5,35
"20","RL",0,10659,"Pave","No alley","Other","Lvl","AllPub","Inside","Gtl","NAmes","Norm","Norm","1Fam","1Story",5,6,1961,1961,"Other","CompShg","Wd Sdng","Wd Sdng","None",0,"TA","TA","CBlock","TA","TA","No","Rec",915,"Unf",0,135,1050,"GasA","TA","Y","SBrkr",1050,0,0,1050,1,0,1,0,3,1,"TA",6,"Typ",0,"No fireplace","Attchd","Unf","Other","TA","TA","Y",0,319,0,0,0,0,"No","No fence","None",0,1,2006,136500,319,2,45
"20","RL",70,9100,"Pave","No alley","Reg","Lvl","AllPub","Other","Gtl","NAmes","Other","Norm","1Fam","1Story",5,5,1958,1958,"Gable","CompShg","VinylSd","VinylSd","None",0,"TA","TA","CBlock","TA","TA","No","BLQ",521,"Other",174,169,864,"GasA","TA","Y","SBrkr",864,0,0,864,1,0,1,0,3,1,"TA",5,"Typ",0,"No fireplace","Other","Unf","2","TA","TA","Y",0,0,0,0,0,0,"No","No fence","None",0,7,2006,129900,0,2,48
"20","RL",80,8800,"Pave","No alley","Reg","Lvl","AllPub","Inside","Gtl","NAmes","Norm","Norm","1Fam","1Story",6,6,1964,1964,"Other","CompShg","HdBoard","HdBoard","Other",425,"TA","TA","CBlock","TA","TA","No","BLQ",553,"Unf",0,698,1251,"GasA","TA","Y","SBrkr",1251,0,0,1251,1,0,1,0,3,1,"TA",6,"Typ",2,"Gd","Attchd","RFn","Other","TA","TA","Y",0,116,0,0,0,0,"No","Other","Other",700,3,2006,160000,116,2,42
"20","RL",0,10368,"Pave","No alley","Other","Lvl","AllPub","Other","Gtl","NAmes","Norm","Norm","1Fam","1Story",6,6,1964,1964,"Other","CompShg","HdBoard","HdBoard","Other",112,"TA","TA","CBlock","TA","TA","No","ALQ",260,"Other",748,0,1008,"GasA","Ex","Y","SBrkr",1488,0,0,1488,1,0,1,1,3,1,"TA",7,"Typ",1,"Gd","Attchd","Fin","2","TA","TA","Y",154,60,0,0,0,0,"No","No fence","None",0,4,2006,167000,60,2.5,42
"60","RL",85,9350,"Pave","No alley","Reg","Lvl","AllPub","Inside","Gtl","NAmes","Norm","Norm","1Fam","Other",5,6,1964,1964,"Gable","CompShg","HdBoard","HdBoard","None",0,"TA","TA","CBlock","TA","TA","No","ALQ",360,"Unf",0,360,720,"GasA","Other","Y","SBrkr",720,720,0,1440,0,0,1,1,4,1,"TA",7,"Typ",1,"Other","Attchd","Fin","2","TA","TA","Y",0,32,240,0,0,0,"No","No fence","None",0,7,2006,157500,272,1.5,42
"190","RL",75,10382,"Pave","No alley","Reg","Lvl","AllPub","Inside","Gtl","NAmes","Norm","Norm","Other","Other",6,5,1958,1958,"Other","CompShg","HdBoard","HdBoard","Other",105,"TA","Other","CBlock","TA","TA","Other","ALQ",513,"Unf",0,75,588,"GasA","TA","Y","SBrkr",1095,0,0,1095,1,0,1,0,2,1,"TA",6,"Typ",0,"No fireplace","Attchd","RFn","Other","TA","TA","Y",0,0,0,0,0,0,"No","No fence","None",0,3,2006,140000,0,2,48
"20","RL",80,10800,"Pave","No alley","Reg","Lvl","AllPub","Inside","Gtl","NAmes","Norm","Norm","1Fam","1Story",5,7,1960,1960,"Other","CompShg","Wd Sdng","Wd Sdng","Other",88,"TA","TA","CBlock","TA","TA","No","ALQ",632,"Unf",0,616,1248,"GasA","Ex","Y","SBrkr",1248,0,0,1248,1,0,1,0,3,1,"TA",6,"Typ",0,"No fireplace","Attchd","Unf","Other","TA","TA","Y",0,0,0,0,0,0,"No","Other","None",0,5,2006,151500,0,2,46
"30","RL",60,8550,"Pave","No alley","Reg","Lvl","AllPub","Inside","Gtl","NAmes","Norm","Norm","1Fam","1Story",6,8,1934,1950,"Gable","CompShg","MetalSd","MetalSd","None",0,"TA","TA","CBlock","TA","TA","No","BLQ",574,"Unf",0,242,816,"GasA","Ex","Y","SBrkr",816,0,0,816,1,0,1,0,2,1,"TA",4,"Typ",1,"Other","Attchd","Unf","Other","TA","TA","Y",228,0,40,0,0,0,"No","Other","None",0,7,2006,129800,40,2,56
"20","RL",0,11425,"Pave","No alley","Other","Lvl","AllPub","Other","Gtl","NAmes","Norm","Norm","1Fam","1Story",5,6,1954,1954,"Gable","CompShg","BrkFace","BrkFace","None",0,"TA","TA","CBlock","TA","TA","No","BLQ",486,"Unf",0,522,1008,"GasA","Other","Y","SBrkr",1008,0,0,1008,0,0,1,0,2,1,"TA",4,"Typ",1,"Gd","Attchd","RFn","Other","TA","TA","Y",0,0,120,0,0,0,"No","No fence","None",0,7,2006,137000,120,1,52
"20","RL",68,9724,"Pave","No alley","Reg","Lvl","AllPub","Inside","Gtl","NAmes","Norm","Norm","1Fam","1Story",5,7,1947,1950,"Other","CompShg","BrkFace","BrkFace","None",0,"TA","TA","CBlock","TA","TA","No","Unf",0,"Unf",0,938,938,"GasA","Ex","Y","SBrkr",1043,0,0,1043,0,0,1,0,2,1,"TA",5,"Typ",1,"Gd","Other","Unf","Other","TA","TA","Y",125,48,0,0,0,0,"No","Other","None",0,5,2006,137000,48,1,56
"30","RL",51,5900,"Pave","No alley","Other","Other","AllPub","Inside","Gtl","BrkSide","Norm","Norm","1Fam","1Story",4,7,1923,1958,"Gable","CompShg","Wd Sdng","Wd Sdng","None",0,"TA","TA","PConc","Gd","TA","No","Unf",0,"Unf",0,440,440,"GasA","TA","Y","Other",869,0,0,869,0,0,1,0,2,1,"Other",4,"Typ",0,"No fireplace","Other","Other","Other","Other","Other","Y",0,0,0,0,0,0,"No","No fence","None",0,8,2006,85500,0,1,48
"30","RL",52,5825,"Pave","No alley","Other","Lvl","AllPub","Inside","Gtl","BrkSide","Norm","Norm","1Fam","1Story",4,5,1926,1953,"Gable","CompShg","MetalSd","MetalSd","Other",108,"TA","Other","PConc","Other","TA","Other","Unf",0,"Unf",0,600,600,"GasA","Other","Y","SBrkr",747,0,0,747,0,0,1,0,1,1,"TA",5,"Typ",0,"No fireplace","Other","Unf","2","TA","TA","Y",0,0,32,0,0,0,"No","No fence","None",0,6,2006,79900,32,1,53
"50","RL",92,7438,"Pave","No alley","Other","Lvl","AllPub","Inside","Gtl","BrkSide","Other","Other","1Fam","Other",5,8,1908,1991,"Gable","CompShg","AsbShng","Plywood","None",0,"TA","TA","PConc","Other","TA","No","Unf",0,"Unf",0,504,504,"GasA","Other","Y","SBrkr",936,316,0,1252,0,0,1,0,3,1,"TA",5,"Typ",0,"No fireplace","Attchd","Unf","2","TA","TA","Y",104,0,0,0,0,0,"No","Other","None",0,6,2006,127000,0,1,15
"20","RL",80,9600,"Pave","No alley","Reg","Lvl","AllPub","Inside","Gtl","NAmes","Norm","Norm","1Fam","1Story",5,6,1961,1990,"Gable","CompShg","WdShing","Wd Shng","None",0,"TA","TA","CBlock","TA","TA","Other","BLQ",915,"Unf",0,336,1251,"GasA","TA","Y","SBrkr",1433,0,0,1433,1,0,1,0,3,1,"TA",7,"Other",1,"Gd","Attchd","Unf","2","TA","TA","Y",144,0,205,0,0,0,"No","No fence","None",0,6,2006,161000,205,2,16
"20","RL",80,9600,"Pave","No alley","Reg","Lvl","AllPub","Inside","Gtl","NAmes","Norm","Norm","1Fam","1Story",5,5,1951,1951,"Gable","CompShg","HdBoard","HdBoard","Other",144,"TA","TA","CBlock","TA","TA","No","ALQ",996,"Unf",0,60,1056,"GasA","Ex","Y","Other",1216,0,0,1216,1,0,1,0,3,1,"TA",7,"Typ",0,"No fireplace","Attchd","RFn","Other","TA","TA","Y",0,0,0,0,0,0,"No","No fence","None",0,5,2006,135000,0,2,55
"20","RL",89,10680,"Pave","No alley","Reg","Lvl","AllPub","Inside","Gtl","NAmes","Norm","Norm","1Fam","1Story",5,3,1951,1951,"Other","CompShg","Wd Sdng","Wd Sdng","Other",44,"TA","TA","CBlock","TA","Other","No","Other",756,"Unf",0,1380,2136,"GasA","TA","Other","Other",2136,0,0,2136,0,0,2,0,4,1,"TA",7,"Other",0,"No fireplace","Other","Unf","2","TA","TA","Y",0,30,0,0,0,0,"No","Other","None",0,10,2006,137900,30,2,55
"50","RL",79,9490,"Pave","No alley","Reg","Lvl","AllPub","Inside","Gtl","NAmes","Other","Norm","1Fam","Other",6,7,1941,1950,"Gable","CompShg","Wd Sdng","Wd Sdng","None",0,"TA","TA","CBlock","TA","TA","No","BLQ",403,"Other",165,238,806,"GasA","TA","Y","Other",958,620,0,1578,1,0,1,0,3,1,"Other",5,"Typ",2,"TA","Attchd","Unf","Other","TA","TA","Y",0,0,32,0,0,0,"No","Other","None",0,8,2006,133000,32,2,56
"60","RL",79,9462,"Pave","No alley","Reg","Lvl","AllPub","Inside","Gtl","NAmes","Norm","Norm","1Fam","Other",5,6,1949,1973,"Gable","CompShg","Wd Sdng","Wd Sdng","None",0,"TA","TA","CBlock","TA","TA","No","Unf",0,"Unf",0,704,704,"GasA","Other","Y","Other",1024,704,0,1728,0,0,1,1,3,1,"TA",7,"Other",1,"Gd","Attchd","Unf","Other","TA","TA","Y",245,60,0,0,0,0,"No","Other","None",0,7,2006,137000,60,1.5,33
"20","RL",82,9888,"Pave","No alley","Reg","Lvl","AllPub","Inside","Gtl","NAmes","Norm","Norm","1Fam","1Story",5,6,1954,1975,"Gable","CompShg","MetalSd","MetalSd","None",0,"TA","Other","CBlock","TA","TA","No","BLQ",486,"Unf",0,450,936,"GasA","TA","Y","Other",936,0,0,936,0,0,1,0,2,1,"TA",5,"Typ",0,"No fireplace","Attchd","Unf","Other","TA","TA","Y",0,0,160,0,0,0,"No","Other","None",0,3,2006,121000,160,1,31
"90","RL",0,8917,"Pave","No alley","Other","Lvl","AllPub","Inside","Gtl","NAmes","Norm","Norm","Other","1Story",5,5,1967,1967,"Gable","CompShg","Plywood","Plywood","None",0,"TA","TA","CBlock","TA","TA","No","Unf",0,"Unf",0,1584,1584,"GasA","TA","Y","SBrkr",1584,0,0,1584,0,0,2,0,4,2,"TA",8,"Typ",0,"No fireplace","Other","Unf","2","TA","TA","Y",0,0,0,0,0,0,"No","No fence","None",0,10,2006,119000,0,2,39
"80","RL",0,12700,"Pave","No alley","Other","Lvl","AllPub","Inside","Gtl","NAmes","Norm","Norm","1Fam","Other",6,5,1964,1964,"Gable","CompShg","HdBoard","HdBoard","None",0,"TA","TA","CBlock","TA","TA","No","ALQ",939,"Unf",0,307,1246,"GasA","TA","Y","SBrkr",1246,0,0,1246,1,0,1,0,3,1,"TA",6,"Typ",2,"Gd","Attchd","RFn","2","TA","TA","Y",0,69,0,0,0,0,"No","No fence","None",0,11,2006,172000,69,2,42
"60","RL",88,14200,"Pave","No alley","Reg","Lvl","AllPub","Other","Gtl","NAmes","Norm","Norm","1Fam","Other",7,6,1966,1966,"Gable","CompShg","MetalSd","MetalSd","Other",309,"TA","TA","CBlock","TA","TA","No","Rec",445,"Unf",0,479,924,"GasA","Ex","Y","SBrkr",1216,941,0,2157,0,0,2,1,4,1,"Other",8,"Typ",2,"Gd","Attchd","Fin","2","TA","TA","Y",105,66,0,0,0,0,"No","Other","None",0,5,2006,226000,66,2.5,40
"20","RL",109,9723,"Pave","No alley","Other","Lvl","AllPub","Other","Gtl","NAmes","Norm","Norm","1Fam","1Story",6,7,1963,1963,"Other","CompShg","MetalSd","MetalSd","Other",332,"TA","TA","CBlock","TA","TA","No","Unf",0,"Unf",0,1008,1008,"GasA","TA","Y","SBrkr",1008,0,0,1008,0,0,1,0,2,1,"TA",5,"Typ",0,"No fireplace","Attchd","RFn","2","TA","TA","Y",0,0,0,0,0,0,"No","No fence","None",0,10,2006,135000,0,1,43
"90","RL",70,7728,"Pave","No alley","Reg","Lvl","AllPub","Inside","Gtl","NAmes","Norm","Norm","Other","Other",5,6,1962,1962,"Other","CompShg","Wd Sdng","Wd Sdng","Other",120,"TA","TA","CBlock","TA","TA","Other","ALQ",803,"Unf",0,303,1106,"GasA","TA","Y","SBrkr",1190,0,0,1190,1,0,1,0,3,1,"TA",6,"Typ",0,"No fireplace","Attchd","Unf","2","TA","TA","Y",0,18,0,0,0,0,"No","Other","None",0,5,2006,132500,18,2,44
"80","RL",70,8163,"Pave","No alley","Reg","Lvl","AllPub","Inside","Gtl","NAmes","Norm","Norm","1Fam","Other",5,6,1959,1959,"Gable","CompShg","HdBoard","HdBoard","Other",128,"TA","Other","CBlock","TA","TA","Other","ALQ",748,"Other",294,102,1144,"GasA","TA","Y","SBrkr",1144,0,0,1144,1,0,1,0,3,1,"TA",6,"Typ",1,"TA","Attchd","RFn","Other","TA","TA","Y",86,0,0,0,0,0,"No","No fence","None",0,3,2006,143000,0,2,47
"20","RL",70,8400,"Pave","No alley","Reg","Lvl","AllPub","Other","Gtl","NAmes","Other","Norm","1Fam","1Story",5,5,1957,1957,"Gable","CompShg","BrkFace","BrkFace","None",0,"TA","TA","CBlock","Other","TA","Other","BLQ",623,"Unf",0,556,1179,"GasA","Other","Y","SBrkr",1364,0,0,1364,0,0,1,1,3,1,"TA",6,"Typ",1,"Gd","Attchd","RFn","Other","TA","TA","Y",0,60,0,0,0,0,"No","Other","None",0,3,2006,132000,60,1.5,49
"20","RL",80,11600,"Pave","No alley","Reg","Lvl","AllPub","Inside","Gtl","NAmes","Norm","Norm","1Fam","1Story",6,5,1960,1960,"Other","CompShg","Wd Sdng","Wd Sdng","Other",175,"TA","TA","CBlock","TA","TA","No","Rec",565,"Unf",0,818,1383,"GasA","TA","Y","SBrkr",1383,0,0,1383,0,0,1,1,3,1,"TA",7,"Typ",0,"No fireplace","Attchd","RFn","Other","TA","TA","Y",0,45,0,0,0,0,"No","No fence","None",0,4,2006,145250,45,1.5,46
"20","RL",0,9610,"Pave","No alley","Other","Lvl","AllPub","Other","Gtl","NAmes","Other","Norm","1Fam","1Story",6,6,1958,1958,"Other","CompShg","Wd Sdng","Wd Sdng","Other",632,"TA","TA","CBlock","TA","TA","No","Rec",203,"Unf",0,918,1121,"GasA","Ex","Y","Other",1336,0,0,1336,0,0,1,1,3,1,"TA",7,"Typ",1,"TA","Attchd","RFn","2","TA","TA","Y",80,0,0,0,0,0,"No","No fence","None",0,12,2006,162000,0,1.5,48
"80","RL",125,10000,"Pave","No alley","Reg","Lvl","AllPub","Other","Gtl","NAmes","Norm","Norm","1Fam","Other",5,6,1956,1956,"Other","CompShg","Wd Sdng","Wd Sdng","Other",272,"TA","TA","CBlock","TA","TA","Other","BLQ",678,"Other",281,99,1058,"GasA","Ex","Y","SBrkr",1370,0,0,1370,1,0,1,0,3,1,"TA",6,"Typ",1,"TA","Other","RFn","Other","TA","TA","Y",191,0,0,0,120,0,"No","Other","None",0,2,2006,148000,120,2,50
"20","RL",69,14850,"Pave","No alley","Other","Lvl","AllPub","Inside","Gtl","NAmes","Norm","Norm","1Fam","1Story",5,5,1957,1957,"Gable","CompShg","Wd Sdng","Wd Sdng","None",0,"TA","TA","CBlock","TA","TA","No","Rec",895,"Unf",0,197,1092,"GasA","TA","Y","Other",1092,0,0,1092,1,0,1,0,2,1,"TA",6,"Typ",1,"TA","Attchd","Fin","Other","TA","TA","Y",268,0,0,0,122,0,"No","Other","None",0,5,2006,141000,122,2,49
"20","RL",72,10152,"Pave","No alley","Reg","Lvl","AllPub","Inside","Gtl","NAmes","Norm","Norm","1Fam","1Story",6,6,1956,1994,"Gable","CompShg","Wd Sdng","Wd Sdng","None",0,"TA","TA","CBlock","TA","TA","Other","BLQ",914,"Unf",0,210,1124,"GasA","Ex","Y","SBrkr",1124,0,0,1124,1,0,1,0,3,1,"TA",6,"Typ",1,"TA","Attchd","Fin","Other","TA","TA","Y",0,211,180,0,142,0,"No","No fence","None",0,5,2006,153000,533,2,12
"20","RL",72,10011,"Pave","No alley","Other","Lvl","AllPub","Inside","Gtl","NAmes","Norm","Norm","1Fam","1Story",5,6,1957,1996,"Gable","CompShg","HdBoard","HdBoard","Other",64,"TA","TA","CBlock","TA","TA","No","BLQ",360,"Unf",0,710,1070,"GasA","TA","Y","SBrkr",1236,0,0,1236,0,1,1,0,2,1,"Other",6,"Other",1,"Other","Attchd","Unf","Other","TA","TA","Y",0,0,0,0,0,0,"No","Other","None",0,5,2006,134450,0,1.5,10
"90","RL",0,7032,"Pave","No alley","Other","Lvl","AllPub","Other","Gtl","NAmes","Norm","Norm","Other","Other",5,5,1979,1979,"Gable","CompShg","MetalSd","MetalSd","None",0,"TA","TA","CBlock","Gd","TA","Other","GLQ",943,"Unf",0,0,943,"GasA","TA","Y","SBrkr",943,0,0,943,1,0,1,0,2,1,"TA",4,"Typ",2,"TA","Other","Unf","2","TA","TA","Y",42,0,0,0,0,0,"No","No fence","None",0,12,2006,135960,0,2,27
"20","RL",75,11310,"Pave","No alley","Reg","Lvl","AllPub","Inside","Gtl","NAmes","Norm","Norm","1Fam","1Story",6,5,1954,1954,"Other","CompShg","Wd Sdng","BrkFace","None",0,"TA","TA","CBlock","TA","TA","No","Unf",0,"Unf",0,1367,1367,"GasA","Ex","Y","SBrkr",1375,0,0,1375,0,0,1,0,2,1,"TA",5,"Typ",1,"TA","Attchd","Unf","2","TA","TA","Y",0,30,0,0,0,0,"No","No fence","None",0,6,2006,140000,30,1,52
"20","RL",66,12778,"Pave","No alley","Reg","Lvl","AllPub","Inside","Gtl","NAmes","Norm","Norm","1Fam","1Story",5,6,1952,2003,"Gable","CompShg","MetalSd","MetalSd","None",0,"TA","TA","CBlock","TA","TA","No","GLQ",658,"Unf",0,350,1008,"GasA","Ex","Y","Other",1008,0,0,1008,1,0,1,0,2,1,"TA",4,"Typ",0,"No fireplace","Attchd","RFn","Other","TA","TA","Y",0,154,0,0,0,0,"No","Other","None",0,1,2006,139500,154,2,3
"20","RL",75,10170,"Pave","No alley","Reg","Lvl","AllPub","Other","Gtl","NAmes","Norm","Norm","1Fam","1Story",6,6,1951,1951,"Other","CompShg","Wd Sdng","Wd Sdng","Other",522,"TA","TA","CBlock","TA","TA","No","Unf",0,"Unf",0,216,216,"GasA","TA","Y","SBrkr",1575,0,0,1575,0,0,1,1,2,1,"Other",5,"Typ",1,"Gd","Attchd","Unf","2","TA","TA","Y",0,0,0,0,0,0,"No","No fence","None",0,6,2006,155000,0,1.5,55
"80","RL",55,7700,"Pave","No alley","Reg","Lvl","AllPub","Inside","Gtl","NAmes","Norm","Norm","1Fam","Other",5,7,1956,1956,"Gable","CompShg","VinylSd","VinylSd","None",0,"TA","TA","CBlock","Gd","TA","No","BLQ",271,"Unf",0,30,301,"GasA","Ex","Y","Other",1145,0,0,1145,0,0,1,0,3,1,"TA",6,"Other",0,"No fireplace","Other","Unf","2","TA","TA","Y",0,0,0,0,0,0,"No","Other","None",0,9,2006,127000,0,1,50
"20","RL",65,11050,"Pave","No alley","Reg","Lvl","AllPub","Inside","Gtl","NAmes","Norm","Norm","1Fam","1Story",5,5,1956,1956,"Other","CompShg","Wd Sdng","Wd Sdng","None",0,"TA","TA","CBlock","TA","TA","No","Other",488,"Unf",0,517,1005,"GasA","Ex","Y","SBrkr",1005,0,0,1005,0,0,1,0,2,1,"TA",6,"Typ",1,"TA","Attchd","Unf","Other","TA","TA","Y",0,0,0,0,288,0,"No","No fence","None",0,7,2006,133500,288,1,50
"20","RL",80,13600,"Pave","No alley","Reg","Other","AllPub","Inside","Gtl","NAmes","Norm","Norm","1Fam","1Story",5,6,1955,1955,"Gable","CompShg","HdBoard","HdBoard","None",0,"TA","TA","CBlock","TA","TA","No","Rec",144,"Other",912,0,1056,"GasA","Other","Y","SBrkr",1056,0,0,1056,1,0,1,1,3,1,"TA",6,"Typ",0,"No fireplace","Attchd","Fin","Other","TA","TA","Y",0,0,0,0,0,0,"No","Other","Other",650,11,2006,125000,0,2.5,51
"20","RL",85,15428,"Pave","No alley","Reg","Lvl","AllPub","Inside","Gtl","NAmes","Norm","Norm","1Fam","1Story",5,6,1951,1991,"Other","CompShg","MetalSd","MetalSd","None",0,"TA","TA","CBlock","TA","TA","No","Rec",741,"Unf",0,143,884,"GasA","Ex","Y","SBrkr",884,0,0,884,1,0,1,0,2,1,"TA",4,"Typ",0,"No fireplace","Attchd","Fin","Other","TA","TA","Y",0,0,0,0,195,0,"No","No fence","None",0,6,2006,142000,195,2,15
"20","RL",70,13300,"Pave","No alley","Reg","Lvl","AllPub","Inside","Gtl","NAmes","Norm","Norm","1Fam","1Story",5,5,1956,2001,"Other","CompShg","Wd Sdng","VinylSd","None",0,"TA","TA","CBlock","TA","TA","No","Rec",494,"Unf",0,521,1015,"GasA","Other","Y","SBrkr",1384,0,0,1384,1,0,1,0,2,1,"TA",6,"Other",0,"No fireplace","Attchd","Unf","2","TA","TA","Y",75,0,0,323,0,0,"No","No fence","Other",400,6,2006,159000,323,2,5
"190","RL",94,22136,"Pave","No alley","Reg","Lvl","AllPub","Inside","Gtl","OldTown","Other","Norm","Other","Other",5,5,1925,1975,"Gable","CompShg","MetalSd","MetalSd","None",0,"TA","Other","CBlock","TA","TA","Other","GLQ",1018,"Unf",0,1153,2171,"GasA","TA","Y","SBrkr",1392,1248,0,2640,2,0,2,1,5,1,"TA",10,"Other",1,"Gd","Attchd","RFn","Other","TA","TA","Other",631,48,148,0,0,0,"No","No fence","None",0,7,2006,180000,196,4.5,31
"50","RL",50,7500,"Pave","No alley","Reg","Lvl","AllPub","Inside","Gtl","NAmes","Norm","Norm","1Fam","Other",6,6,1947,1950,"Gable","CompShg","VinylSd","VinylSd","None",0,"TA","TA","CBlock","TA","TA","No","Unf",0,"Unf",0,784,784,"GasA","Ex","Y","Other",900,412,0,1312,0,0,1,1,3,1,"TA",6,"Typ",0,"No fireplace","Other","Unf","2","TA","TA","Y",0,28,0,0,0,0,"No","No fence","None",0,10,2006,127000,28,1.5,56
"50","RL",50,7000,"Pave","No alley","Reg","Lvl","AllPub","Other","Gtl","OldTown","Other","Norm","1Fam","Other",6,6,1924,1950,"Gable","CompShg","MetalSd","MetalSd","None",0,"TA","Other","Other","Other","TA","No","Other",617,"Unf",0,0,617,"GasA","Other","Y","SBrkr",865,445,0,1310,0,0,2,0,2,1,"TA",6,"Other",0,"No fireplace","Attchd","Unf","Other","TA","TA","Y",0,0,126,0,0,0,"No","No fence","None",0,5,2006,112000,126,2,56
"30","RL",60,10410,"Pave","Other","Reg","Lvl","AllPub","Inside","Gtl","OldTown","Norm","Norm","1Fam","1Story",3,8,1930,2001,"Gable","CompShg","VinylSd","VinylSd","None",0,"TA","Other","PConc","TA","TA","No","Unf",0,"Unf",0,713,713,"GasA","Ex","Y","SBrkr",713,0,0,713,0,0,1,0,2,1,"Other",5,"Typ",0,"No fireplace","Other","Unf","Other","Other","Other","Other",0,75,161,0,0,0,"No","No fence","None",0,10,2006,99800,236,1,5
"20","RL",90,5400,"Pave","No alley","Reg","Lvl","AllPub","Inside","Gtl","OldTown","Norm","Norm","1Fam","1Story",5,7,1954,2000,"Gable","CompShg","MetalSd","MetalSd","None",0,"TA","Other","CBlock","TA","TA","No","Rec",415,"Unf",0,418,833,"GasA","Ex","Y","SBrkr",833,0,0,833,0,0,1,0,2,1,"Other",4,"Typ",0,"No fireplace","Other","Unf","Other","TA","TA","Y",0,0,0,0,0,0,"No","Other","None",0,8,2006,117000,0,1,6
"30","RL",60,10914,"Pave","Other","Reg","Lvl","AllPub","Inside","Gtl","NAmes","Other","Norm","1Fam","1Story",3,3,1929,1950,"Other","CompShg","Wd Sdng","Wd Sdng","None",0,"TA","Other","CBlock","TA","TA","Other","Unf",0,"Unf",0,715,715,"GasA","Other","Other","Other",715,0,0,715,0,0,1,0,2,1,"TA",4,"Typ",0,"No fireplace","Other","Unf","2","Other","TA","Other",0,0,75,0,112,0,"No","No fence","None",0,8,2006,68000,187,1,56
"50","RL",60,7008,"Pave","No alley","Reg","Lvl","AllPub","Other","Gtl","OldTown","Norm","Norm","1Fam","Other",4,8,1900,1998,"Gable","CompShg","MetalSd","MetalSd","None",0,"TA","Other","Other","Other","Other","No","Unf",0,"Unf",0,448,448,"GasA","Ex","Y","SBrkr",448,272,0,720,0,0,1,0,1,1,"Other",5,"Typ",0,"No fireplace","Attchd","Unf","Other","Other","TA","Y",0,0,70,0,0,0,"No","No fence","None",0,3,2006,86900,70,1,8
"30","RL",60,10800,"Pave","Other","Reg","Lvl","AllPub","Inside","Gtl","OldTown","Norm","Norm","1Fam","1Story",5,6,1920,1950,"Other","CompShg","Stucco","Stucco","None",0,"TA","TA","Other","TA","TA","No","Rec",821,"Unf",0,299,1120,"GasA","Ex","Y","SBrkr",1130,0,0,1130,1,0,1,0,2,1,"TA",5,"Typ",1,"Gd","Other","Unf","2","TA","TA","Y",229,0,0,0,0,0,"No","No fence","None",0,6,2006,120000,0,2,56
"70","RL",60,7200,"Pave","Other","Reg","Lvl","AllPub","Inside","Gtl","OldTown","Norm","Norm","1Fam","Other",6,8,1915,1950,"Gable","CompShg","MetalSd","MetalSd","None",0,"TA","Other","CBlock","TA","TA","No","Rec",338,"Unf",0,325,663,"GasA","Ex","Y","SBrkr",774,821,0,1595,0,0,2,0,3,1,"TA",7,"Typ",1,"Gd","Other","Unf","2","TA","TA","Y",49,0,231,0,0,0,"No","No fence","None",0,4,2006,155500,231,2,56
"190","RL",60,10800,"Pave","No alley","Reg","Lvl","AllPub","Other","Gtl","OldTown","Norm","Norm","Other","Other",5,4,1900,1970,"Gable","CompShg","Wd Sdng","Wd Sdng","None",0,"TA","Other","CBlock","TA","Other","No","BLQ",664,"Unf",0,290,954,"GasA","TA","Other","Other",1766,648,0,2414,0,0,2,0,3,2,"TA",10,"Other",1,"Gd","Attchd","Unf","2","TA","Other","Other",142,0,0,0,0,0,"No","No fence","None",0,5,2006,160000,0,2,36
"50","RL",60,10800,"Pave","Other","Reg","Lvl","AllPub","Inside","Gtl","OldTown","Norm","Norm","1Fam","Other",5,8,1936,1989,"Gable","CompShg","Wd Sdng","Wd Sdng","None",0,"TA","TA","CBlock","Other","TA","No","ALQ",626,"Unf",0,170,796,"GasA","Other","Y","SBrkr",1096,370,0,1466,0,1,2,0,3,1,"Other",7,"Other",1,"TA","Attchd","Unf","2","TA","TA","Y",436,21,0,0,0,0,"No","No fence","Other",500,4,2006,170000,21,2.5,17
"80","RL",85,13400,"Pave","No alley","Reg","Lvl","AllPub","Inside","Gtl","NAmes","Norm","Norm","1Fam","Other",5,5,1966,1966,"Gable","CompShg","VinylSd","VinylSd","Other",1047,"TA","TA","CBlock","TA","TA","Other","ALQ",516,"Other",128,380,1024,"GasA","TA","Y","SBrkr",1086,0,0,1086,1,0,1,0,3,1,"TA",6,"Typ",1,"Gd","Attchd","RFn","2","TA","TA","Y",0,0,0,0,0,0,"No","Other","None",0,6,2006,159950,0,2,40
"80","RL",83,10184,"Pave","No alley","Reg","Lvl","AllPub","Inside","Gtl","NAmes","Norm","Norm","1Fam","Other",6,5,1963,1963,"Gable","CompShg","HdBoard","HdBoard","Other",379,"TA","TA","CBlock","TA","TA","Other","ALQ",580,"Unf",0,503,1083,"GasA","TA","Y","SBrkr",1146,0,0,1146,0,1,1,0,3,1,"TA",6,"Typ",1,"Gd","Attchd","Unf","Other","TA","TA","Y",345,75,0,0,0,0,"No","No fence","None",0,6,2006,165000,75,1.5,43
"50","RL",77,9786,"Pave","No alley","Other","Other","AllPub","Inside","Gtl","NAmes","Norm","Norm","1Fam","Other",6,7,1962,1981,"Gable","CompShg","Wd Sdng","Wd Sdng","None",0,"TA","TA","CBlock","TA","TA","No","Rec",600,"Unf",0,312,912,"GasA","TA","Y","SBrkr",1085,649,0,1734,0,0,1,1,3,1,"Other",7,"Typ",1,"Gd","Attchd","RFn","2","TA","TA","Y",0,0,0,0,128,0,"No","Other","None",0,6,2006,159000,128,1.5,25
"20","RL",77,9510,"Pave","No alley","Reg","Lvl","AllPub","Inside","Gtl","NAmes","Norm","Norm","1Fam","1Story",6,5,1962,1985,"Gable","CompShg","HdBoard","HdBoard","Other",161,"TA","TA","CBlock","TA","TA","No","ALQ",701,"Unf",0,434,1135,"GasA","Ex","Y","SBrkr",1207,0,0,1207,0,0,1,1,3,1,"TA",6,"Typ",0,"No fireplace","Attchd","RFn","Other","TA","TA","Y",0,240,0,0,0,0,"No","No fence","None",0,5,2006,147000,240,1.5,21
"20","RL",79,8910,"Pave","No alley","Reg","Lvl","AllPub","Other","Gtl","NAmes","Norm","Norm","1Fam","1Story",6,6,1959,1959,"Other","CompShg","BrkFace","BrkFace","None",0,"TA","TA","CBlock","TA","TA","Other","ALQ",655,"Unf",0,0,655,"GasA","Ex","Y","SBrkr",1194,0,0,1194,0,1,1,0,3,1,"TA",6,"Typ",1,"Other","Other","Fin","2","TA","TA","Y",0,0,192,0,0,0,"No","No fence","None",0,7,2006,159500,192,1.5,47
"20","RL",73,7100,"Pave","No alley","Other","Lvl","AllPub","Other","Gtl","NAmes","Norm","Norm","1Fam","1Story",5,7,1957,1957,"Gable","CompShg","WdShing","Wd Shng","None",0,"TA","TA","CBlock","TA","TA","No","GLQ",708,"Unf",0,108,816,"GasA","TA","Y","Other",816,0,0,816,1,0,1,0,2,1,"TA",5,"Typ",0,"No fireplace","Other","Unf","Other","TA","TA","Y",0,0,0,0,0,0,"No","No fence","None",0,7,2006,129900,0,2,49
"20","RL",80,10800,"Pave","No alley","Reg","Lvl","AllPub","Inside","Gtl","NAmes","Other","Norm","1Fam","1Story",6,6,1961,1992,"Gable","CompShg","HdBoard","HdBoard","Other",104,"TA","TA","CBlock","TA","TA","No","Rec",913,"Unf",0,400,1313,"GasA","TA","Y","SBrkr",1773,0,0,1773,1,0,2,0,3,1,"TA",6,"Other",2,"TA","Attchd","RFn","2","TA","TA","Y",355,98,0,0,144,0,"No","No fence","None",0,8,2006,183000,242,3,14
"20","RL",86,11650,"Pave","No alley","Reg","Lvl","AllPub","Other","Gtl","NAmes","Other","Norm","1Fam","1Story",7,5,1959,1959,"Other","CompShg","Plywood","Plywood","Other",58,"TA","TA","Other","Other","Other","Other","Other",0,"Other",0,0,0,"GasA","Other","Y","Other",1472,0,0,1472,0,0,2,0,2,1,"Other",5,"Typ",1,"Gd","Attchd","Unf","2","TA","TA","Y",0,68,0,0,227,0,"No","No fence","None",0,6,2006,157500,295,2,47
"60","RL",0,18275,"Pave","No alley","Other","Other","AllPub","Inside","Gtl","NAmes","Norm","Norm","1Fam","Other",7,8,1962,1998,"Gable","CompShg","Plywood","Plywood","None",0,"TA","TA","CBlock","TA","TA","Other","ALQ",636,"Unf",0,802,1438,"GasA","TA","Y","SBrkr",1900,548,0,2448,1,0,3,0,3,1,"TA",9,"Typ",2,"Gd","Attchd","RFn","2","TA","TA","Y",520,102,0,0,0,0,"No","No fence","None",0,9,2006,277500,102,4,8
"20","RL",47,16321,"Pave","No alley","Other","Lvl","AllPub","Other","Gtl","NAmes","Norm","Norm","1Fam","1Story",5,6,1957,1997,"Gable","CompShg","MetalSd","MetalSd","None",0,"TA","TA","CBlock","TA","TA","Other","BLQ",1277,"Unf",0,207,1484,"GasA","TA","Y","SBrkr",1600,0,0,1600,1,0,1,0,2,1,"TA",6,"Typ",2,"Gd","Attchd","RFn","Other","TA","TA","Y",288,258,0,0,0,0,"No","No fence","None",0,12,2006,207500,258,2,9
"50","RL",60,12144,"Pave","No alley","Reg","Lvl","AllPub","Inside","Gtl","NAmes","Norm","Norm","1Fam","Other",4,6,1950,1950,"Gable","CompShg","Other","Wd Sdng","None",0,"TA","TA","CBlock","TA","TA","No","Rec",455,"Unf",0,455,910,"GasA","Other","Y","SBrkr",910,611,0,1521,0,0,1,1,3,1,"Other",6,"Other",0,"No fireplace","Other","Unf","Other","Other","TA","Y",199,0,168,0,0,0,"No","No fence","None",0,9,2006,147500,168,1.5,56
"20","RL",60,7200,"Pave","No alley","Reg","Lvl","AllPub","Inside","Gtl","NAmes","Norm","Norm","1Fam","1Story",5,7,1950,1950,"Other","CompShg","Wd Sdng","Wd Sdng","None",0,"TA","TA","CBlock","Other","Other","Other","Other",0,"Other",0,0,0,"GasA","TA","Y","Other",1040,0,0,1040,0,0,1,0,2,1,"TA",5,"Typ",0,"No fireplace","Other","Unf","2","TA","TA","Y",0,0,0,0,0,0,"No","No fence","None",0,6,2006,109500,0,1,56
"20","RL",60,7200,"Pave","No alley","Reg","Lvl","AllPub","Inside","Gtl","NAmes","Norm","Norm","1Fam","1Story",4,5,1950,1950,"Gable","CompShg","BrkFace","Wd Sdng","None",0,"TA","TA","Other","Other","Other","Other","Other",0,"Other",0,0,0,"GasA","TA","Y","Other",1040,0,0,1040,0,0,1,0,2,1,"TA",4,"Typ",0,"No fireplace","Other","Unf","2","TA","TA","Y",0,29,0,0,0,0,"No","No fence","None",0,7,2006,109900,29,1,56
"20","RL",70,7560,"Pave","No alley","Reg","Lvl","AllPub","Inside","Gtl","NAmes","Norm","Norm","1Fam","1Story",5,5,1959,1959,"Gable","CompShg","BrkFace","Wd Sdng","None",0,"TA","TA","CBlock","TA","TA","No","Other",369,"Unf",0,671,1040,"GasA","TA","Y","Other",1040,0,0,1040,0,0,1,0,3,1,"TA",6,"Typ",0,"No fireplace","Attchd","RFn","Other","TA","TA","Y",140,0,252,0,0,0,"No","Other","None",0,7,2006,133700,252,1,47
"90","RL",60,8544,"Pave","No alley","Reg","Lvl","AllPub","Other","Gtl","NAmes","Norm","Norm","Other","1Story",3,4,1950,1950,"Gable","CompShg","BrkFace","Other","None",0,"TA","TA","Other","Other","Other","Other","Other",0,"Other",0,0,0,"Other","Other","Other","Other",1040,0,0,1040,0,0,2,0,2,2,"TA",6,"Typ",0,"No fireplace","Other","Unf","2","TA","Other","Y",0,0,0,0,0,0,"No","No fence","None",0,12,2006,81400,0,2,56
"90","RL",0,8544,"Pave","No alley","Reg","Lvl","AllPub","Inside","Gtl","NAmes","Norm","Norm","Other","1Story",3,4,1949,1950,"Gable","CompShg","Stucco","Stucco","Other",340,"TA","TA","Other","Other","Other","Other","Other",0,"Other",0,0,0,"Other","Other","Other","Other",1040,0,0,1040,0,0,2,0,2,2,"TA",6,"Typ",0,"No fireplace","Other","Unf","2","TA","TA","Y",0,0,0,0,0,0,"No","No fence","None",0,5,2006,87500,0,2,56
"90","RL",60,8544,"Pave","No alley","Reg","Lvl","AllPub","Inside","Gtl","NAmes","Norm","Norm","Other","1Story",3,4,1950,1950,"Gable","CompShg","Stucco","Other","None",0,"TA","TA","CBlock","Other","Other","Other","Other",0,"Other",0,0,0,"GasA","Other","Other","Other",1040,0,0,1040,0,0,2,0,2,2,"TA",6,"Typ",0,"No fireplace","Other","Unf","2","TA","TA","Y",0,0,0,0,0,0,"No","No fence","None",0,7,2006,93500,0,2,56
"90","RL",75,8512,"Pave","No alley","Reg","Lvl","AllPub","Other","Gtl","NAmes","Norm","Norm","Other","1Story",5,5,1960,1960,"Other","CompShg","BrkFace","BrkFace","None",0,"TA","TA","CBlock","TA","Other","No","Unf",0,"Unf",0,1556,1556,"GasA","TA","Y","SBrkr",1556,0,0,1556,0,0,2,0,4,2,"TA",8,"Typ",0,"No fireplace","Other","Other","Other","Other","Other","Y",0,0,0,0,0,0,"No","No fence","None",0,9,2006,119000,0,2,46
"20","RL",70,7945,"Pave","No alley","Reg","Lvl","AllPub","Inside","Gtl","NAmes","Norm","Norm","1Fam","1Story",5,6,1959,1959,"Gable","CompShg","BrkFace","Wd Sdng","None",0,"TA","TA","CBlock","TA","TA","No","ALQ",179,"Other",506,465,1150,"GasA","Ex","Y","Other",1150,0,0,1150,1,0,1,0,3,1,"TA",6,"Typ",0,"No fireplace","Attchd","RFn","Other","TA","TA","Y",0,0,0,0,0,0,"No","No fence","None",0,5,2006,141000,0,2,47
"20","RL",70,7000,"Pave","No alley","Reg","Lvl","AllPub","Inside","Gtl","NAmes","Norm","Norm","1Fam","1Story",5,4,1961,1961,"Other","CompShg","BrkFace","BrkFace","None",0,"TA","TA","CBlock","TA","TA","No","GLQ",781,"Unf",0,369,1150,"GasA","TA","Y","SBrkr",1150,0,0,1150,0,0,1,0,3,1,"TA",6,"Typ",0,"No fireplace","Attchd","RFn","Other","TA","TA","Y",0,0,0,0,162,0,"No","No fence","None",0,7,2006,146000,162,1,45
"60","RL",69,7590,"Pave","No alley","Reg","Lvl","AllPub","Inside","Gtl","NAmes","Other","Norm","1Fam","Other",6,5,1966,1966,"Gable","CompShg","VinylSd","VinylSd","Other",266,"TA","TA","CBlock","TA","TA","No","BLQ",512,"Unf",0,148,660,"GasA","TA","Y","SBrkr",660,688,0,1348,0,0,1,1,3,1,"TA",6,"Typ",1,"Other","Attchd","RFn","2","TA","TA","Y",188,108,0,0,0,0,"No","No fence","None",0,7,2006,155000,108,1.5,40
"85","RL",69,10205,"Pave","No alley","Other","Lvl","AllPub","Inside","Gtl","NAmes","Norm","Norm","1Fam","Other",5,5,1962,1962,"Gable","CompShg","MetalSd","MetalSd","None",0,"TA","TA","CBlock","TA","TA","Other","BLQ",784,"Unf",0,141,925,"GasA","TA","Y","SBrkr",999,0,0,999,1,0,1,0,3,1,"TA",6,"Typ",0,"No fireplace","Attchd","Unf","Other","TA","TA","Y",150,72,0,0,0,0,"No","No fence","None",0,5,2006,134500,72,2,44
"20","RL",74,7400,"Pave","No alley","Reg","Lvl","AllPub","Other","Gtl","NAmes","Other","Norm","1Fam","1Story",7,6,1962,1962,"Gable","CompShg","Wd Sdng","Wd Sdng","None",0,"TA","TA","CBlock","TA","TA","No","Other",809,"Unf",0,236,1045,"GasA","Other","Y","SBrkr",1045,0,0,1045,1,0,1,0,3,1,"TA",6,"Typ",0,"No fireplace","Other","Unf","2","TA","TA","Y",0,0,0,0,0,0,"No","No fence","None",0,3,2006,120000,0,2,44
"20","RL",70,7000,"Pave","No alley","Reg","Lvl","AllPub","Inside","Gtl","NAmes","Other","Norm","1Fam","1Story",5,6,1962,1962,"Gable","CompShg","Wd Sdng","Wd Sdng","None",0,"TA","TA","CBlock","TA","TA","No","BLQ",468,"Unf",0,396,864,"GasA","Other","Y","SBrkr",864,0,0,864,0,1,1,0,3,1,"TA",5,"Typ",0,"No fireplace","Attchd","Unf","Other","TA","TA","Y",0,0,0,0,0,0,"No","Other","None",0,2,2006,105000,0,1.5,44
"190","RL",70,7000,"Pave","No alley","Reg","Lvl","AllPub","Inside","Gtl","NAmes","Other","Norm","Other","Other",5,5,1962,1962,"Gable","CompShg","MetalSd","MetalSd","None",0,"TA","TA","CBlock","TA","TA","Other","ALQ",953,"Unf",0,72,1025,"GasA","TA","Y","SBrkr",1025,0,0,1025,1,0,1,0,3,1,"TA",6,"Typ",0,"No fireplace","Other","Other","Other","Other","Other","Y",96,80,0,0,0,0,"No","No fence","None",0,3,2006,124000,80,2,44
"70","Other",62,9856,"Pave","Other","Reg","Lvl","AllPub","Other","Gtl","OldTown","Norm","Norm","1Fam","Other",5,8,1900,2005,"Other","CompShg","CemntBd","CmentBd","None",0,"Other","Other","PConc","Other","TA","No","Unf",0,"Unf",0,716,716,"GasA","Ex","Y","Other",1007,1007,0,2014,0,0,2,0,5,1,"TA",8,"Typ",0,"No fireplace","Other","Unf","2","TA","TA","Y",0,72,167,0,0,0,"No","No fence","None",0,6,2006,169000,239,2,1
"50","Other",60,9600,"Pave","Other","Reg","Lvl","AllPub","Inside","Gtl","OldTown","Norm","Norm","1Fam","Other",5,6,1948,1950,"Gable","CompShg","MetalSd","MetalSd","Other",264,"TA","TA","CBlock","TA","TA","No","Rec",276,"Unf",0,936,1212,"GasA","Other","Y","Other",1226,442,0,1668,1,0,1,0,3,1,"TA",6,"Typ",0,"No fireplace","Other","Unf","Other","TA","TA","Y",0,0,140,0,0,0,"No","No fence","None",0,5,2006,135000,140,2,56
"50","Other",60,5520,"Pave","No alley","Reg","Lvl","AllPub","Other","Gtl","OldTown","Norm","Norm","1Fam","Other",4,6,1920,1980,"Gable","CompShg","Wd Sdng","Wd Sdng","None",0,"TA","TA","PConc","TA","Other","No","Other",284,"Unf",0,863,1147,"GasA","TA","Other","SBrkr",1147,510,0,1657,0,0,1,0,4,1,"Other",9,"Typ",1,"TA","Other","Unf","Other","Other","Other","Other",0,0,0,0,0,0,"No","No fence","None",0,7,2006,111500,0,1,26
"50","Other",60,9600,"Pave","Other","Reg","Lvl","AllPub","Inside","Gtl","OldTown","Norm","Norm","1Fam","Other",6,8,1900,2004,"Gable","CompShg","Wd Sdng","Wd Sdng","None",0,"TA","TA","Other","TA","TA","No","Rec",381,"Unf",0,399,780,"GasA","Ex","Y","SBrkr",940,476,0,1416,0,1,1,0,3,1,"Other",7,"Typ",0,"No fireplace","Other","Unf","2","TA","TA","Y",0,24,0,0,0,0,"No","No fence","None",0,6,2006,156500,24,1.5,2
"70","Other",60,9600,"Pave","Other","Reg","Lvl","AllPub","Inside","Gtl","OldTown","Norm","Norm","1Fam","Other",7,7,1925,1990,"Gable","CompShg","Wd Sdng","Wd Sdng","None",0,"TA","TA","Other","TA","Other","No","Other",16,"Unf",0,712,728,"GasA","Ex","Y","SBrkr",832,809,0,1641,0,1,1,1,3,1,"Other",6,"Typ",1,"Gd","Other","Unf","2","Other","TA","Y",0,0,234,0,0,0,"No","No fence","None",0,8,2006,178000,234,2,16
"70","Other",58,6451,"Pave","Other","Reg","Lvl","AllPub","Inside","Gtl","OldTown","Norm","Norm","1Fam","Other",7,7,1900,1970,"Gable","CompShg","AsbShng","Wd Sdng","None",0,"TA","TA","Other","TA","TA","No","Rec",208,"Unf",0,504,712,"GasA","Other","Y","SBrkr",848,580,0,1428,1,0,1,0,4,1,"TA",7,"Typ",0,"No fireplace","Other","Fin","2","TA","TA","Y",264,0,84,0,0,0,"No","No fence","None",0,5,2006,139900,84,2,36
"70","Other",66,3960,"Pave","Other","Reg","Lvl","AllPub","Inside","Gtl","OldTown","Norm","Norm","1Fam","Other",7,8,1930,1950,"Gable","CompShg","Wd Sdng","Wd Sdng","None",0,"TA","TA","Other","TA","TA","No","Unf",0,"Unf",0,502,502,"GasA","TA","Other","SBrkr",502,502,0,1004,0,0,1,0,2,1,"Other",5,"Typ",1,"Other","Other","Unf","Other","Other","TA","Other",280,0,68,0,0,0,"No","Other","None",0,7,2006,105000,68,1,56
"30","Other",70,5684,"Pave","No alley","Reg","Lvl","AllPub","Inside","Gtl","OldTown","Norm","Norm","1Fam","1Story",6,8,1930,2005,"Other","CompShg","Wd Sdng","Wd Sdng","None",0,"TA","TA","Other","TA","TA","No","Unf",0,"Unf",0,813,813,"GasA","Ex","Y","Other",813,0,0,813,0,0,1,0,2,1,"Other",5,"Typ",0,"No fireplace","Other","Unf","Other","Other","Other","Other",0,113,0,0,0,0,"No","No fence","None",0,6,2006,110000,113,1,1
"190","Other",56,7745,"Pave","Other","Reg","Lvl","AllPub","Inside","Gtl","OldTown","Norm","Norm","Other","Other",4,6,1900,1950,"Gable","CompShg","MetalSd","MetalSd","None",0,"Other","TA","PConc","TA","TA","No","Unf",0,"Unf",0,938,938,"GasA","Other","Other","SBrkr",1084,867,0,1951,0,0,2,0,4,2,"Other",9,"Typ",0,"No fireplace","Other","Unf","2","TA","TA","Other",0,6,28,0,0,0,"No","No fence","None",0,4,2006,111500,34,2,56
"30","Other",50,5633,"Pave","Other","Reg","Lvl","AllPub","Inside","Gtl","OldTown","Norm","Norm","1Fam","1Story",5,7,1925,1950,"Gable","CompShg","MetalSd","Stucco","None",0,"TA","TA","Other","TA","Other","No","Unf",0,"Unf",0,844,844,"GasA","TA","Y","SBrkr",844,0,0,844,0,0,1,0,2,1,"TA",5,"Typ",0,"No fireplace","Other","Unf","Other","TA","TA","Other",50,81,123,0,0,0,"No","No fence","None",0,7,2006,111500,204,1,56
"20","Other",60,7200,"Pave","Other","Reg","Lvl","AllPub","Inside","Gtl","OldTown","Norm","Norm","1Fam","1Story",4,5,1950,1950,"Gable","CompShg","MetalSd","MetalSd","None",0,"TA","TA","CBlock","TA","TA","No","Unf",0,"Unf",0,576,576,"GasA","Ex","Y","SBrkr",864,0,0,864,0,0,1,0,2,1,"TA",5,"Typ",0,"No fireplace","Other","RFn","Other","TA","TA","Y",0,0,0,0,115,0,"No","No fence","None",0,8,2006,105000,115,1,56
"50","Other",40,4400,"Pave","No alley","Reg","Lvl","AllPub","Inside","Gtl","OldTown","Norm","Norm","1Fam","Other",6,8,1920,1950,"Gable","CompShg","Stucco","Stucco","None",0,"TA","TA","Other","Other","TA","No","Unf",0,"Unf",0,648,648,"GasA","TA","Y","Other",734,384,0,1118,0,0,1,0,2,1,"TA",6,"Typ",0,"No fireplace","Other","Unf","2","TA","TA","Y",0,0,0,0,0,0,"No","No fence","None",0,10,2006,116000,0,1,56
"70","Other",42,7614,"Pave","Other","Reg","Lvl","AllPub","Inside","Other","OldTown","Norm","Norm","1Fam","Other",3,5,1905,1950,"Gable","CompShg","MetalSd","MetalSd","None",0,"TA","TA","Other","TA","Other","Other","Unf",0,"Unf",0,738,738,"GasA","Other","Y","Other",714,662,0,1376,0,0,1,0,2,1,"TA",7,"Typ",0,"No fireplace","Other","Unf","Other","TA","TA","Other",0,0,104,0,225,0,"No","No fence","None",0,3,2006,96900,329,1,56
"190","Other",50,6000,"Pave","No alley","Reg","Lvl","AllPub","Inside","Gtl","OldTown","Norm","Norm","Other","1Story",5,7,1955,1955,"Other","CompShg","Wd Sdng","Wd Sdng","None",0,"TA","TA","CBlock","TA","TA","Other","GLQ",576,"Unf",0,384,960,"GasA","TA","Y","Other",960,0,0,960,1,0,1,0,3,1,"TA",5,"Typ",0,"No fireplace","Other","Unf","2","TA","TA","Y",0,0,0,0,0,0,"No","No fence","None",0,6,2006,135500,0,2,51
"50","Other",50,6000,"Pave","No alley","Reg","Lvl","AllPub","Inside","Gtl","OldTown","Norm","Norm","1Fam","Other",5,7,1924,1950,"Gable","CompShg","MetalSd","MetalSd","Other",145,"TA","Other","PConc","TA","TA","No","Unf",0,"Unf",0,816,816,"GasA","Ex","Y","SBrkr",816,750,0,1566,0,0,1,1,5,1,"Other",7,"Typ",0,"No fireplace","Other","Unf","2","TA","TA","Y",24,0,296,0,0,0,"No","Other","None",0,8,2006,139000,296,1.5,56
"30","Other",52,7830,"Pave","No alley","Reg","Lvl","AllPub","Inside","Gtl","OldTown","Norm","Norm","1Fam","1Story",3,5,1921,1950,"Gable","CompShg","AsbShng","AsbShng","None",0,"TA","TA","Other","Other","TA","No","Other",416,"Unf",0,76,492,"GasA","TA","Y","SBrkr",492,0,0,492,1,0,1,0,1,1,"TA",3,"Typ",0,"No fireplace","Other","Unf","Other","Other","TA","Other",0,0,78,0,0,0,"No","No fence","None",0,6,2006,61500,78,2,56
"50","Other",56,9576,"Pave","No alley","Reg","Lvl","AllPub","Inside","Gtl","OldTown","Norm","Norm","1Fam","Other",6,7,1945,1950,"Gable","CompShg","VinylSd","VinylSd","None",0,"TA","TA","CBlock","Other","TA","No","Rec",310,"Unf",0,460,770,"GasA","TA","Y","SBrkr",885,297,0,1182,0,0,1,1,3,1,"TA",5,"Typ",0,"No fireplace","Other","Unf","Other","Other","TA","Y",0,0,0,0,0,0,"No","Other","None",0,5,2006,120000,0,1.5,56
"20","Other",49,5820,"Pave","No alley","Reg","Lvl","AllPub","Inside","Gtl","OldTown","Norm","Norm","1Fam","1Story",3,8,1955,2005,"Gable","CompShg","VinylSd","VinylSd","None",0,"TA","Other","CBlock","TA","TA","No","ALQ",256,"Unf",0,906,1162,"GasA","Ex","Y","SBrkr",1163,0,0,1163,1,0,1,0,3,1,"TA",6,"Typ",0,"No fireplace","Attchd","Unf","Other","Other","TA","Y",142,98,0,0,0,0,"No","No fence","None",0,7,2006,126175,98,2,1
"30","Other",48,5747,"Pave","No alley","Reg","Lvl","AllPub","Inside","Gtl","OldTown","Norm","Norm","1Fam","1Story",3,4,1920,1950,"Gable","CompShg","Wd Sdng","Wd Sdng","None",0,"TA","TA","PConc","TA","TA","No","Unf",0,"Unf",0,798,798,"GasA","Other","Y","SBrkr",840,0,0,840,0,0,1,0,2,1,"Other",5,"Typ",0,"No fireplace","Other","Unf","Other","TA","Other","Other",112,0,0,0,0,0,"No","No fence","None",0,6,2006,64000,0,1,56
"190","Other",69,9142,"Pave","Other","Reg","Lvl","AllPub","Inside","Gtl","OldTown","Norm","Norm","Other","Other",6,8,1910,1950,"Gable","CompShg","AsbShng","AsbShng","None",0,"TA","Other","Other","Other","TA","No","Unf",0,"Unf",0,1020,1020,"GasA","Other","Other","Other",908,1020,0,1928,0,0,2,0,4,2,"Other",9,"Typ",0,"No fireplace","Other","Unf","Other","Other","Other","Y",0,60,112,0,0,0,"No","No fence","None",0,4,2006,137000,172,2,56
"70","Other",60,9600,"Pave","Other","Reg","Lvl","AllPub","Inside","Gtl","OldTown","Norm","Norm","1Fam","Other",4,2,1900,1950,"Gable","CompShg","AsbShng","Stucco","None",0,"TA","TA","Other","TA","Other","No","Unf",0,"Unf",0,1095,1095,"Other","Other","Other","SBrkr",1095,679,0,1774,1,0,2,0,4,2,"TA",8,"Other",0,"No fireplace","Other","Unf","Other","Other","Other","Other",0,0,90,0,0,0,"No","No fence","None",0,5,2006,87000,90,3,56
"75","Other",60,10800,"Pave","No alley","Reg","Lvl","AllPub","Inside","Gtl","OldTown","Norm","Norm","1Fam","Other",7,7,1914,1970,"Gable","CompShg","Wd Sdng","Wd Sdng","None",0,"TA","TA","Other","Gd","TA","Other","Rec",390,"Unf",0,490,880,"Other","Other","Other","SBrkr",880,888,0,1768,0,0,1,1,2,1,"TA",6,"Typ",2,"TA","Other","Unf","2","TA","TA","Other",0,341,0,0,0,0,"No","No fence","None",0,10,2006,163000,341,1.5,36
"75","Other",70,6300,"Pave","No alley","Reg","Lvl","AllPub","Other","Gtl","OldTown","Norm","Norm","1Fam","Other",7,6,1910,2005,"Gable","CompShg","Wd Sdng","Wd Sdng","None",0,"TA","TA","Other","TA","TA","No","Unf",0,"Unf",0,1226,1226,"GasA","Ex","Y","SBrkr",1226,878,0,2104,0,0,2,0,5,1,"TA",9,"Typ",0,"No fireplace","Other","Unf","2","Other","TA","Other",0,341,88,0,0,0,"No","No fence","None",0,7,2006,155000,429,2,1
"50","Other",63,5000,"Pave","No alley","Reg","Lvl","AllPub","Other","Gtl","OldTown","Norm","Norm","1Fam","Other",5,4,1900,1950,"Gable","CompShg","Wd Sdng","Wd Sdng","None",0,"TA","TA","Other","TA","TA","No","Unf",0,"Unf",0,540,540,"GasA","Other","Other","Other",889,551,0,1440,0,0,1,0,3,1,"TA",6,"Typ",0,"No fireplace","Attchd","Unf","Other","Other","TA","Y",0,0,77,0,0,0,"No","No fence","None",0,4,2006,79000,77,1,56
"75","Other",65,8850,"Pave","No alley","Other","Other","AllPub","Other","Gtl","OldTown","Norm","Norm","1Fam","Other",7,6,1916,1950,"Gable","CompShg","MetalSd","MetalSd","None",0,"TA","TA","Other","TA","TA","No","Unf",0,"Unf",0,815,815,"GasA","Ex","Y","SBrkr",815,875,0,1690,0,0,1,0,3,1,"TA",7,"Typ",1,"Gd","Other","Unf","Other","TA","TA","Y",0,0,330,0,0,0,"No","No fence","None",0,7,2006,144000,330,1,56
"70","Other",60,3600,"Pave","Other","Reg","Lvl","AllPub","Inside","Gtl","OldTown","Norm","Norm","1Fam","Other",6,7,1910,1993,"Gable","CompShg","VinylSd","VinylSd","None",0,"TA","TA","CBlock","TA","TA","No","Unf",0,"Unf",0,684,684,"GasA","Ex","Other","Other",684,684,0,1368,0,0,1,0,3,1,"TA",7,"Typ",0,"No fireplace","Other","Unf","Other","TA","Other","Other",0,158,0,0,0,0,"No","No fence","None",0,10,2006,114504,158,1,13
"70","Other",60,7200,"Pave","No alley","Reg","Lvl","AllPub","Other","Gtl","OldTown","Norm","Norm","1Fam","Other",7,7,1920,1950,"Other","CompShg","Wd Sdng","Wd Sdng","None",0,"TA","TA","Other","Other","TA","No","Unf",0,"Unf",0,596,596,"GasA","Ex","Y","SBrkr",998,764,0,1762,1,0,1,1,4,1,"Other",8,"Typ",0,"No fireplace","Other","Unf","2","TA","TA","Other",36,0,221,0,0,0,"No","No fence","None",0,10,2006,157000,221,2.5,56
"75","Other",90,22950,"Pave","No alley","Other","Lvl","AllPub","Inside","Gtl","OldTown","Other","Norm","1Fam","Other",10,9,1892,1993,"Gable","Other","Wd Sdng","Wd Sdng","None",0,"Other","Other","Other","TA","TA","Other","Unf",0,"Unf",0,1107,1107,"GasA","Ex","Y","SBrkr",1518,1518,572,3608,0,0,2,1,4,1,"Other",12,"Typ",2,"TA","Other","Unf","Other","Other","TA","Y",0,260,0,0,410,0,"No","Other","None",0,6,2006,475000,670,2.5,13
"90","Other",33,5976,"Pave","No alley","Reg","Lvl","AllPub","Inside","Gtl","OldTown","Norm","Norm","Other","Other",5,7,1920,1950,"Other","CompShg","Wd Sdng","Wd Sdng","None",0,"TA","TA","PConc","TA","TA","No","Unf",0,"Unf",0,624,624,"GasA","Other","Other","Other",624,624,0,1248,0,0,2,0,2,2,"TA",8,"Typ",0,"No fireplace","Other","Other","Other","Other","Other","Other",0,130,256,0,0,0,"No","No fence","None",0,12,2006,93500,386,2,56
"20","Other",65,9750,"Pave","Other","Reg","Lvl","AllPub","Inside","Gtl","OldTown","Norm","Norm","1Fam","1Story",5,5,1958,1958,"Other","CompShg","HdBoard","HdBoard","None",0,"TA","TA","CBlock","TA","TA","No","Unf",0,"Unf",0,960,960,"GasA","Ex","Y","SBrkr",960,0,0,960,0,0,1,0,3,1,"TA",5,"Typ",0,"No fireplace","Other","Unf","2","TA","TA","Y",0,0,0,0,0,0,"No","No fence","Other",4500,7,2006,125000,0,1,48
"50","RL",65,6435,"Pave","No alley","Reg","Lvl","AllPub","Inside","Gtl","BrkSide","Other","Norm","1Fam","Other",6,5,1939,1950,"Gable","CompShg","MetalSd","MetalSd","None",0,"TA","TA","Other","TA","TA","No","Unf",0,"Unf",0,972,972,"GasA","Other","Y","SBrkr",972,605,0,1577,0,0,1,0,3,1,"Other",6,"Typ",1,"Gd","Other","Unf","Other","TA","TA","Y",0,0,0,0,0,0,"No","No fence","None",0,10,2006,140200,0,1,56
"70","RL",69,11737,"Pave","No alley","Other","Other","AllPub","Inside","Gtl","BrkSide","Norm","Norm","1Fam","Other",6,7,1924,1996,"Other","CompShg","Other","Stucco","None",0,"TA","TA","Other","TA","TA","No","Unf",0,"Unf",0,848,848,"Other","TA","Other","SBrkr",1017,810,0,1827,0,0,1,0,2,1,"TA",9,"Typ",1,"Gd","Other","Unf","Other","Other","TA","Y",27,36,42,0,0,0,"No","Other","None",0,5,2006,202500,78,1,10
"50","Other",50,5000,"Pave","No alley","Reg","Lvl","AllPub","Other","Gtl","BrkSide","Other","Norm","1Fam","Other",6,7,1947,1950,"Gable","CompShg","CemntBd","CmentBd","None",0,"TA","Other","CBlock","TA","TA","No","ALQ",399,"Unf",0,605,1004,"GasA","Ex","Y","SBrkr",1004,660,0,1664,0,0,2,0,3,1,"TA",7,"Typ",2,"Gd","Other","Unf","2","TA","TA","Y",0,24,36,0,0,0,"No","No fence","None",0,10,2006,159000,60,2,56
"190","Other",65,7800,"Pave","No alley","Reg","Lvl","AllPub","Inside","Gtl","OldTown","Other","Norm","Other","Other",5,7,1939,1950,"Gable","CompShg","MetalSd","MetalSd","None",0,"TA","TA","CBlock","Gd","TA","Other","Rec",507,"Unf",0,286,793,"GasA","TA","Y","SBrkr",793,325,0,1118,1,0,1,0,3,1,"TA",5,"Typ",1,"Gd","Other","Unf","2","TA","TA","Y",0,0,0,0,271,0,"No","Other","None",0,5,2006,119900,271,2,56
"50","Other",52,6240,"Pave","No alley","Reg","Lvl","AllPub","Inside","Gtl","BrkSide","Norm","Norm","1Fam","Other",6,6,1934,1950,"Gable","CompShg","Wd Sdng","Wd Sdng","None",0,"TA","TA","PConc","TA","TA","No","Unf",0,"Unf",0,816,816,"GasA","TA","Y","SBrkr",816,0,360,1176,0,0,1,0,3,1,"TA",6,"Typ",1,"Gd","Other","Unf","2","TA","TA","Y",112,0,0,0,0,0,"No","Other","Other",400,9,2006,114500,0,1,56
"50","Other",0,6240,"Pave","No alley","Reg","Lvl","AllPub","Inside","Gtl","BrkSide","Norm","Norm","1Fam","Other",5,4,1936,1950,"Gable","CompShg","MetalSd","MetalSd","None",0,"TA","TA","Other","Gd","TA","No","Unf",0,"Unf",0,896,896,"GasA","Other","Y","Other",896,448,0,1344,0,0,1,0,3,1,"TA",7,"Typ",0,"No fireplace","Other","Unf","Other","Other","TA","Y",200,114,0,0,0,0,"No","No fence","None",0,4,2006,115000,114,1,56
"50","Other",52,6240,"Pave","No alley","Reg","Lvl","AllPub","Inside","Gtl","BrkSide","Norm","Norm","1Fam","Other",4,5,1947,1950,"Gable","CompShg","AsbShng","AsbShng","None",0,"TA","TA","Other","Other","Other","Other","Other",0,"Other",0,0,0,"GasA","Other","Other","SBrkr",672,240,0,912,0,0,1,0,2,1,"TA",3,"Typ",0,"No fireplace","Other","Other","Other","Other","Other","Other",0,0,0,0,0,0,"No","No fence","None",0,7,2006,80500,0,1,56
"50","Other",51,6120,"Pave","No alley","Reg","Lvl","AllPub","Inside","Gtl","BrkSide","Norm","Norm","1Fam","Other",5,7,1930,1984,"Gable","CompShg","MetalSd","MetalSd","None",0,"TA","Other","Other","TA","TA","No","Unf",0,"Unf",0,741,741,"GasA","Other","Y","SBrkr",741,583,0,1324,0,0,1,0,3,1,"Other",7,"Typ",0,"No fireplace","Other","Unf","Other","Other","TA","Y",0,0,55,0,0,0,"No","No fence","None",0,2,2006,110000,55,1,22
"30","Other",50,6000,"Pave","No alley","Reg","Lvl","AllPub","Inside","Gtl","OldTown","Other","Norm","1Fam","1Story",6,6,1925,1980,"Gable","CompShg","MetalSd","MetalSd","None",0,"TA","Other","Other","TA","TA","No","BLQ",397,"Unf",0,706,1103,"GasA","Other","Y","SBrkr",1103,0,0,1103,0,0,1,0,2,1,"Other",5,"Typ",1,"Gd","Other","Unf","2","TA","TA","Y",166,120,0,0,0,0,"No","Other","None",0,7,2006,110500,120,1,26
"30","Other",50,6000,"Pave","No alley","Reg","Lvl","AllPub","Inside","Gtl","BrkSide","Norm","Norm","1Fam","1Story",5,7,1921,1950,"Gable","CompShg","Wd Sdng","Wd Shng","None",0,"TA","TA","CBlock","TA","TA","No","Other",616,"Unf",0,0,616,"GasA","Other","Y","SBrkr",616,0,0,616,0,0,1,0,2,1,"TA",4,"Typ",0,"No fireplace","Other","Unf","Other","TA","TA","Y",0,0,129,0,0,0,"No","No fence","None",0,6,2006,89000,129,1,56
"45","Other",58,6380,"Pave","No alley","Reg","Lvl","AllPub","Inside","Gtl","BrkSide","Norm","Norm","1Fam","Other",5,6,1922,1950,"Gable","CompShg","MetalSd","MetalSd","None",0,"TA","TA","Other","TA","Other","No","Unf",0,"Unf",0,993,993,"GasA","TA","Y","Other",1048,0,0,1048,0,0,1,0,2,1,"TA",5,"Typ",1,"Gd","Other","Unf","Other","TA","TA","Y",0,0,116,0,0,0,"No","No fence","None",0,8,2006,113000,116,1,56
"30","RL",50,11672,"Pave","Other","Other","Lvl","AllPub","Inside","Gtl","BrkSide","Norm","Norm","1Fam","1Story",5,5,1925,1950,"Gable","CompShg","MetalSd","MetalSd","None",0,"TA","TA","Other","TA","TA","No","Unf",0,"Unf",0,816,816,"GasA","TA","Y","Other",816,0,0,816,0,0,1,0,2,1,"TA",4,"Typ",0,"No fireplace","Other","Unf","Other","Other","Other","Other",168,0,112,0,0,0,"No","No fence","None",0,7,2006,109000,112,1,56
"50","Other",90,33120,"Pave","No alley","Other","Lvl","AllPub","Inside","Gtl","OldTown","Other","Other","1Fam","Other",6,5,1962,1962,"Gable","CompShg","BrkFace","Wd Sdng","None",0,"TA","TA","CBlock","TA","TA","No","Unf",0,"Unf",0,1595,1595,"GasA","TA","Y","SBrkr",1611,875,0,2486,0,0,2,0,5,1,"TA",8,"Typ",1,"Gd","Other","Unf","2","TA","TA","Y",0,0,0,0,0,0,"No","No fence","None",0,10,2006,220000,0,2,44
"190","RL",60,9873,"Pave","No alley","Reg","Lvl","AllPub","Inside","Gtl","BrkSide","Other","Norm","Other","1Story",4,5,1970,1970,"Gable","CompShg","HdBoard","HdBoard","Other",160,"TA","TA","CBlock","TA","TA","Other","ALQ",789,"Unf",0,171,960,"Other","TA","Other","SBrkr",960,0,0,960,1,0,1,0,3,1,"TA",6,"Typ",0,"No fireplace","Other","Unf","2","TA","TA","Y",0,288,0,0,0,0,"No","No fence","None",0,5,2006,129000,288,2,36
"50","Other",59,5310,"Pave","No alley","Reg","Lvl","AllPub","Other","Gtl","OldTown","Other","Norm","1Fam","Other",6,8,1910,2003,"Other","CompShg","VinylSd","VinylSd","None",0,"TA","Other","CBlock","TA","Other","No","Unf",0,"Unf",0,485,485,"GasA","Other","Y","SBrkr",1001,634,0,1635,0,0,1,0,2,1,"Other",5,"Typ",0,"No fireplace","Attchd","Unf","Other","Other","TA","Y",394,0,0,0,0,0,"No","No fence","None",0,6,2006,117000,0,1,3
"30","Other",153,4118,"Pave","Other","Other","Other","AllPub","Other","Other","OldTown","Other","Norm","1Fam","1Story",4,4,1941,1950,"Gable","CompShg","Wd Sdng","Wd Sdng","None",0,"TA","TA","CBlock","TA","TA","No","Unf",0,"Unf",0,693,693,"Other","Other","Other","Other",693,0,0,693,0,0,1,0,2,1,"Other",4,"Typ",0,"No fireplace","Other","Other","Other","Other","Other","Other",0,20,0,0,0,0,"No","No fence","None",0,3,2006,52500,20,1,56
"70","Other",60,7518,"Pave","No alley","Reg","Lvl","AllPub","Other","Gtl","IDOTRR","Norm","Norm","1Fam","Other",5,8,1910,2004,"Gable","CompShg","AsbShng","Plywood","None",0,"Other","Other","Other","Other","Other","No","Unf",0,"Unf",0,396,396,"GasA","Other","Y","SBrkr",665,665,0,1330,0,0,1,0,3,1,"TA",7,"Typ",0,"No fireplace","Other","Unf","Other","TA","TA","Other",0,72,45,0,0,0,"No","Other","None",0,7,2006,116500,117,1,2
"50","Other",50,8600,"Pave","No alley","Reg","Other","AllPub","Inside","Gtl","IDOTRR","Norm","Norm","1Fam","Other",6,6,1937,1950,"Gable","CompShg","MetalSd","MetalSd","None",0,"TA","TA","Other","TA","TA","No","Unf",0,"Unf",0,780,780,"GasA","TA","Y","SBrkr",780,596,0,1376,0,0,2,0,3,1,"TA",7,"Typ",1,"Gd","Other","Unf","Other","TA","TA","Other",0,0,0,0,0,0,"No","No fence","None",0,6,2006,119500,0,2,56
"50","Other",60,7200,"Pave","No alley","Reg","Lvl","AllPub","Other","Gtl","IDOTRR","Norm","Norm","1Fam","Other",5,6,1938,1995,"Gable","CompShg","Wd Sdng","Wd Sdng","None",0,"TA","TA","CBlock","TA","TA","No","Unf",0,"Unf",0,803,803,"GasA","Ex","Y","SBrkr",803,557,0,1360,0,0,1,1,2,1,"Other",6,"Typ",0,"No fireplace","Other","Unf","Other","TA","TA","Y",0,65,190,0,0,0,"No","Other","None",0,7,2006,125500,255,1.5,11
"30","Other",60,9786,"Pave","No alley","Reg","Lvl","AllPub","Inside","Gtl","IDOTRR","Norm","Norm","1Fam","1Story",3,4,1922,1950,"Other","CompShg","Wd Sdng","Wd Sdng","None",0,"TA","TA","Other","TA","Other","No","Unf",0,"Unf",0,1007,1007,"GasA","Other","Other","SBrkr",1077,0,0,1077,0,0,1,0,3,1,"TA",6,"Typ",1,"Gd","Other","Unf","Other","TA","Other","Other",0,100,48,0,0,0,"No","No fence","None",0,5,2006,91000,148,1,56
"190","Other",60,6780,"Pave","No alley","Reg","Lvl","AllPub","Inside","Gtl","IDOTRR","Norm","Norm","Other","Other",6,8,1935,1982,"Gable","CompShg","Wd Sdng","Wd Sdng","None",0,"TA","Other","CBlock","TA","TA","Other","GLQ",490,"Unf",0,30,520,"GasA","Other","Other","SBrkr",520,0,234,754,1,0,1,0,2,1,"TA",5,"Typ",0,"No fireplace","Other","Other","Other","Other","Other","Other",53,0,0,0,0,0,"No","No fence","None",0,6,2006,84500,0,2,24
"50","RL",82,12375,"Pave","No alley","Reg","Lvl","AllPub","Inside","Gtl","Sawyer","Other","Norm","1Fam","Other",5,5,1951,1951,"Gable","CompShg","HdBoard","HdBoard","Other",41,"TA","Other","CBlock","TA","TA","No","BLQ",329,"Unf",0,477,806,"GasA","TA","Y","SBrkr",1081,341,0,1422,1,0,1,0,3,1,"TA",7,"Typ",1,"TA","Other","Unf","Other","TA","TA","Y",0,0,0,0,0,0,"No","Other","None",0,6,2006,137500,0,2,55
"90","RL",120,11136,"Pave","No alley","Reg","Lvl","AllPub","Other","Gtl","Sawyer","Other","Other","Other","1Story",6,5,1964,1964,"Gable","CompShg","BrkFace","BrkFace","None",0,"TA","TA","CBlock","TA","TA","No","Unf",0,"Unf",0,1921,1921,"GasA","TA","Y","SBrkr",1921,0,0,1921,0,0,2,0,4,2,"TA",8,"Typ",0,"No fireplace","Other","Unf","2","TA","TA","Y",0,180,0,0,0,0,"No","No fence","None",0,7,2006,150000,180,2,42
"20","RL",100,21370,"Pave","No alley","Reg","Lvl","AllPub","Other","Gtl","Sawyer","Norm","Norm","1Fam","1Story",5,5,1950,1950,"Gable","CompShg","Wd Sdng","MetalSd","None",0,"TA","TA","Other","Other","Other","Other","Other",0,"Other",0,0,0,"GasA","TA","Y","Other",1640,0,0,1640,0,0,1,0,3,1,"TA",7,"Other",1,"Gd","Attchd","RFn","2","TA","TA","Y",0,0,225,0,0,0,"No","No fence","Other",600,6,2006,131000,225,1,56
"30","RL",55,8250,"Pave","No alley","Reg","Lvl","AllPub","Inside","Gtl","Edwards","Norm","Norm","1Fam","1Story",5,7,1935,1950,"Gable","CompShg","Wd Sdng","Wd Sdng","None",0,"TA","TA","Other","Other","Other","Other","Other",0,"Other",0,0,0,"GasA","TA","Other","SBrkr",1032,0,0,1032,0,0,1,0,2,1,"TA",6,"Typ",1,"TA","Other","Unf","Other","TA","TA","Y",0,0,121,0,0,0,"No","No fence","None",0,6,2006,125000,121,1,56
"30","RL",50,5220,"Pave","No alley","Other","Lvl","AllPub","Inside","Gtl","SWISU","Norm","Norm","1Fam","1Story",5,3,1936,1950,"Gable","CompShg","Wd Sdng","Wd Shng","None",0,"TA","TA","Other","TA","TA","No","Unf",0,"Unf",0,830,830,"GasA","Other","Y","SBrkr",879,0,0,879,0,0,1,0,2,1,"TA",4,"Typ",0,"No fireplace","Other","Unf","Other","TA","TA","Other",0,108,0,0,0,0,"No","No fence","None",0,1,2006,80000,108,1,56
"20","RL",50,5500,"Pave","No alley","Reg","Lvl","AllPub","Inside","Gtl","SWISU","Norm","Norm","1Fam","1Story",7,5,2004,2004,"Other","CompShg","VinylSd","VinylSd","None",0,"TA","TA","PConc","Gd","Other","Other","GLQ",510,"Other",373,190,1073,"GasA","Ex","Y","SBrkr",1073,0,0,1073,1,0,2,0,2,1,"TA",4,"Typ",0,"No fireplace","Other","Unf","Other","TA","TA","Y",0,120,0,0,0,0,"No","No fence","None",0,5,2006,157000,120,3,2
"20","RL",75,11235,"Pave","No alley","Reg","Lvl","AllPub","Inside","Gtl","Sawyer","Norm","Norm","1Fam","1Story",4,5,1963,1979,"Gable","CompShg","HdBoard","HdBoard","Other",51,"TA","TA","CBlock","TA","TA","No","Rec",547,"Unf",0,504,1051,"GasA","Other","Y","SBrkr",1382,0,0,1382,0,0,1,1,3,1,"TA",6,"Typ",1,"Other","Attchd","Unf","2","TA","TA","Y",0,82,0,0,0,0,"No","No fence","None",0,10,2006,148000,82,1.5,27
"90","RL",72,10791,"Pave","No alley","Reg","Lvl","AllPub","Inside","Gtl","Sawyer","Norm","Norm","Other","1Story",4,5,1967,1967,"Gable","CompShg","MetalSd","MetalSd","None",0,"TA","TA","Other","Other","Other","Other","Other",0,"Other",0,0,0,"GasA","TA","Y","SBrkr",1296,0,0,1296,0,0,2,0,2,2,"TA",6,"Typ",0,"No fireplace","Other","Unf","2","TA","TA","Y",0,0,0,0,0,0,"No","No fence","Other",500,10,2006,90000,0,2,39
"20","RL",70,8414,"Pave","No alley","Reg","Lvl","AllPub","Inside","Gtl","Sawyer","Norm","Norm","1Fam","1Story",6,8,1963,2003,"Other","CompShg","HdBoard","HdBoard","None",0,"TA","TA","CBlock","TA","TA","No","GLQ",663,"Unf",0,396,1059,"GasA","TA","Y","SBrkr",1068,0,0,1068,0,1,1,0,3,1,"TA",6,"Typ",0,"No fireplace","Attchd","RFn","Other","TA","TA","Y",192,0,0,0,0,0,"No","Other","None",0,2,2006,154500,0,1.5,3
"20","RL",0,11327,"Pave","No alley","Other","Lvl","AllPub","Inside","Gtl","Sawyer","Norm","Norm","1Fam","1Story",5,6,1967,1967,"Other","CompShg","HdBoard","HdBoard","Other",305,"TA","TA","CBlock","TA","TA","Other","ALQ",779,"Unf",0,285,1064,"GasA","TA","Y","SBrkr",1064,0,0,1064,0,1,1,0,3,1,"TA",6,"Typ",1,"TA","Attchd","Unf","2","TA","TA","Y",314,48,0,0,0,0,"No","No fence","None",0,6,2006,153600,48,1.5,39
"80","RL",80,10366,"Pave","No alley","Other","Lvl","AllPub","Other","Gtl","Sawyer","Norm","Norm","1Fam","Other",6,7,1964,1964,"Gable","CompShg","HdBoard","Plywood","None",0,"TA","Other","CBlock","TA","TA","Other","GLQ",456,"Unf",0,456,912,"GasA","TA","Y","SBrkr",934,0,0,934,0,1,1,0,2,1,"TA",4,"Typ",0,"No fireplace","Attchd","Unf","Other","TA","TA","Y",77,0,0,0,0,0,"No","Other","Other",500,7,2006,132000,0,1.5,42
"20","RL",0,11553,"Pave","No alley","Other","Lvl","AllPub","Inside","Gtl","Sawyer","Norm","Norm","1Fam","1Story",5,5,1968,1968,"Other","CompShg","Plywood","Plywood","Other",188,"TA","TA","CBlock","TA","TA","No","BLQ",673,"Unf",0,378,1051,"GasA","TA","Y","SBrkr",1159,0,0,1159,0,0,1,1,3,1,"TA",7,"Typ",1,"Other","Attchd","Unf","Other","TA","TA","Y",466,0,0,0,0,0,"No","No fence","None",0,7,2006,158000,0,1.5,38
"60","RL",74,7844,"Pave","No alley","Reg","Lvl","AllPub","Inside","Gtl","Sawyer","Norm","Norm","1Fam","Other",6,7,1978,1978,"Other","CompShg","HdBoard","HdBoard","Other",203,"TA","TA","CBlock","TA","TA","No","ALQ",209,"Unf",0,463,672,"GasA","TA","Y","SBrkr",672,728,0,1400,0,0,1,1,3,1,"TA",6,"Typ",1,"TA","Attchd","Fin","2","TA","TA","Y",0,0,0,0,0,0,"No","No fence","None",0,3,2006,149500,0,1.5,28
"20","RL",0,9535,"Pave","No alley","Other","Lvl","AllPub","Inside","Gtl","Sawyer","Norm","Norm","1Fam","1Story",5,5,1967,1967,"Gable","CompShg","HdBoard","HdBoard","Other",450,"TA","TA","CBlock","TA","TA","No","BLQ",194,"Other",982,0,1176,"GasA","TA","Y","SBrkr",1458,0,0,1458,1,0,1,1,3,1,"TA",7,"Typ",1,"TA","Attchd","Unf","2","TA","TA","Y",284,0,0,0,0,0,"No","Other","None",0,7,2006,165000,0,2.5,39
"20","RL",78,10335,"Pave","No alley","Other","Lvl","AllPub","Inside","Gtl","Sawyer","Norm","Norm","1Fam","1Story",5,6,1968,1993,"Gable","CompShg","Plywood","Plywood","None",0,"TA","TA","CBlock","TA","TA","No","Rec",570,"Unf",0,891,1461,"GasA","Other","Y","SBrkr",1721,0,0,1721,0,0,2,1,3,1,"TA",7,"Other",1,"TA","Attchd","RFn","2","TA","TA","Y",0,96,180,0,0,0,"No","Other","None",0,7,2006,180000,276,2.5,13
"80","RL",0,7176,"Pave","No alley","Other","Lvl","AllPub","Other","Gtl","Sawyer","Norm","Norm","1Fam","Other",6,6,1978,1978,"Gable","CompShg","HdBoard","HdBoard","Other",200,"TA","TA","CBlock","TA","Other","Other","GLQ",794,"Unf",0,166,960,"GasA","Other","Y","SBrkr",1040,0,0,1040,1,0,1,0,3,1,"TA",6,"Typ",1,"Other","Other","Unf","2","TA","TA","Y",131,0,0,0,180,0,"No","Other","None",0,7,2006,160500,180,2,28
"90","RL",0,9662,"Pave","No alley","Other","Lvl","AllPub","Inside","Gtl","Sawyer","Norm","Norm","Other","1Story",5,4,1977,1977,"Gable","CompShg","Plywood","Plywood","None",0,"TA","TA","CBlock","Gd","TA","No","Unf",0,"Unf",0,1967,1967,"GasA","TA","Y","SBrkr",1967,0,0,1967,0,0,2,0,6,2,"TA",10,"Typ",0,"No fireplace","Attchd","Fin","2","TA","TA","Y",170,0,0,0,0,0,"No","No fence","None",0,8,2006,156500,0,2,29
"90","RL",75,8235,"Pave","No alley","Reg","Lvl","AllPub","Inside","Gtl","Sawyer","Norm","Norm","Other","1Story",5,4,1977,1977,"Gable","CompShg","Plywood","Plywood","Other",99,"TA","TA","CBlock","TA","TA","No","Rec",483,"Unf",0,1466,1949,"GasA","TA","Y","SBrkr",1949,0,0,1949,0,0,2,0,6,2,"TA",10,"Typ",0,"No fireplace","Attchd","RFn","2","TA","TA","Y",32,0,0,0,0,0,"No","No fence","None",0,5,2006,157000,0,2,29
"50","RL",0,13650,"Pave","No alley","Reg","Lvl","AllPub","Inside","Gtl","Sawyer","Norm","Norm","1Fam","Other",5,5,1958,1958,"Gable","CompShg","MetalSd","MetalSd","None",0,"Other","Other","CBlock","TA","TA","No","ALQ",57,"Other",441,554,1052,"GasA","Ex","Y","SBrkr",1252,668,0,1920,1,0,2,0,4,1,"Other",8,"Typ",1,"Gd","Attchd","Unf","2","TA","TA","Y",0,0,0,0,0,0,"No","No fence","None",0,7,2006,172500,0,3,48
"20","RL",88,13125,"Pave","No alley","Reg","Lvl","AllPub","Other","Gtl","Sawyer","Norm","Norm","1Fam","1Story",5,4,1957,2000,"Gable","CompShg","Wd Sdng","Wd Sdng","Other",67,"TA","TA","CBlock","TA","TA","No","Rec",168,"Other",682,284,1134,"GasA","Ex","Y","SBrkr",1803,0,0,1803,1,0,2,0,3,1,"TA",8,"Other",1,"TA","Attchd","RFn","2","TA","TA","Y",0,0,0,0,0,0,"No","Other","None",0,1,2006,155000,0,3,6
"30","RL",0,17529,"Pave","No alley","Reg","Lvl","AllPub","Inside","Gtl","Sawyer","Norm","Norm","1Fam","1Story",5,5,1924,1950,"Gable","CompShg","BrkFace","Wd Sdng","Other",65,"TA","TA","Other","TA","TA","No","Unf",0,"Unf",0,872,872,"GasA","Other","Other","Other",872,0,0,872,0,0,1,0,2,1,"Other",5,"Other",1,"Gd","Other","Unf","Other","Other","Other","Other",0,0,116,0,0,0,"No","No fence","None",0,4,2006,105000,116,1,56
"80","RL",0,10246,"Pave","No alley","Other","Lvl","AllPub","Other","Gtl","Sawyer","Norm","Norm","1Fam","Other",4,9,1965,2001,"Gable","CompShg","VinylSd","VinylSd","None",0,"TA","Other","CBlock","TA","Other","Other","GLQ",648,"Unf",0,0,648,"GasA","Ex","Y","SBrkr",960,0,0,960,1,1,0,0,0,1,"TA",3,"Typ",0,"No fireplace","Attchd","Unf","Other","TA","TA","Y",88,0,0,0,0,0,"No","No fence","None",0,5,2006,145000,0,1.5,5
"20","RL",0,14175,"Pave","No alley","Reg","Other","AllPub","Other","Other","Sawyer","Norm","Norm","1Fam","1Story",5,6,1956,1987,"Gable","CompShg","CemntBd","Wd Sdng","None",0,"TA","TA","CBlock","TA","TA","No","Rec",988,"Unf",0,200,1188,"GasA","Other","Y","SBrkr",1437,0,0,1437,1,0,1,1,3,1,"TA",6,"Other",1,"TA","Other","Unf","2","TA","TA","Y",304,0,0,0,0,0,"No","No fence","None",0,11,2006,168000,0,2.5,19
"20","RL",0,20355,"Pave","No alley","Reg","Other","AllPub","Inside","Other","ClearCr","Norm","Norm","1Fam","1Story",7,6,1967,1967,"Gable","Other","Plywood","Plywood","Other",123,"TA","TA","CBlock","Gd","TA","Other","Rec",810,"Other",826,229,1865,"GasA","TA","Y","SBrkr",1830,0,0,1830,1,0,1,0,2,1,"TA",6,"Typ",2,"Gd","Attchd","Unf","2","TA","TA","Y",0,115,168,0,0,0,"No","No fence","None",0,6,2006,278000,283,2,39
"20","RL",87,13050,"Pave","No alley","Reg","Other","AllPub","Inside","Other","ClearCr","Norm","Norm","1Fam","1Story",5,6,1963,1963,"Other","Other","WdShing","Wd Shng","None",0,"TA","TA","CBlock","Gd","TA","Other","Rec",104,"Other",850,46,1000,"GasA","Ex","Y","SBrkr",1000,0,0,1000,1,0,1,0,1,1,"TA",4,"Typ",2,"TA","Attchd","Unf","2","TA","TA","Y",238,0,148,0,0,0,"No","No fence","None",0,4,2006,164000,148,2,43
"50","RL",81,15593,"Pave","No alley","Reg","Lvl","AllPub","Other","Gtl","ClearCr","Norm","Norm","1Fam","Other",7,4,1953,1953,"Gable","CompShg","BrkFace","AsbShng","None",0,"Other","TA","CBlock","TA","TA","No","BLQ",603,"Unf",0,701,1304,"Other","TA","Y","SBrkr",1304,983,0,2287,0,0,2,0,3,1,"TA",7,"Typ",1,"TA","Attchd","Fin","2","TA","TA","Y",0,21,114,0,0,0,"No","No fence","None",0,7,2006,225000,135,2,53
"85","RL",72,10820,"Pave","No alley","Reg","Lvl","AllPub","Other","Gtl","Sawyer","Other","Norm","1Fam","Other",5,7,1971,1972,"Gable","CompShg","HdBoard","HdBoard","Other",153,"TA","TA","PConc","Gd","TA","Other","GLQ",535,"Other",159,88,782,"GasA","Ex","Y","SBrkr",810,0,0,810,1,0,1,0,2,1,"TA",4,"Typ",0,"No fireplace","Other","Unf","2","TA","TA","Y",0,0,0,0,0,0,"No","Other","None",0,6,2006,130000,0,2,34
"20","RL",100,13350,"Pave","No alley","Other","Lvl","AllPub","Inside","Gtl","Sawyer","Norm","Norm","1Fam","1Story",5,5,1974,1974,"Other","CompShg","HdBoard","Plywood","None",0,"TA","TA","CBlock","TA","TA","No","ALQ",762,"Unf",0,102,864,"GasA","TA","Y","SBrkr",894,0,0,894,1,0,1,0,3,1,"TA",5,"Typ",1,"Other","Attchd","Unf","2","TA","TA","Y",241,0,0,0,0,0,"No","Other","None",0,6,2006,142500,0,2,32
"Other","RL",0,1700,"Pave","No alley","Reg","Other","AllPub","Inside","Gtl","ClearCr","Norm","Norm","Other","Other",7,5,1980,1981,"Gable","CompShg","VinylSd","VinylSd","None",0,"Other","TA","PConc","Gd","TA","Other","GLQ",397,"Unf",0,33,430,"GasA","TA","Y","SBrkr",880,680,140,1700,1,0,2,1,2,1,"Other",7,"Typ",0,"No fireplace","Other","Fin","Other","Other","TA","Y",188,36,0,0,200,0,"No","No fence","None",0,4,2006,148400,236,3.5,25
"20","RL",75,9375,"Pave","No alley","Reg","Lvl","AllPub","Other","Gtl","Edwards","Norm","Norm","1Fam","1Story",4,5,1954,1954,"Gable","CompShg","MetalSd","MetalSd","None",0,"TA","Other","CBlock","TA","TA","No","Rec",799,"Unf",0,168,967,"GasA","Ex","Y","SBrkr",1350,0,0,1350,0,0,1,1,3,1,"TA",6,"Typ",1,"Gd","Attchd","RFn","2","TA","TA","Y",237,0,0,0,0,0,"No","No fence","None",0,6,2006,146000,0,1.5,52
"20","RL",78,7800,"Pave","No alley","Reg","Other","AllPub","Inside","Other","Edwards","Norm","Norm","1Fam","Other",5,8,1948,2002,"Gable","CompShg","MetalSd","MetalSd","None",0,"TA","Other","CBlock","TA","Other","No","GLQ",603,"Unf",0,293,896,"GasA","Ex","Y","SBrkr",1112,896,0,2008,1,0,3,0,3,1,"Other",8,"Typ",0,"No fireplace","Attchd","Unf","Other","TA","TA","Y",103,0,0,0,0,0,"No","No fence","None",0,8,2006,225000,0,4,4
"70","RL",114,19950,"Pave","No alley","Reg","Lvl","AllPub","Other","Gtl","Edwards","Norm","Norm","1Fam","Other",6,7,1928,1950,"Gable","CompShg","WdShing","Plywood","None",0,"TA","TA","PConc","TA","TA","No","Unf",0,"Unf",0,672,672,"GasA","Ex","Y","SBrkr",1337,672,0,2009,0,0,2,0,4,1,"TA",8,"Typ",2,"Gd","Other","Unf","Other","TA","TA","Other",0,42,0,0,180,0,"No","No fence","None",0,12,2006,235000,222,2,56
"75","RL",60,19800,"Pave","No alley","Reg","Lvl","AllPub","Inside","Gtl","Edwards","Norm","Norm","1Fam","Other",6,8,1935,1990,"Gable","CompShg","BrkFace","Wd Sdng","None",0,"TA","TA","Other","TA","TA","No","Rec",425,"Unf",0,1411,1836,"GasA","Other","Y","SBrkr",1836,1836,0,3672,0,0,3,1,5,1,"Other",7,"Typ",2,"Gd","Other","Unf","2","TA","TA","Y",684,80,32,0,0,0,"No","No fence","None",0,12,2006,415000,112,3.5,16
"80","RL",78,11679,"Pave","No alley","Other","Lvl","AllPub","Inside","Gtl","Edwards","Norm","Norm","1Fam","Other",5,5,1962,1962,"Gable","CompShg","Plywood","Plywood","Other",96,"TA","TA","CBlock","TA","TA","Other","ALQ",612,"Other",1164,0,1776,"GasA","Ex","Y","SBrkr",1560,0,0,1560,0,1,2,0,3,1,"TA",6,"Other",1,"Other","Attchd","Fin","2","TA","TA","Y",453,253,144,0,0,0,"No","Other","None",0,5,2006,182000,397,2.5,44
"20","RL",80,12048,"Pave","No alley","Reg","Lvl","AllPub","Inside","Gtl","Edwards","Norm","Norm","1Fam","1Story",5,6,1952,2002,"Gable","CompShg","Wd Sdng","Wd Sdng","Other",232,"TA","TA","Other","Other","Other","Other","Other",0,"Other",0,0,0,"GasA","Other","Y","SBrkr",1488,0,0,1488,0,0,1,0,3,1,"TA",7,"Typ",1,"Other","Attchd","RFn","2","TA","TA","Y",0,189,36,0,348,0,"No","No fence","None",0,4,2006,135000,573,1,4
"20","RL",70,10519,"Pave","No alley","Reg","Lvl","AllPub","Inside","Gtl","Edwards","Norm","Norm","1Fam","1Story",5,8,1955,1999,"Other","CompShg","MetalSd","MetalSd","Other",164,"TA","TA","CBlock","TA","TA","Other","Unf",0,"Unf",0,1057,1057,"GasA","Other","Y","SBrkr",1057,0,0,1057,0,1,1,0,3,1,"Other",6,"Typ",0,"No fireplace","Attchd","Unf","Other","TA","TA","Y",0,0,0,0,0,0,"No","No fence","None",0,3,2006,137000,0,1.5,7
"50","RL",75,9525,"Pave","No alley","Reg","Lvl","AllPub","Inside","Gtl","Edwards","Norm","Norm","1Fam","Other",6,4,1954,1972,"Gable","CompShg","Wd Sdng","Wd Sdng","None",0,"TA","TA","CBlock","TA","Other","No","Rec",444,"Unf",0,550,994,"GasA","Other","Y","SBrkr",1216,639,0,1855,0,0,2,0,4,1,"TA",7,"Typ",0,"No fireplace","Attchd","Unf","Other","TA","TA","Y",182,0,0,0,0,0,"No","No fence","None",0,10,2006,136900,0,2,34
"50","RL",75,9525,"Pave","No alley","Reg","Lvl","AllPub","Inside","Gtl","Edwards","Norm","Norm","1Fam","Other",6,5,1953,1953,"Gable","CompShg","MetalSd","MetalSd","None",0,"TA","TA","CBlock","TA","TA","No","Other",468,"Unf",0,532,1000,"GasA","TA","Y","SBrkr",1068,541,0,1609,0,0,1,1,5,1,"TA",7,"Typ",0,"No fireplace","Attchd","Unf","Other","Other","TA","Y",0,0,0,0,0,0,"No","No fence","None",0,7,2006,149900,0,1.5,53
"20","RL",57,6420,"Pave","No alley","Other","Lvl","AllPub","Inside","Gtl","Edwards","Norm","Norm","1Fam","1Story",5,7,1952,1952,"Gable","CompShg","Wd Sdng","Wd Sdng","None",0,"TA","TA","PConc","Other","Other","Other","Other",210,"Other",551,219,980,"GasA","Other","Y","Other",1148,0,0,1148,0,1,1,0,2,1,"TA",6,"Typ",0,"No fireplace","Other","Unf","Other","TA","TA","Y",0,0,0,0,0,0,"No","No fence","None",0,9,2006,123500,0,1.5,54
"20","RL",77,8335,"Pave","No alley","Reg","Lvl","AllPub","Other","Gtl","Edwards","Norm","Norm","1Fam","1Story",5,5,1954,1954,"Gable","CompShg","Wd Sdng","Wd Sdng","None",0,"TA","TA","Other","Other","Other","Other","Other",0,"Other",0,0,0,"GasA","Other","Y","SBrkr",1124,0,0,1124,0,0,1,0,3,1,"TA",5,"Other",1,"Gd","Other","Other","Other","Other","Other","Other",0,36,190,0,0,0,"No","No fence","None",0,4,2006,93000,226,1,52
"50","RL",50,7585,"Pave","No alley","Reg","Lvl","AllPub","Inside","Gtl","Edwards","Other","Norm","1Fam","Other",5,3,1948,1950,"Gable","CompShg","MetalSd","MetalSd","None",0,"TA","TA","CBlock","Other","Other","Other","Unf",0,"Unf",0,810,810,"GasA","Other","Y","Other",1002,454,0,1456,1,1,1,0,4,1,"TA",7,"Typ",1,"TA","Other","Unf","Other","TA","TA","Other",0,0,0,0,0,0,"No","No fence","None",0,8,2006,91500,0,2.5,56
"20","RL",0,11200,"Pave","No alley","Reg","Lvl","AllPub","Inside","Gtl","SawyerW","Norm","Norm","1Fam","1Story",6,5,1985,1985,"Gable","CompShg","Wd Sdng","Wd Shng","Other",85,"Other","TA","CBlock","Gd","TA","No","GLQ",1258,"Unf",0,40,1298,"GasA","TA","Y","SBrkr",1298,0,0,1298,1,0,2,0,3,1,"Other",5,"Typ",1,"TA","Attchd","Unf","2","TA","TA","Y",165,26,0,0,0,0,"No","No fence","None",0,5,2006,180000,26,3,21
"60","RL",80,9554,"Pave","No alley","Other","Lvl","AllPub","Inside","Gtl","SawyerW","Norm","Norm","1Fam","Other",8,5,1993,1994,"Gable","CompShg","VinylSd","VinylSd","Other",125,"Other","TA","PConc","Gd","TA","No","GLQ",380,"Unf",0,397,777,"GasA","Ex","Y","SBrkr",1065,846,0,1911,0,0,2,1,3,1,"Other",8,"Typ",1,"TA","Attchd","RFn","2","TA","TA","Y",182,81,0,0,0,0,"No","No fence","None",0,9,2006,215000,81,2.5,12
"90","RL",73,9069,"Pave","No alley","Reg","Lvl","AllPub","Inside","Gtl","SawyerW","Norm","Norm","Other","Other",6,8,1993,1993,"Gable","CompShg","HdBoard","HdBoard","None",0,"Other","Other","PConc","Gd","TA","Other","Other",261,"Other",1083,0,1344,"GasA","Other","Y","SBrkr",1440,0,0,1440,2,0,2,0,2,2,"Other",8,"Typ",0,"No fireplace","Attchd","Unf","Other","TA","TA","Y",288,0,0,0,0,0,"No","No fence","None",0,4,2006,224500,0,4,13
"20","RL",78,11645,"Pave","No alley","Reg","Lvl","AllPub","Inside","Gtl","CollgCr","Norm","Norm","1Fam","1Story",7,5,2005,2005,"Gable","CompShg","VinylSd","VinylSd","None",0,"Other","TA","PConc","Gd","TA","Other","GLQ",1300,"Unf",0,434,1734,"GasA","Ex","Y","SBrkr",1734,0,0,1734,1,0,2,0,3,1,"Other",7,"Typ",0,"No fireplace","Attchd","Fin","2","TA","TA","Y",160,24,0,0,0,0,"No","No fence","None",0,1,2006,260000,24,3,1
"20","RL",78,9316,"Pave","No alley","Reg","Lvl","AllPub","Inside","Gtl","CollgCr","Norm","Norm","1Fam","1Story",7,5,2005,2005,"Gable","CompShg","VinylSd","VinylSd","Other",140,"Other","TA","PConc","Gd","TA","Other","GLQ",56,"Unf",0,1558,1614,"GasA","Ex","Y","SBrkr",1614,0,0,1614,0,0,2,0,3,1,"Other",7,"Typ",1,"Gd","Attchd","Fin","2","TA","TA","Y",100,45,0,0,0,0,"No","No fence","None",0,3,2006,225000,45,2,1
"60","RL",78,9316,"Pave","No alley","Other","Lvl","AllPub","Inside","Gtl","CollgCr","Norm","Norm","1Fam","Other",7,5,2005,2005,"Gable","CompShg","VinylSd","VinylSd","Other",532,"Other","TA","PConc","Gd","TA","Other","Unf",0,"Unf",0,784,784,"GasA","Ex","Y","SBrkr",784,812,0,1596,0,0,2,1,3,1,"Other",6,"Typ",0,"No fireplace","Attchd","RFn","2","TA","TA","Y",144,45,0,0,0,0,"No","No fence","None",0,6,2006,181000,45,2.5,1
"20","RL",0,36500,"Pave","No alley","Other","Other","AllPub","Inside","Other","ClearCr","Norm","Norm","1Fam","1Story",5,5,1964,1964,"Gable","CompShg","Wd Sdng","Wd Sdng","Other",621,"TA","Other","CBlock","TA","TA","Other","Rec",812,"Unf",0,812,1624,"GasA","Other","Y","SBrkr",1582,0,0,1582,0,1,2,0,4,1,"TA",7,"Typ",0,"No fireplace","Attchd","Unf","2","TA","TA","Other",168,198,0,0,0,0,"No","No fence","None",0,6,2006,190000,198,2.5,42
"80","RL",0,21453,"Pave","No alley","Other","Other","AllPub","Other","Other","ClearCr","Norm","Norm","1Fam","Other",6,5,1969,1969,"Other","Other","Plywood","Plywood","None",0,"TA","TA","CBlock","TA","TA","Other","ALQ",938,"Unf",0,0,938,"GasA","Ex","Y","SBrkr",988,0,0,988,1,0,1,0,1,1,"TA",4,"Typ",2,"TA","Attchd","Unf","2","TA","TA","Y",0,130,0,130,0,0,"No","No fence","None",0,10,2006,180000,260,2,37
"20","RL",62,70761,"Pave","No alley","Other","Other","AllPub","Inside","Other","ClearCr","Norm","Norm","1Fam","1Story",7,5,1975,1975,"Gable","Other","Plywood","Plywood","None",0,"TA","TA","CBlock","Gd","TA","Other","ALQ",655,"Unf",0,878,1533,"GasA","TA","Y","SBrkr",1533,0,0,1533,1,0,2,0,2,1,"Other",5,"Typ",2,"TA","Attchd","Unf","2","TA","TA","Y",200,54,0,0,0,0,"No","No fence","None",0,12,2006,280000,54,3,31
"85","RL",57,8846,"Pave","No alley","Other","Lvl","AllPub","Other","Gtl","CollgCr","Norm","Norm","1Fam","Other",5,5,1996,1996,"Gable","CompShg","VinylSd","VinylSd","None",0,"Other","TA","PConc","Gd","TA","Other","GLQ",298,"Unf",0,572,870,"GasA","Ex","Y","SBrkr",914,0,0,914,0,0,1,0,2,1,"TA",5,"Typ",0,"No fireplace","Other","Unf","2","TA","TA","Y",0,0,0,0,0,0,"No","No fence","None",0,7,2006,148000,0,1,10
"20","RL",95,13015,"Pave","No alley","Reg","Lvl","AllPub","Other","Gtl","CollgCr","Norm","Norm","1Fam","1Story",5,6,1996,1996,"Gable","CompShg","VinylSd","VinylSd","None",0,"TA","Other","PConc","Gd","TA","No","Unf",0,"Unf",0,1100,1100,"GasA","Ex","Y","SBrkr",1100,0,0,1100,0,0,1,1,3,1,"TA",5,"Typ",0,"No fireplace","Attchd","RFn","2","TA","TA","Y",0,0,0,0,0,0,"No","No fence","None",0,6,2006,145000,0,1.5,10
"60","RL",65,12438,"Pave","No alley","Other","Lvl","AllPub","Inside","Gtl","CollgCr","Other","Norm","1Fam","Other",6,5,1995,1995,"Gable","CompShg","VinylSd","VinylSd","Other",68,"Other","TA","PConc","Gd","TA","No","Unf",0,"Unf",0,781,781,"GasA","Ex","Y","SBrkr",795,704,0,1499,0,0,2,1,3,1,"Other",6,"Typ",1,"TA","Attchd","RFn","2","TA","TA","Y",413,91,0,0,0,0,"No","No fence","None",0,8,2006,187000,91,2.5,11
"20","RL",0,8685,"Pave","No alley","Other","Lvl","AllPub","Other","Gtl","CollgCr","Norm","Norm","1Fam","1Story",7,5,1998,1998,"Gable","CompShg","VinylSd","VinylSd","None",0,"TA","TA","PConc","Gd","TA","Other","GLQ",846,"Unf",0,579,1425,"GasA","Ex","Y","SBrkr",1425,0,0,1425,1,0,2,0,3,1,"TA",5,"Typ",0,"No fireplace","Attchd","RFn","2","TA","TA","Y",0,130,0,0,0,0,"No","No fence","None",0,5,2006,193000,130,3,8
"20","RL",43,13568,"Pave","No alley","Other","Lvl","AllPub","Other","Gtl","CollgCr","Norm","Norm","1Fam","1Story",5,5,1995,1995,"Gable","CompShg","VinylSd","VinylSd","None",0,"TA","TA","PConc","Gd","TA","No","ALQ",716,"Unf",0,274,990,"GasA","Ex","Y","SBrkr",990,0,0,990,0,1,1,0,3,1,"TA",5,"Typ",0,"No fireplace","Attchd","Unf","2","TA","TA","Y",224,0,0,0,0,0,"No","No fence","None",0,7,2006,156000,0,1.5,11
"20","RL",70,9100,"Pave","No alley","Reg","Lvl","AllPub","Inside","Gtl","CollgCr","Norm","Norm","1Fam","1Story",7,5,2000,2000,"Gable","CompShg","VinylSd","VinylSd","Other",244,"Other","TA","PConc","Gd","TA","Other","GLQ",1400,"Unf",0,125,1525,"GasA","Ex","Y","SBrkr",1525,0,0,1525,1,0,2,0,3,1,"Other",6,"Typ",0,"No fireplace","Attchd","RFn","2","TA","TA","Y",219,36,0,0,0,0,"No","No fence","None",0,9,2006,235000,36,3,6
"20","RL",79,9236,"Pave","No alley","Other","Lvl","AllPub","Inside","Gtl","CollgCr","Norm","Norm","1Fam","1Story",6,5,1997,1997,"Gable","CompShg","VinylSd","VinylSd","None",0,"TA","Other","PConc","Gd","TA","Other","GLQ",1200,"Unf",0,279,1479,"GasA","Ex","Y","SBrkr",1494,0,0,1494,1,0,2,0,3,1,"Other",6,"Typ",0,"No fireplace","Attchd","RFn","2","TA","TA","Y",168,27,0,0,0,0,"No","No fence","None",0,7,2006,217000,27,3,9
"20","RL",78,10264,"Pave","No alley","Other","Lvl","AllPub","Inside","Gtl","CollgCr","Norm","Norm","1Fam","1Story",7,5,1999,1999,"Gable","CompShg","VinylSd","VinylSd","Other",183,"Other","TA","PConc","Gd","TA","Other","ALQ",1162,"Unf",0,426,1588,"GasA","Ex","Y","SBrkr",1588,0,0,1588,0,0,2,0,3,1,"Other",6,"Typ",0,"No fireplace","Attchd","RFn","2","TA","TA","Y",158,29,0,0,0,0,"No","No fence","None",0,8,2006,214000,29,2,7
"60","RL",68,9272,"Pave","No alley","Other","Lvl","AllPub","Inside","Gtl","CollgCr","Norm","Norm","1Fam","Other",7,5,1999,1999,"Gable","CompShg","VinylSd","VinylSd","None",0,"Other","TA","PConc","Gd","TA","No","GLQ",500,"Unf",0,342,842,"GasA","Ex","Y","SBrkr",856,893,0,1749,0,0,2,1,3,1,"Other",7,"Typ",0,"No fireplace","Attchd","RFn","2","TA","TA","Y",140,85,0,0,0,0,"No","No fence","None",0,6,2006,196000,85,2.5,7
"60","RL",72,13426,"Pave","No alley","Other","Lvl","AllPub","Other","Gtl","CollgCr","Norm","Norm","1Fam","Other",7,5,1999,2000,"Gable","CompShg","VinylSd","VinylSd","None",0,"Other","TA","PConc","Gd","TA","Other","GLQ",894,"Unf",0,57,951,"GasA","Ex","Y","SBrkr",951,828,0,1779,1,0,2,1,3,1,"Other",7,"Typ",1,"TA","Attchd","Fin","2","TA","TA","Y",208,107,0,0,0,0,"No","No fence","None",0,9,2006,217000,107,3.5,6
"60","RL",95,13450,"Pave","No alley","Other","Lvl","AllPub","Other","Gtl","CollgCr","Norm","Norm","1Fam","Other",7,5,2002,2002,"Gable","CompShg","VinylSd","VinylSd","None",0,"Other","TA","PConc","Gd","TA","No","GLQ",700,"Unf",0,216,916,"GasA","Ex","Y","SBrkr",920,941,0,1861,1,0,2,1,3,1,"Other",8,"Typ",0,"No fireplace","Other","RFn","2","TA","TA","Y",146,91,0,0,0,0,"No","No fence","None",0,6,2006,200000,91,3.5,4
"60","RL",65,14006,"Pave","No alley","Other","Lvl","AllPub","Inside","Gtl","CollgCr","Norm","Norm","1Fam","Other",7,5,2002,2002,"Gable","CompShg","VinylSd","VinylSd","Other",144,"Other","TA","PConc","Gd","TA","Other","Unf",0,"Unf",0,936,936,"GasA","Ex","Y","SBrkr",936,840,0,1776,0,0,2,1,3,1,"Other",7,"Typ",1,"TA","Attchd","RFn","2","TA","TA","Y",144,96,0,0,0,0,"No","No fence","None",0,2,2006,192500,96,2.5,4
"20","RL",118,13704,"Pave","No alley","Other","Lvl","AllPub","Other","Gtl","CollgCr","Norm","Norm","1Fam","1Story",7,5,2001,2002,"Gable","CompShg","VinylSd","VinylSd","Other",150,"Other","TA","PConc","Gd","TA","No","Unf",0,"Unf",0,1541,1541,"GasA","Ex","Y","SBrkr",1541,0,0,1541,0,0,2,0,3,1,"Other",6,"Typ",1,"TA","Attchd","RFn","Other","TA","TA","Y",468,81,0,0,0,0,"No","No fence","None",0,1,2006,205000,81,2,4
"80","RL",55,10780,"Pave","No alley","Other","Lvl","AllPub","Inside","Gtl","CollgCr","Norm","Norm","1Fam","Other",5,5,1976,1976,"Gable","CompShg","MetalSd","MetalSd","None",0,"TA","TA","CBlock","TA","TA","Other","ALQ",483,"Unf",0,428,911,"GasA","Other","Y","SBrkr",954,0,0,954,0,0,1,0,3,1,"TA",6,"Typ",0,"No fireplace","Other","Unf","2","TA","TA","Y",0,0,0,0,0,0,"No","No fence","None",0,7,2006,132500,0,1,30
"60","RL",50,8340,"Pave","No alley","Other","Lvl","AllPub","Inside","Gtl","CollgCr","Norm","Norm","1Fam","Other",6,6,1977,1977,"Gable","CompShg","HdBoard","Plywood","Other",62,"TA","TA","CBlock","Gd","TA","Other","GLQ",509,"Unf",0,166,675,"GasA","TA","Y","SBrkr",686,702,0,1388,0,0,1,1,3,1,"TA",6,"Typ",0,"No fireplace","Attchd","Unf","Other","TA","TA","Y",406,36,0,0,0,0,"No","No fence","None",0,12,2006,157500,36,1.5,29
"80","RL",42,10385,"Pave","No alley","Other","Lvl","AllPub","Other","Gtl","CollgCr","Norm","Norm","1Fam","Other",6,6,1978,1978,"Gable","CompShg","HdBoard","HdBoard","Other",123,"TA","TA","CBlock","TA","Other","Other","ALQ",595,"Other",400,0,995,"GasA","TA","Y","SBrkr",1282,0,0,1282,0,1,2,0,3,1,"TA",6,"Typ",0,"No fireplace","Other","Unf","Other","Other","TA","Y",386,0,0,0,0,0,"No","No fence","None",0,4,2006,174000,0,2.5,28
"20","RL",69,9920,"Pave","No alley","Other","Lvl","AllPub","Inside","Gtl","CollgCr","Norm","Norm","1Fam","1Story",5,6,1969,1969,"Gable","CompShg","HdBoard","Plywood","None",0,"TA","TA","CBlock","Gd","TA","Other","ALQ",523,"Unf",0,448,971,"GasA","TA","Y","SBrkr",971,0,0,971,0,0,1,1,3,1,"TA",5,"Typ",1,"Other","Attchd","Unf","Other","TA","TA","Y",0,0,0,0,0,0,"No","No fence","None",0,5,2006,128500,0,1.5,37
"20","RL",120,9560,"Pave","No alley","Other","Lvl","AllPub","Other","Gtl","CollgCr","Norm","Norm","1Fam","1Story",5,7,1972,1972,"Other","CompShg","MetalSd","MetalSd","None",0,"TA","Other","CBlock","TA","TA","Other","Rec",360,"Unf",0,504,864,"GasA","Ex","Y","SBrkr",864,0,0,864,0,0,1,0,3,1,"TA",5,"Typ",0,"No fireplace","Attchd","RFn","Other","TA","TA","Y",0,0,0,0,0,0,"No","No fence","None",0,6,2006,128500,0,1,34
"20","RL",60,7200,"Pave","No alley","Reg","Other","AllPub","Inside","Gtl","CollgCr","Norm","Norm","1Fam","1Story",5,8,1972,1972,"Gable","CompShg","VinylSd","VinylSd","None",0,"TA","TA","CBlock","TA","TA","No","BLQ",437,"Unf",0,427,864,"GasA","Ex","Y","SBrkr",864,0,0,864,0,0,1,0,3,1,"TA",5,"Typ",0,"No fireplace","Other","Unf","Other","TA","TA","Y",0,0,0,0,0,0,"No","Other","None",0,3,2006,119900,0,1,34
"160","Other",0,3612,"Pave","No alley","Other","Lvl","AllPub","Inside","Gtl","Other","Norm","Norm","Other","Other",6,5,1993,1994,"Gable","CompShg","VinylSd","VinylSd","None",0,"TA","TA","PConc","Gd","TA","No","GLQ",338,"Unf",0,292,630,"GasA","Ex","Y","SBrkr",630,690,0,1320,0,0,2,1,3,1,"TA",5,"Typ",0,"No fireplace","Other","Unf","2","TA","TA","Y",0,48,0,0,0,0,"No","Other","None",0,6,2006,137000,48,2.5,12
"60","RL",90,11367,"Pave","No alley","Reg","Lvl","AllPub","Other","Gtl","CollgCr","Norm","Norm","1Fam","Other",8,5,2002,2002,"Gable","CompShg","VinylSd","VinylSd","Other",210,"Other","TA","PConc","Gd","TA","Other","GLQ",932,"Unf",0,133,1065,"GasA","Ex","Y","SBrkr",1091,898,0,1989,1,0,2,1,3,1,"Other",7,"Typ",1,"Gd","Attchd","Fin","2","TA","TA","Y",199,60,0,0,0,0,"No","No fence","None",0,11,2006,255000,60,3.5,4
"60","RL",0,9930,"Pave","No alley","Other","Lvl","AllPub","Inside","Gtl","CollgCr","Norm","Norm","1Fam","Other",7,5,2002,2002,"Gable","CompShg","VinylSd","VinylSd","Other",199,"Other","TA","PConc","Gd","TA","No","GLQ",456,"Unf",0,370,826,"GasA","Ex","Y","SBrkr",878,884,0,1762,0,0,2,1,3,1,"Other",6,"Typ",0,"No fireplace","Attchd","Fin","2","TA","TA","Y",320,54,0,0,0,0,"No","No fence","None",0,7,2006,222000,54,2.5,4
"60","RL",45,9468,"Pave","No alley","Other","Lvl","AllPub","Other","Gtl","CollgCr","Norm","Norm","1Fam","Other",6,5,1999,1999,"Gable","CompShg","VinylSd","VinylSd","Other",148,"TA","TA","PConc","Gd","TA","Other","GLQ",639,"Unf",0,201,840,"GasA","Ex","Y","SBrkr",840,915,0,1755,1,0,2,1,3,1,"TA",7,"Typ",1,"TA","Attchd","RFn","2","TA","TA","Y",176,73,0,0,0,0,"No","No fence","None",0,8,2006,214000,73,3.5,7
"20","RL",0,11088,"Pave","No alley","Reg","Lvl","AllPub","Other","Gtl","CollgCr","Norm","Norm","1Fam","1Story",8,5,2002,2002,"Other","CompShg","Stucco","Stucco","None",0,"Other","TA","PConc","Gd","TA","No","GLQ",872,"Unf",0,476,1348,"GasA","Ex","Y","SBrkr",1358,0,0,1358,1,0,1,1,1,1,"Other",5,"Typ",1,"TA","Attchd","Unf","2","TA","TA","Y",68,166,0,0,0,0,"No","No fence","None",0,6,2006,220000,166,2.5,4
"20","RL",0,14781,"Pave","No alley","Other","Lvl","AllPub","Other","Gtl","CollgCr","Norm","Norm","1Fam","1Story",8,5,2001,2002,"Other","CompShg","VinylSd","VinylSd","Other",178,"Other","TA","PConc","Gd","TA","Other","Unf",0,"Unf",0,1753,1753,"GasA","Ex","Y","SBrkr",1787,0,0,1787,0,0,2,0,3,1,"Other",7,"Typ",1,"TA","Attchd","RFn","Other","TA","TA","Y",198,150,0,0,0,0,"No","No fence","None",0,8,2006,275000,150,2,4
"60","RL",70,8726,"Pave","No alley","Reg","Lvl","AllPub","Inside","Gtl","CollgCr","Norm","Norm","1Fam","Other",7,5,2002,2002,"Gable","CompShg","VinylSd","VinylSd","None",0,"Other","TA","PConc","Gd","TA","No","Unf",0,"Unf",0,872,872,"GasA","Ex","Y","SBrkr",872,1037,0,1909,0,0,2,1,4,1,"Other",8,"Typ",0,"No fireplace","Other","RFn","2","TA","TA","Y",0,108,0,0,0,0,"No","No fence","None",0,9,2006,197000,108,2.5,4
"20","RL",0,8125,"Pave","No alley","Reg","Lvl","AllPub","Inside","Gtl","CollgCr","Norm","Norm","1Fam","1Story",7,5,2002,2002,"Gable","CompShg","VinylSd","VinylSd","Other",295,"Other","TA","PConc","Gd","TA","No","GLQ",986,"Unf",0,668,1654,"GasA","Ex","Y","SBrkr",1654,0,0,1654,1,0,2,0,3,1,"Other",6,"Typ",0,"No fireplace","Attchd","Unf","Other","TA","TA","Y",0,136,0,0,0,0,"No","No fence","None",0,2,2006,230000,136,3,4
"60","RL",67,10566,"Pave","No alley","Other","Lvl","AllPub","Inside","Gtl","CollgCr","Norm","Norm","1Fam","Other",8,5,1999,1999,"Gable","CompShg","VinylSd","VinylSd","Other",261,"Other","TA","PConc","Gd","TA","Other","GLQ",920,"Unf",0,170,1090,"GasA","Ex","Y","SBrkr",1090,1124,0,2214,1,0,2,1,3,1,"Other",8,"Typ",1,"TA","Attchd","Fin","Other","TA","TA","Y",197,80,0,0,0,0,"No","No fence","None",0,7,2006,268500,80,3.5,7
"60","RL",0,21533,"Pave","No alley","Other","Lvl","AllPub","Other","Gtl","CollgCr","Other","Norm","1Fam","Other",7,5,1996,1997,"Gable","CompShg","VinylSd","VinylSd","None",0,"Other","TA","PConc","Gd","TA","No","Unf",0,"Unf",0,1065,1065,"GasA","Ex","Y","SBrkr",1065,984,0,2049,0,0,2,1,4,1,"Other",9,"Typ",1,"TA","Attchd","Unf","2","TA","TA","Y",120,48,0,0,0,0,"No","No fence","None",0,8,2006,210900,48,2.5,9
"60","RL",90,11250,"Pave","No alley","Other","Lvl","AllPub","Other","Gtl","CollgCr","Norm","Norm","1Fam","Other",7,5,1998,1998,"Gable","CompShg","VinylSd","VinylSd","Other",227,"TA","TA","PConc","Gd","TA","Other","ALQ",796,"Unf",0,258,1054,"GasA","Ex","Y","SBrkr",1070,869,0,1939,0,1,2,1,3,1,"Other",8,"Typ",1,"TA","Attchd","RFn","Other","TA","TA","Y",128,84,0,0,0,0,"No","No fence","None",0,5,2006,227000,84,3,8
"60","RL",90,11250,"Pave","No alley","Reg","Lvl","AllPub","Other","Gtl","CollgCr","Norm","Norm","1Fam","Other",7,5,1995,1996,"Gable","CompShg","VinylSd","VinylSd","None",0,"Other","Other","PConc","Gd","Other","Other","GLQ",685,"Unf",0,245,930,"GasA","Ex","Y","SBrkr",950,1045,0,1995,1,0,2,1,4,1,"Other",8,"Typ",1,"TA","Attchd","RFn","2","TA","TA","Y",275,170,0,0,0,0,"No","No fence","None",0,7,2006,237000,170,3.5,10
"60","RL",75,9750,"Pave","No alley","Reg","Lvl","AllPub","Other","Gtl","CollgCr","Norm","Norm","1Fam","Other",7,6,1998,1998,"Gable","CompShg","VinylSd","VinylSd","None",0,"TA","TA","PConc","Gd","TA","Other","GLQ",975,"Unf",0,133,1108,"GasA","Ex","Y","SBrkr",1108,989,0,2097,1,0,2,1,3,1,"Other",8,"Typ",1,"TA","Other","RFn","2","TA","TA","Y",253,170,0,0,0,0,"No","No fence","None",0,6,2006,274300,170,3.5,8
"20","RL",70,9100,"Pave","No alley","Reg","Lvl","AllPub","Inside","Gtl","CollgCr","Norm","Norm","1Fam","1Story",7,5,2004,2005,"Other","CompShg","VinylSd","VinylSd","None",0,"Other","TA","PConc","Gd","TA","No","GLQ",24,"Unf",0,1836,1860,"GasA","Ex","Y","SBrkr",1836,0,0,1836,0,0,2,0,3,1,"Other",8,"Typ",1,"Gd","Attchd","Fin","2","TA","TA","Y",120,33,0,0,0,0,"No","No fence","None",0,10,2006,216837,33,2,1
"120","Other",37,4435,"Pave","No alley","Reg","Lvl","AllPub","Inside","Gtl","CollgCr","Norm","Norm","Other","1Story",6,5,2003,2003,"Gable","CompShg","VinylSd","VinylSd","Other",170,"Other","TA","PConc","Gd","TA","Other","GLQ",717,"Unf",0,131,848,"GasA","Ex","Y","SBrkr",848,0,0,848,1,0,1,0,1,1,"Other",4,"Typ",0,"No fireplace","Attchd","Fin","2","TA","TA","Y",140,0,0,0,0,0,"No","No fence","None",0,4,2006,133000,0,2,3
"120","Other",37,4435,"Pave","No alley","Reg","Lvl","AllPub","Inside","Gtl","CollgCr","Norm","Norm","Other","1Story",6,5,2004,2004,"Gable","CompShg","VinylSd","VinylSd","Other",169,"Other","TA","PConc","Gd","TA","Other","GLQ",662,"Unf",0,186,848,"GasA","Ex","Y","SBrkr",848,0,0,848,1,0,1,0,1,1,"Other",3,"Typ",1,"Gd","Attchd","RFn","2","TA","TA","Y",140,0,0,0,0,0,"No","No fence","None",0,5,2006,155900,0,2,2
"20","RL",70,8810,"Pave","No alley","Reg","Lvl","AllPub","Inside","Gtl","CollgCr","Norm","Norm","1Fam","1Story",7,5,2003,2003,"Gable","CompShg","VinylSd","VinylSd","None",0,"Other","TA","PConc","Gd","TA","No","GLQ",1000,"Unf",0,390,1390,"GasA","Ex","Y","SBrkr",1390,0,0,1390,1,0,2,0,3,1,"Other",7,"Typ",0,"No fireplace","Attchd","RFn","2","TA","TA","Y",0,68,0,0,0,0,"No","No fence","None",0,3,2006,207000,68,3,3
"60","RL",41,12393,"Pave","No alley","Other","Lvl","AllPub","Other","Gtl","CollgCr","Norm","Norm","1Fam","Other",7,5,2004,2005,"Gable","CompShg","VinylSd","VinylSd","None",0,"Other","TA","PConc","Gd","TA","No","Unf",0,"Unf",0,847,847,"GasA","Ex","Y","SBrkr",847,1101,0,1948,0,0,2,1,4,1,"Other",8,"Typ",1,"Gd","Other","Fin","2","TA","TA","Y",100,48,0,0,0,0,"No","No fence","None",0,9,2006,195000,48,2.5,1
"20","RL",70,9135,"Pave","No alley","Reg","Lvl","AllPub","Inside","Gtl","CollgCr","Norm","Norm","1Fam","1Story",6,5,2003,2003,"Gable","CompShg","VinylSd","VinylSd","Other",120,"Other","TA","PConc","Gd","TA","Other","GLQ",340,"Unf",0,1342,1682,"GasA","Ex","Y","SBrkr",1700,0,0,1700,1,0,2,0,3,1,"Other",7,"Typ",0,"No fireplace","Attchd","RFn","2","TA","TA","Y",192,23,0,0,0,0,"No","No fence","None",0,5,2006,200000,23,3,3
"60","RL",70,8400,"Pave","No alley","Reg","Lvl","AllPub","Inside","Gtl","CollgCr","Norm","Norm","1Fam","Other",7,5,2005,2005,"Gable","CompShg","VinylSd","VinylSd","None",0,"Other","TA","PConc","Gd","TA","Other","Unf",0,"Unf",0,784,784,"GasA","Ex","Y","SBrkr",784,827,0,1611,0,0,2,1,3,1,"Other",6,"Typ",0,"No fireplace","Attchd","RFn","2","TA","TA","Y",144,36,0,0,0,0,"No","No fence","None",0,3,2006,195800,36,2.5,1
"60","RL",89,11645,"Pave","No alley","Other","Lvl","AllPub","Other","Gtl","CollgCr","Norm","Norm","1Fam","Other",7,5,2004,2004,"Gable","CompShg","VinylSd","VinylSd","None",0,"Other","TA","PConc","Gd","TA","No","Unf",0,"Unf",0,860,860,"GasA","Ex","Y","SBrkr",860,860,0,1720,0,0,2,1,3,1,"Other",7,"Typ",0,"No fireplace","Attchd","RFn","2","TA","TA","Y",0,70,0,0,0,0,"No","No fence","None",0,8,2006,196500,70,2.5,2
"70","RL",67,8777,"Pave","No alley","Reg","Other","AllPub","Inside","Gtl","Edwards","Other","Norm","1Fam","Other",4,6,1910,2000,"Gable","CompShg","Plywood","Plywood","None",0,"TA","Other","CBlock","Gd","TA","No","Rec",173,"Other",337,166,676,"GasA","Other","Y","SBrkr",760,676,0,1436,1,0,2,0,3,1,"TA",6,"Other",0,"No fireplace","Attchd","Unf","2","TA","TA","Y",147,0,0,0,0,0,"No","No fence","Other",420,10,2006,98000,0,3,6
"20","RL",134,17755,"Pave","No alley","Reg","Lvl","AllPub","Inside","Gtl","Edwards","Norm","Norm","1Fam","1Story",5,4,1959,1959,"Gable","CompShg","HdBoard","Plywood","Other",132,"TA","TA","CBlock","TA","TA","No","BLQ",176,"Unf",0,1290,1466,"GasA","TA","Y","SBrkr",1466,0,0,1466,0,0,1,1,3,1,"Other",6,"Typ",2,"Gd","Attchd","Fin","2","TA","TA","Y",0,140,0,0,100,0,"No","No fence","None",0,11,2006,149900,240,1.5,47
"20","RL",67,8877,"Pave","No alley","Reg","Lvl","AllPub","Inside","Gtl","Edwards","Norm","Norm","1Fam","1Story",4,5,1951,1951,"Gable","CompShg","Wd Sdng","Wd Sdng","None",0,"TA","TA","CBlock","Other","Other","No","Other",836,"Unf",0,0,836,"GasA","TA","Y","Other",1220,0,0,1220,0,0,1,0,2,1,"TA",6,"Typ",0,"No fireplace","Other","Unf","2","TA","TA","Y",0,0,0,0,0,0,"No","No fence","None",0,4,2006,102000,0,1,55
"60","RL",62,7162,"Pave","No alley","Reg","Lvl","AllPub","Inside","Gtl","Edwards","Norm","Norm","1Fam","Other",7,5,2003,2004,"Other","CompShg","HdBoard","Stucco","Other",190,"Other","TA","PConc","Gd","TA","No","Unf",0,"Unf",0,796,796,"GasA","Ex","Y","SBrkr",806,918,0,1724,0,0,2,1,3,1,"Other",8,"Typ",1,"Gd","Other","Fin","2","TA","TA","Y",168,57,0,0,0,0,"No","No fence","None",0,5,2006,196500,57,2.5,2
"20","RL",75,8050,"Pave","No alley","Reg","Lvl","AllPub","Inside","Gtl","Edwards","Norm","Norm","1Fam","1Story",6,5,2002,2002,"Gable","CompShg","VinylSd","VinylSd","None",0,"TA","TA","PConc","Gd","TA","Other","GLQ",475,"Other",297,142,914,"GasA","Ex","Y","SBrkr",914,0,0,914,1,0,1,0,2,1,"Other",4,"Typ",0,"No fireplace","Other","Other","Other","Other","Other","Other",32,0,0,0,0,0,"No","No fence","None",0,4,2006,117250,0,2,4
"60","RL",90,11060,"Pave","No alley","Other","Lvl","AllPub","Other","Gtl","Edwards","Norm","Norm","1Fam","Other",7,5,2003,2005,"Gable","CompShg","VinylSd","VinylSd","None",0,"Other","TA","PConc","Other","TA","No","Unf",0,"Unf",0,1150,1150,"GasA","Ex","Y","SBrkr",1164,1150,0,2314,0,0,2,1,3,1,"Other",9,"Typ",1,"Other","Other","Fin","2","TA","TA","Y",0,274,0,0,0,0,"No","No fence","None",0,2,2006,229000,274,2.5,1
"180","Other",35,3675,"Pave","No alley","Reg","Lvl","AllPub","Inside","Gtl","Edwards","Norm","Norm","Other","Other",5,5,2005,2005,"Gable","CompShg","VinylSd","VinylSd","Other",80,"TA","TA","PConc","Gd","TA","Other","GLQ",547,"Unf",0,0,547,"GasA","Other","Y","SBrkr",1072,0,0,1072,1,0,1,0,2,1,"TA",5,"Typ",0,"No fireplace","Other","Fin","2","TA","TA","Y",0,28,0,0,0,0,"No","No fence","None",0,5,2006,145000,28,2,1
"160","Other",24,2522,"Pave","No alley","Reg","Lvl","AllPub","Inside","Gtl","Edwards","Norm","Norm","Other","Other",7,5,2004,2004,"Gable","CompShg","VinylSd","VinylSd","Other",50,"Other","TA","PConc","Gd","TA","No","Unf",0,"Unf",0,970,970,"GasA","Ex","Y","SBrkr",970,739,0,1709,0,0,2,0,3,1,"Other",7,"Other",0,"No fireplace","Other","Unf","2","TA","TA","Y",0,40,0,0,0,0,"No","No fence","None",0,5,2006,134000,40,2,2
"160","Other",24,2522,"Pave","No alley","Reg","Lvl","AllPub","Inside","Gtl","Edwards","Norm","Norm","Other","Other",7,5,2004,2004,"Gable","CompShg","VinylSd","VinylSd","Other",50,"Other","TA","PConc","Gd","TA","No","Unf",0,"Unf",0,970,970,"GasA","Ex","Y","SBrkr",970,739,0,1709,0,0,2,0,3,1,"Other",7,"Other",0,"No fireplace","Other","Unf","2","TA","TA","Y",0,40,0,0,0,0,"No","No fence","None",0,5,2006,130000,40,2,2
"160","Other",24,2522,"Pave","No alley","Reg","Lvl","AllPub","Inside","Gtl","Edwards","Norm","Norm","Other","Other",6,5,2004,2006,"Gable","CompShg","VinylSd","VinylSd","Other",50,"Other","TA","PConc","Gd","TA","No","Unf",0,"Unf",0,970,970,"GasA","Ex","Y","SBrkr",970,739,0,1709,0,0,2,0,3,1,"Other",7,"Other",0,"No fireplace","Other","Unf","2","TA","TA","Y",0,40,0,0,0,0,"No","No fence","None",0,4,2006,130000,40,2,0
"160","Other",24,2522,"Pave","No alley","Reg","Lvl","AllPub","Inside","Gtl","Edwards","Norm","Norm","Other","Other",7,5,2004,2004,"Gable","CompShg","VinylSd","VinylSd","Other",50,"Other","TA","PConc","Gd","TA","No","Unf",0,"Unf",0,970,970,"GasA","Ex","Y","SBrkr",970,739,0,1709,0,0,2,0,3,1,"Other",7,"Other",0,"No fireplace","Other","Unf","2","TA","TA","Y",0,40,0,0,0,0,"No","No fence","None",0,4,2006,137500,40,2,2
"160","Other",32,3363,"Pave","No alley","Reg","Lvl","AllPub","Inside","Gtl","Edwards","Norm","Norm","Other","Other",7,5,2004,2004,"Gable","CompShg","VinylSd","VinylSd","Other",117,"Other","TA","PConc","Gd","TA","No","Unf",0,"Unf",0,976,976,"GasA","Ex","Y","SBrkr",976,732,0,1708,0,0,2,0,3,1,"Other",7,"Other",0,"No fireplace","Other","Unf","2","TA","TA","Y",0,40,0,0,0,0,"No","No fence","None",0,4,2006,130000,40,2,2
"50","RL",56,6956,"Pave","No alley","Reg","Lvl","AllPub","Inside","Gtl","Edwards","Norm","Norm","1Fam","Other",4,7,1948,1950,"Gable","CompShg","VinylSd","VinylSd","None",0,"TA","Other","CBlock","Other","TA","Other","Unf",0,"Unf",0,624,624,"GasA","Ex","Y","SBrkr",624,312,0,936,0,0,1,0,3,1,"TA",5,"Typ",0,"No fireplace","Attchd","Unf","Other","TA","Other","Y",0,0,0,0,0,0,"No","No fence","None",0,4,2006,97900,0,1,56
"50","RL",60,9738,"Pave","No alley","Reg","Lvl","AllPub","Inside","Gtl","Edwards","Norm","Norm","1Fam","Other",5,7,1924,1950,"Gable","CompShg","AsbShng","AsbShng","None",0,"TA","Other","Other","TA","TA","No","BLQ",392,"Unf",0,392,784,"GasA","Other","Y","SBrkr",949,272,0,1221,1,0,1,0,4,1,"TA",7,"Typ",0,"No fireplace","Attchd","Unf","Other","TA","TA","Y",0,0,236,0,0,0,"No","No fence","None",0,3,2006,104900,236,2,56
"20","RL",60,8172,"Pave","No alley","Reg","Lvl","AllPub","Inside","Gtl","Edwards","Norm","Norm","1Fam","1Story",5,7,1955,1990,"Other","CompShg","WdShing","Plywood","None",0,"TA","TA","CBlock","TA","TA","No","Rec",167,"Unf",0,697,864,"GasA","TA","Y","SBrkr",864,0,0,864,1,0,1,0,2,1,"TA",5,"Typ",0,"No fireplace","Other","Unf","2","TA","TA","Other",0,0,0,0,0,0,"No","No fence","None",0,4,2006,115000,0,2,16
"50","RL",45,8248,"Pave","Other","Reg","Lvl","AllPub","Inside","Gtl","Edwards","Norm","Norm","1Fam","Other",5,7,1918,1950,"Gable","CompShg","Stucco","Stucco","None",0,"TA","TA","Other","TA","TA","No","Unf",0,"Unf",0,686,686,"Other","Other","Y","SBrkr",686,564,0,1250,0,1,1,1,3,1,"Other",7,"Typ",0,"No fireplace","Other","Unf","Other","TA","TA","Other",207,0,96,0,0,0,"No","No fence","None",0,7,2006,116000,96,2,56
"75","RL",60,6204,"Pave","No alley","Reg","Other","AllPub","Inside","Gtl","SWISU","Norm","Norm","1Fam","Other",4,5,1912,1950,"Gable","CompShg","Wd Sdng","Wd Sdng","None",0,"Other","TA","PConc","TA","Other","No","Unf",0,"Unf",0,795,795,"GasA","TA","Other","SBrkr",954,795,481,2230,1,0,1,0,5,1,"TA",10,"Typ",0,"No fireplace","Other","Unf","Other","TA","Other","Y",0,188,0,0,0,0,"No","No fence","None",0,3,2006,118500,188,2,56
"30","RL",60,8088,"Pave","Other","Reg","Lvl","AllPub","Inside","Gtl","Edwards","Other","Norm","1Fam","1Story",2,3,1922,1955,"Gable","CompShg","MetalSd","MetalSd","None",0,"TA","TA","Other","TA","TA","No","Unf",0,"Unf",0,498,498,"GasA","TA","Other","Other",498,0,0,498,0,0,1,0,1,1,"TA",3,"Typ",0,"No fireplace","Other","Unf","Other","Other","Other","Other",0,0,100,0,0,0,"No","No fence","None",0,2,2006,35000,100,1,51
"50","RL",76,11388,"Pave","No alley","Reg","Other","AllPub","Inside","Other","Edwards","Norm","Norm","1Fam","Other",4,7,1910,1993,"Gable","CompShg","VinylSd","Wd Sdng","None",0,"TA","TA","Other","TA","TA","No","Unf",0,"Unf",0,616,616,"GasA","TA","Other","SBrkr",1055,218,0,1273,0,0,1,0,3,1,"Other",5,"Other",0,"No fireplace","Other","Unf","Other","TA","Other","Other",212,0,0,0,0,0,"No","No fence","None",0,9,2006,121000,0,1,13
"190","Other",0,7082,"Pave","No alley","Reg","Lvl","AllPub","Inside","Gtl","SWISU","Norm","Norm","Other","Other",5,8,1916,1995,"Gable","CompShg","VinylSd","VinylSd","None",0,"TA","TA","PConc","TA","TA","Other","Unf",0,"Unf",0,686,686,"GasA","Other","Y","SBrkr",948,980,0,1928,0,0,2,0,5,2,"TA",10,"Typ",0,"No fireplace","Other","Other","Other","Other","Other","Other",0,0,228,0,0,0,"No","No fence","None",0,7,2006,160000,228,2,11
"50","RL",60,8400,"Pave","No alley","Reg","Other","AllPub","Inside","Gtl","SWISU","Norm","Norm","1Fam","Other",6,5,1940,2000,"Gable","CompShg","Wd Sdng","MetalSd","None",0,"TA","TA","CBlock","TA","TA","No","Other",388,"Unf",0,552,940,"GasA","Ex","Y","SBrkr",1192,403,0,1595,0,0,1,0,2,1,"TA",6,"Typ",2,"Gd","Attchd","Unf","Other","TA","TA","Y",0,0,108,0,0,0,"No","No fence","None",0,6,2006,140000,108,1,6
"50","RL",60,10890,"Pave","No alley","Reg","Lvl","AllPub","Inside","Gtl","SWISU","Norm","Norm","1Fam","Other",5,5,1938,1950,"Gable","CompShg","MetalSd","MetalSd","None",0,"TA","TA","Other","Other","TA","No","Other",930,"Unf",0,128,1058,"GasA","TA","Y","SBrkr",1058,493,0,1551,1,0,2,0,3,1,"Other",6,"Typ",0,"No fireplace","Other","Unf","Other","Other","TA","Y",0,0,0,0,0,0,"No","Other","None",0,7,2006,137000,0,3,56
"70","RL",43,7000,"Pave","No alley","Reg","Lvl","AllPub","Inside","Gtl","SWISU","Other","Norm","1Fam","Other",7,8,1926,1997,"Gable","CompShg","Wd Sdng","Stucco","None",0,"TA","TA","Other","TA","TA","No","ALQ",424,"Unf",0,200,624,"GasA","Ex","Y","SBrkr",743,736,0,1479,1,0,1,0,3,1,"Other",6,"Typ",2,"Gd","Other","Unf","Other","TA","TA","Y",530,0,56,0,0,0,"No","Other","None",0,5,2006,160000,56,2,9
"70","RL",96,13132,"Pave","No alley","Reg","Lvl","AllPub","Inside","Gtl","Crawfor","Norm","Norm","1Fam","Other",5,5,1914,1950,"Gable","CompShg","Wd Sdng","Wd Sdng","None",0,"TA","TA","Other","Gd","TA","Other","Unf",0,"Unf",0,747,747,"GasA","Other","Y","Other",892,892,0,1784,0,0,1,1,4,1,"TA",9,"Typ",0,"No fireplace","Other","Unf","Other","Other","Other","Other",203,40,0,0,0,0,"No","No fence","None",0,7,2006,138887,40,1.5,56
"70","RL",69,4899,"Pave","No alley","Reg","Other","AllPub","Other","Gtl","SWISU","Norm","Norm","1Fam","Other",6,8,1920,1950,"Gable","CompShg","MetalSd","MetalSd","None",0,"TA","TA","PConc","TA","TA","No","BLQ",305,"Unf",0,450,755,"GasA","Ex","Y","SBrkr",755,755,0,1510,0,0,1,0,3,1,"TA",6,"Typ",0,"No fireplace","Other","Unf","Other","TA","TA","Y",0,0,164,0,0,0,"No","No fence","None",0,6,2006,149000,164,1,56
"50","RL",60,6000,"Pave","No alley","Reg","Lvl","AllPub","Inside","Gtl","SWISU","Norm","Norm","1Fam","Other",5,5,1926,1950,"Gable","CompShg","Wd Sdng","Wd Sdng","None",0,"TA","Other","Other","TA","TA","No","Unf",0,"Unf",0,1008,1008,"GasA","Ex","Y","SBrkr",1008,0,514,1522,0,0,2,0,4,1,"TA",7,"Typ",0,"No fireplace","Other","Other","Other","Other","Other","Other",0,0,138,0,0,0,"No","No fence","None",0,6,2006,102000,138,2,56
"70","RL",54,7588,"Pave","No alley","Reg","Lvl","AllPub","Inside","Gtl","Crawfor","Norm","Norm","1Fam","Other",7,6,1920,1950,"Gable","CompShg","Stucco","Stucco","None",0,"TA","TA","Other","Other","TA","No","Other",352,"Unf",0,441,793,"GasA","Other","Y","SBrkr",901,901,0,1802,0,0,1,1,4,1,"TA",9,"Typ",1,"Gd","Other","Unf","Other","Other","TA","Y",0,0,40,0,0,0,"No","No fence","None",0,7,2006,200100,40,1.5,56
"50","RL",84,10164,"Pave","No alley","Reg","Other","AllPub","Inside","Gtl","SWISU","Norm","Norm","1Fam","Other",5,5,1939,1950,"Gable","CompShg","VinylSd","VinylSd","None",0,"TA","TA","CBlock","TA","Other","Other","Other",646,"Unf",0,346,992,"GasA","Other","Y","SBrkr",992,473,0,1465,0,0,2,0,3,1,"TA",6,"Typ",2,"TA","Other","Unf","Other","TA","TA","Y",0,126,0,0,0,0,"No","No fence","None",0,7,2006,131000,126,2,56
"50","RL",51,6191,"Pave","No alley","Reg","Lvl","AllPub","Other","Gtl","SWISU","Norm","Norm","1Fam","Other",5,4,1941,1950,"Gable","CompShg","Wd Sdng","Wd Sdng","None",0,"TA","TA","CBlock","Other","Other","No","Other",384,"Unf",0,440,824,"GasA","TA","Other","SBrkr",824,464,0,1288,0,0,1,0,4,1,"TA",6,"Typ",0,"No fireplace","Other","Unf","Other","TA","TA","Y",0,0,0,0,0,0,"No","No fence","None",0,11,2006,112000,0,1,56
"50","RL",66,21780,"Pave","No alley","Reg","Lvl","AllPub","Inside","Gtl","Crawfor","Norm","Norm","1Fam","Other",6,5,1920,1950,"Gable","CompShg","Wd Sdng","Wd Shng","None",0,"TA","TA","PConc","TA","Other","No","Unf",0,"Unf",0,817,817,"GasA","Other","Y","Other",940,610,0,1550,0,0,1,1,3,1,"TA",7,"Other",1,"TA","Other","Unf","Other","TA","TA","Other",0,0,429,0,0,0,"No","Other","None",0,9,2006,195000,429,1.5,56
"70","RL",0,11435,"Pave","No alley","Other","Other","AllPub","Other","Other","Crawfor","Norm","Norm","1Fam","Other",8,7,1929,1950,"Gable","CompShg","BrkFace","Stucco","None",0,"TA","TA","PConc","Gd","TA","No","Unf",0,"Unf",0,792,792,"GasA","Other","Y","SBrkr",792,725,0,1517,0,0,1,0,3,1,"Other",7,"Typ",2,"Gd","Other","Unf","2","TA","TA","Y",0,0,0,0,0,0,"No","No fence","None",0,6,2006,230000,0,1,56
"50","RL",80,12400,"Pave","No alley","Reg","Other","AllPub","Inside","Other","Crawfor","Norm","Norm","1Fam","Other",5,6,1940,1950,"Gable","CompShg","Wd Sdng","Wd Sdng","None",0,"TA","TA","CBlock","Gd","TA","Other","BLQ",602,"Unf",0,299,901,"GasA","TA","Y","SBrkr",1125,592,0,1717,0,0,1,1,2,1,"TA",7,"Typ",1,"Gd","Attchd","Unf","Other","TA","TA","Y",0,0,0,0,113,0,"No","No fence","None",0,2,2006,194000,113,1.5,56
"30","RL",80,11600,"Pave","No alley","Reg","Lvl","AllPub","Inside","Gtl","Crawfor","Norm","Norm","1Fam","1Story",4,5,1922,1950,"Gable","CompShg","MetalSd","MetalSd","None",0,"TA","TA","Other","Other","TA","No","Unf",0,"Unf",0,700,700,"GasA","Ex","Y","SBrkr",1180,0,0,1180,0,0,1,0,2,1,"Other",5,"Typ",1,"Gd","Other","Unf","Other","TA","Other","Y",0,0,67,0,0,0,"No","No fence","None",0,7,2006,137500,67,1,56
"50","RL",86,11500,"Pave","No alley","Other","Lvl","AllPub","Inside","Gtl","Crawfor","Norm","Norm","1Fam","Other",7,7,1936,1987,"Gable","CompShg","BrkFace","BrkFace","None",0,"Other","TA","CBlock","Gd","TA","No","Rec",223,"Unf",0,794,1017,"GasA","Other","Y","SBrkr",1020,1037,0,2057,0,0,1,1,3,1,"Other",6,"Typ",1,"Gd","Attchd","Fin","Other","Other","TA","Y",0,0,0,0,322,0,"No","No fence","None",0,6,2006,250000,322,1.5,19
"50","RL",81,8170,"Pave","No alley","Other","Lvl","AllPub","Inside","Gtl","Crawfor","Norm","Norm","1Fam","Other",7,7,1929,1950,"Gable","CompShg","Stucco","Wd Sdng","Other",270,"Other","Other","Other","TA","TA","No","ALQ",526,"Unf",0,496,1022,"GasA","Ex","Y","Other",1122,549,0,1671,0,0,2,0,4,1,"TA",7,"Typ",1,"Gd","Other","Unf","2","TA","TA","Y",0,0,0,0,0,0,"No","No fence","None",0,2,2006,218000,0,2,56
"70","RL",80,16560,"Pave","No alley","Other","Lvl","AllPub","Inside","Gtl","Crawfor","Norm","Norm","1Fam","Other",6,8,1932,1950,"Gable","CompShg","Wd Sdng","Wd Sdng","None",0,"TA","TA","Other","Gd","TA","No","Rec",503,"Unf",0,449,952,"GasA","TA","Y","SBrkr",1170,1175,0,2345,0,0,2,1,4,1,"TA",9,"Typ",1,"Gd","Other","Unf","2","TA","TA","Y",0,0,0,0,0,0,"No","No fence","None",0,7,2006,239000,0,2.5,56
"70","RL",70,12320,"Pave","No alley","Other","Other","AllPub","Inside","Gtl","Crawfor","Norm","Norm","1Fam","Other",7,7,1932,1990,"Gable","CompShg","Wd Sdng","Wd Sdng","None",0,"TA","TA","Other","TA","TA","No","Unf",0,"Unf",0,637,637,"GasA","Ex","Y","SBrkr",959,650,0,1609,0,0,1,1,3,1,"Other",8,"Typ",2,"Gd","Other","Unf","Other","TA","TA","Y",0,0,0,0,104,0,"No","Other","None",0,5,2006,199500,104,1.5,16
"70","RL",70,14210,"Pave","No alley","Other","Lvl","AllPub","Inside","Gtl","Crawfor","Norm","Norm","1Fam","Other",6,7,1930,1959,"Gable","CompShg","Wd Sdng","Wd Sdng","None",0,"TA","TA","PConc","TA","TA","No","Unf",0,"Unf",0,697,697,"GasA","Ex","Y","SBrkr",1104,697,0,1801,0,0,1,1,3,1,"TA",8,"Typ",1,"Gd","Attchd","Unf","2","Other","TA","Y",0,90,0,0,0,0,"No","Other","None",0,11,2006,210000,90,1.5,47
"20","RL",80,12984,"Pave","No alley","Reg","Other","AllPub","Inside","Gtl","Crawfor","Norm","Norm","1Fam","1Story",5,6,1977,1977,"Gable","CompShg","Plywood","Plywood","Other",459,"TA","TA","CBlock","Gd","TA","Other","ALQ",1283,"Other",147,0,1430,"GasA","Ex","Y","SBrkr",1647,0,0,1647,1,0,2,0,3,1,"Other",7,"Typ",1,"TA","Attchd","Fin","2","TA","TA","Y",0,0,0,0,0,0,"No","No fence","None",0,3,2006,217500,0,3,29
"60","RL",78,15600,"Pave","No alley","Reg","Lvl","AllPub","Inside","Gtl","Crawfor","Norm","Norm","1Fam","Other",5,7,1950,1963,"Gable","CompShg","Wd Sdng","Wd Sdng","Other",405,"TA","Other","CBlock","Gd","TA","No","GLQ",760,"Unf",0,408,1168,"GasA","Other","Y","SBrkr",1278,1037,0,2315,1,0,2,0,4,1,"TA",9,"Typ",3,"Gd","Attchd","Fin","Other","TA","TA","Y",0,0,0,0,192,0,"No","No fence","None",0,7,2006,257000,192,3,43
"190","RL",90,15750,"Pave","No alley","Reg","Lvl","AllPub","Other","Gtl","Crawfor","Norm","Norm","Other","1Story",5,5,1953,1953,"Other","CompShg","MetalSd","MetalSd","Other",56,"TA","TA","CBlock","TA","TA","Other","BLQ",841,"Unf",0,324,1165,"GasA","TA","Y","SBrkr",1336,0,0,1336,1,0,1,0,2,1,"TA",5,"Typ",2,"Gd","Attchd","Unf","Other","TA","TA","Y",0,0,0,0,0,0,"No","No fence","None",0,6,2006,157000,0,2,53
"20","RL",0,16381,"Pave","No alley","Other","Lvl","AllPub","Inside","Gtl","Crawfor","Norm","Norm","1Fam","1Story",6,5,1969,1969,"Gable","CompShg","Plywood","Plywood","Other",312,"Other","Other","CBlock","TA","TA","Other","Rec",1110,"Unf",0,734,1844,"GasA","Other","Y","SBrkr",1844,0,0,1844,1,0,2,0,3,1,"Other",7,"Typ",1,"TA","Attchd","RFn","2","TA","TA","Y",0,73,216,0,0,0,"No","No fence","None",0,12,2006,223000,289,3,37
"50","Other",50,7000,"Pave","No alley","Reg","Lvl","AllPub","Inside","Gtl","IDOTRR","Norm","Norm","1Fam","Other",6,7,1926,1950,"Other","CompShg","MetalSd","MetalSd","None",0,"TA","TA","PConc","TA","TA","No","ALQ",374,"Unf",0,487,861,"GasA","Ex","Y","SBrkr",861,424,0,1285,0,1,1,0,3,1,"TA",6,"Typ",0,"No fireplace","Other","Fin","2","TA","TA","Y",96,0,132,0,0,0,"No","Other","None",0,5,2006,145400,132,1.5,56
"30","Other",61,8534,"Pave","No alley","Reg","Other","AllPub","Inside","Gtl","IDOTRR","Norm","Norm","1Fam","1Story",4,4,1925,1950,"Gable","CompShg","Wd Sdng","Wd Sdng","None",0,"TA","TA","Other","Other","TA","No","Unf",0,"Unf",0,432,432,"GasA","TA","Other","Other",672,0,0,672,0,0,1,0,2,1,"TA",4,"Other",0,"No fireplace","Other","Other","Other","Other","Other","Other",0,0,112,0,0,0,"No","Other","None",0,6,2006,72000,112,1,56
"30","Other",50,7030,"Pave","No alley","Reg","Lvl","AllPub","Inside","Gtl","IDOTRR","Norm","Norm","1Fam","1Story",4,6,1925,1950,"Gable","CompShg","MetalSd","MetalSd","None",0,"TA","TA","Other","TA","TA","No","Unf",0,"Unf",0,641,641,"GasA","Other","Y","SBrkr",641,0,0,641,0,0,1,0,2,1,"Other",4,"Typ",0,"No fireplace","Other","Unf","Other","TA","TA","Other",184,0,70,0,0,0,"No","Other","None",0,3,2006,85000,70,1,56
"50","Other",75,9060,"Pave","No alley","Reg","Lvl","AllPub","Inside","Gtl","IDOTRR","Norm","Norm","1Fam","Other",6,5,1957,1957,"Gable","CompShg","MetalSd","MetalSd","Other",327,"TA","TA","CBlock","TA","TA","No","Unf",0,"Unf",0,967,967,"GasA","Other","Y","SBrkr",967,671,0,1638,0,0,2,0,4,1,"Other",6,"Typ",0,"No fireplace","Other","Unf","Other","TA","TA","Y",0,21,0,0,0,0,"No","No fence","None",0,4,2006,139000,21,2,49
"120","Other",44,3842,"Pave","No alley","Other","Other","AllPub","Inside","Other","Crawfor","Norm","Norm","Other","1Story",8,5,2004,2005,"Other","CompShg","CemntBd","CmentBd","Other",186,"Other","TA","PConc","Other","TA","Other","GLQ",1564,"Unf",0,30,1594,"GasA","Ex","Y","SBrkr",1646,0,0,1646,1,1,2,0,2,1,"Other",5,"Typ",1,"Gd","Attchd","Fin","2","TA","TA","Y",128,53,0,0,155,0,"No","No fence","None",0,12,2006,300000,208,3.5,1
"20","RL",69,23580,"Pave","No alley","Other","Lvl","AllPub","Inside","Other","Mitchel","Norm","Norm","1Fam","1Story",6,6,1979,1979,"Gable","CompShg","Plywood","Plywood","None",0,"TA","TA","CBlock","Gd","TA","Other","GLQ",776,"Unf",0,849,1625,"GasA","TA","Y","SBrkr",1625,0,0,1625,0,1,2,0,3,1,"Other",6,"Typ",1,"TA","Attchd","Fin","2","TA","TA","Y",136,28,0,0,0,0,"No","No fence","None",0,9,2006,242500,28,2.5,27
"90","RL",65,8385,"Pave","No alley","Reg","Lvl","AllPub","Inside","Gtl","Mitchel","Norm","Norm","Other","1Story",6,5,1978,1978,"Gable","CompShg","Plywood","Plywood","None",0,"TA","TA","CBlock","TA","TA","Other","Unf",0,"Unf",0,1664,1664,"GasA","TA","Y","SBrkr",1664,0,0,1664,0,0,2,0,4,2,"TA",10,"Typ",0,"No fireplace","Other","Unf","2","TA","TA","Y",0,0,0,0,0,0,"No","No fence","None",0,10,2006,145000,0,2,28
"20","RL",70,9116,"Pave","No alley","Reg","Lvl","AllPub","Other","Gtl","Mitchel","Norm","Norm","1Fam","1Story",8,5,2001,2001,"Other","CompShg","VinylSd","VinylSd","None",0,"Other","TA","PConc","Other","TA","No","Unf",0,"Unf",0,1491,1491,"GasA","Ex","Y","SBrkr",1491,0,0,1491,0,0,2,0,3,1,"Other",7,"Typ",0,"No fireplace","Attchd","RFn","2","TA","TA","Y",120,100,0,0,0,0,"No","No fence","None",0,5,2006,209000,100,2,5
"90","RL",78,10530,"Pave","No alley","Reg","Lvl","AllPub","Inside","Gtl","Mitchel","Norm","Norm","Other","Other",6,5,1977,1977,"Gable","CompShg","Plywood","ImStucc","Other",90,"TA","TA","CBlock","Gd","TA","Other","GLQ",975,"Unf",0,0,975,"GasA","TA","Y","SBrkr",1004,0,0,1004,1,0,1,0,2,1,"TA",4,"Typ",0,"No fireplace","Attchd","Unf","2","TA","TA","Y",0,0,0,0,0,0,"No","No fence","None",0,5,2006,135000,0,2,29
"80","RL",140,11080,"Pave","No alley","Reg","Lvl","AllPub","Other","Gtl","Mitchel","Norm","Norm","1Fam","Other",6,6,1975,1975,"Gable","CompShg","Plywood","Plywood","Other",257,"TA","TA","CBlock","TA","TA","Other","GLQ",576,"Unf",0,552,1128,"GasA","TA","Y","SBrkr",1210,0,0,1210,1,0,2,0,3,1,"TA",6,"Typ",0,"No fireplace","Attchd","Unf","2","TA","TA","Y",0,0,0,0,0,0,"No","No fence","None",0,5,2006,148000,0,3,31
"60","RL",42,26178,"Pave","No alley","Other","Lvl","AllPub","Inside","Other","Timber","Norm","Norm","1Fam","Other",7,5,1989,1990,"Other","CompShg","MetalSd","MetalSd","Other",293,"Other","TA","PConc","Gd","TA","Other","GLQ",965,"Unf",0,245,1210,"GasA","Ex","Y","SBrkr",1238,1281,0,2519,1,0,2,1,4,1,"Other",9,"Typ",2,"Gd","Attchd","RFn","2","TA","TA","Y",320,27,0,0,0,0,"No","No fence","None",0,4,2006,335000,27,3.5,16
"120","Other",0,8239,"Pave","No alley","Other","Lvl","AllPub","Inside","Gtl","Other","Norm","Norm","Other","1Story",7,5,1986,1986,"Gable","CompShg","BrkFace","Wd Sdng","None",0,"Other","TA","CBlock","Other","Other","Other","Other",0,"Other",0,0,0,"GasA","Other","Y","SBrkr",1295,0,0,1295,0,0,2,0,2,1,"Other",5,"Typ",0,"No fireplace","Attchd","RFn","Other","TA","TA","Y",0,0,0,0,0,0,"No","No fence","None",0,11,2006,230000,0,2,20
"20","RL",0,16669,"Pave","No alley","Other","Lvl","AllPub","Other","Gtl","Timber","Norm","Norm","1Fam","1Story",8,6,1981,1981,"Other","Other","Plywood","Plywood","Other",653,"Other","TA","CBlock","Gd","TA","No","Unf",0,"Unf",0,1686,1686,"GasA","TA","Y","SBrkr",1707,0,0,1707,0,0,2,1,2,1,"TA",6,"Typ",1,"TA","Attchd","RFn","2","TA","TA","Y",574,64,0,0,0,0,"No","No fence","None",0,1,2006,228000,64,2.5,25
"20","RL",54,13811,"Pave","No alley","Other","Lvl","AllPub","Inside","Gtl","Timber","Norm","Norm","1Fam","1Story",6,6,1987,1987,"Gable","CompShg","HdBoard","HdBoard","Other",72,"TA","TA","CBlock","Gd","Other","No","GLQ",980,"Other",40,92,1112,"GasA","Other","Y","SBrkr",1137,0,0,1137,1,0,2,0,2,1,"Other",5,"Typ",1,"TA","Attchd","Unf","2","TA","TA","Y",125,0,0,0,0,0,"No","No fence","None",0,7,2006,176000,0,3,19
"20","RL",50,8049,"Pave","No alley","Other","Lvl","AllPub","Other","Gtl","Timber","Norm","Norm","1Fam","1Story",7,5,1990,1990,"Other","CompShg","HdBoard","HdBoard","Other",54,"TA","TA","CBlock","Gd","TA","No","ALQ",1053,"Unf",0,256,1309,"GasA","TA","Y","SBrkr",1339,0,0,1339,1,0,2,0,2,1,"TA",6,"Typ",1,"TA","Attchd","Fin","2","Other","Other","Y",0,58,0,0,90,0,"No","No fence","None",0,7,2006,180000,148,3,16
"60","RL",0,11170,"Pave","No alley","Other","Lvl","AllPub","Other","Gtl","Timber","Norm","Norm","1Fam","Other",7,5,1990,1991,"Gable","CompShg","MetalSd","MetalSd","None",0,"TA","TA","Other","Gd","TA","No","Other",1216,"Unf",0,0,1216,"GasA","Ex","Y","SBrkr",1298,1216,0,2514,0,0,2,1,4,1,"TA",8,"Typ",0,"No fireplace","Attchd","Fin","2","TA","TA","Y",0,0,0,0,0,0,"No","Other","None",0,4,2006,250000,0,2.5,15
"20","RL",0,8098,"Pave","No alley","Other","Lvl","AllPub","Inside","Gtl","Timber","Norm","Norm","1Fam","1Story",6,5,2000,2000,"Gable","CompShg","VinylSd","VinylSd","None",0,"Other","TA","Other","Gd","TA","Other","GLQ",1136,"Other",116,129,1381,"GasA","Ex","Y","SBrkr",1403,0,0,1403,1,0,2,0,2,1,"Other",5,"Typ",0,"No fireplace","Attchd","Unf","2","TA","TA","Y",0,173,0,0,0,0,"No","No fence","None",0,10,2006,202000,173,3,6
"20","RL",85,14331,"Pave","No alley","Reg","Lvl","AllPub","Inside","Gtl","Timber","Norm","Norm","1Fam","1Story",8,5,2002,2002,"Other","CompShg","VinylSd","VinylSd","Other",630,"Other","TA","PConc","Other","TA","Other","GLQ",1274,"Unf",0,526,1800,"GasA","Ex","Y","SBrkr",1800,0,0,1800,1,0,2,0,3,1,"Other",7,"Typ",1,"Gd","Attchd","Fin","Other","TA","TA","Y",270,78,0,0,0,0,"No","No fence","None",0,5,2006,312500,78,3,4
"90","Other",78,7020,"Pave","No alley","Reg","Lvl","AllPub","Inside","Gtl","Mitchel","Norm","Norm","Other","Other",7,5,1997,1997,"Gable","CompShg","MetalSd","MetalSd","Other",200,"TA","Other","PConc","Gd","TA","Other","GLQ",1243,"Unf",0,45,1288,"GasA","Other","Y","SBrkr",1368,0,0,1368,2,0,2,0,2,2,"TA",8,"Typ",0,"No fireplace","Attchd","Fin","Other","TA","TA","Y",0,48,0,0,0,0,"No","No fence","None",0,11,2006,215000,48,4,9
"120","Other",32,4500,"Pave","No alley","Reg","Lvl","AllPub","Other","Gtl","Mitchel","Norm","Norm","Other","1Story",6,5,1998,1998,"Other","CompShg","VinylSd","VinylSd","Other",116,"TA","TA","PConc","Other","TA","No","GLQ",897,"Unf",0,319,1216,"GasA","Ex","Y","SBrkr",1216,0,0,1216,1,0,2,0,2,1,"TA",5,"Typ",0,"No fireplace","Attchd","Unf","2","TA","TA","Y",0,125,0,0,0,0,"No","No fence","None",0,5,2006,164000,125,3,8
"120","Other",32,4500,"Pave","No alley","Reg","Lvl","AllPub","Other","Gtl","Mitchel","Norm","Norm","Other","1Story",6,5,1998,1998,"Other","CompShg","VinylSd","VinylSd","Other",443,"TA","Other","PConc","Other","Other","No","GLQ",1201,"Unf",0,36,1237,"GasA","Ex","Y","SBrkr",1337,0,0,1337,1,0,2,0,2,1,"TA",5,"Typ",0,"No fireplace","Attchd","Fin","2","TA","TA","Y",0,199,0,0,0,0,"No","No fence","None",0,3,2006,153500,199,3,8
"160","Other",41,2665,"Pave","No alley","Reg","Lvl","AllPub","Inside","Gtl","MeadowV","Norm","Norm","Other","Other",5,6,1977,1977,"Gable","CompShg","CemntBd","CmentBd","None",0,"TA","TA","PConc","Gd","TA","Other","Unf",0,"Unf",0,264,264,"GasA","TA","Y","SBrkr",616,688,0,1304,0,0,1,1,3,1,"TA",5,"Typ",1,"TA","Other","RFn","Other","TA","TA","Y",141,0,0,0,0,0,"No","No fence","None",0,5,2006,104500,0,1.5,29
"160","Other",41,2665,"Pave","No alley","Reg","Lvl","AllPub","Inside","Gtl","MeadowV","Norm","Norm","Other","Other",5,6,1977,1977,"Gable","CompShg","CemntBd","CmentBd","None",0,"TA","TA","PConc","TA","TA","No","ALQ",548,"Other",173,36,757,"GasA","Ex","Y","SBrkr",925,550,0,1475,0,0,2,0,4,1,"TA",6,"Typ",1,"TA","Attchd","RFn","Other","TA","TA","Y",104,26,0,0,0,0,"No","No fence","None",0,7,2006,127000,26,2,29
"160","Other",42,3964,"Pave","No alley","Reg","Lvl","AllPub","Inside","Gtl","MeadowV","Norm","Norm","Other","Other",6,4,1973,1973,"Gable","CompShg","CemntBd","CmentBd","None",0,"TA","TA","CBlock","Gd","TA","No","ALQ",837,"Unf",0,105,942,"GasA","Other","Y","SBrkr",1291,1230,0,2521,1,0,2,1,5,1,"TA",10,"Other",1,"Gd","Attchd","Fin","2","TA","TA","Y",728,20,0,0,0,0,"No","Other","None",0,6,2006,151400,20,3.5,33
"20","RL",58,10172,"Pave","No alley","Other","Lvl","AllPub","Inside","Gtl","Mitchel","Norm","Norm","1Fam","1Story",5,7,1968,2003,"Gable","CompShg","Plywood","Plywood","None",0,"TA","TA","CBlock","TA","TA","No","ALQ",441,"Unf",0,423,864,"GasA","Ex","Y","SBrkr",874,0,0,874,1,0,1,0,3,1,"TA",5,"Typ",0,"No fireplace","Attchd","RFn","Other","TA","TA","Y",0,120,0,0,0,0,"No","No fence","None",0,10,2006,126500,120,2,3
"90","RL",0,11836,"Pave","No alley","Other","Lvl","AllPub","Other","Gtl","Mitchel","Norm","Norm","Other","1Story",5,5,1970,1970,"Gable","CompShg","Plywood","Plywood","None",0,"TA","TA","CBlock","TA","TA","No","BLQ",149,"Unf",0,1503,1652,"GasA","TA","Y","SBrkr",1652,0,0,1652,0,0,2,0,4,2,"TA",8,"Typ",0,"No fireplace","Other","Unf","Other","TA","TA","Y",0,0,0,0,0,0,"No","No fence","None",0,3,2006,146500,0,2,36
"180","Other",21,1470,"Pave","No alley","Reg","Lvl","AllPub","Inside","Gtl","MeadowV","Norm","Norm","Other","Other",4,6,1970,1970,"Gable","CompShg","CemntBd","CmentBd","None",0,"TA","TA","CBlock","Gd","TA","Other","GLQ",522,"Unf",0,108,630,"GasA","TA","Y","SBrkr",630,0,0,630,1,0,1,0,1,1,"TA",3,"Typ",0,"No fireplace","Other","Other","Other","Other","Other","Y",0,0,0,0,0,0,"No","No fence","None",0,4,2006,73000,0,2,36
"160","Other",21,1484,"Pave","No alley","Reg","Lvl","AllPub","Inside","Gtl","MeadowV","Norm","Norm","Other","Other",4,4,1972,1972,"Gable","CompShg","CemntBd","CmentBd","None",0,"TA","TA","CBlock","TA","TA","No","Rec",252,"Unf",0,294,546,"GasA","TA","Y","SBrkr",546,546,0,1092,0,0,1,1,3,1,"TA",5,"Typ",0,"No fireplace","Attchd","Unf","Other","TA","Other","Y",0,0,0,0,0,0,"No","No fence","None",0,5,2006,79400,0,1.5,34
"20","RL",80,13384,"Pave","No alley","Reg","Lvl","AllPub","Inside","Other","Mitchel","Norm","Norm","1Fam","1Story",5,5,1969,1979,"Gable","CompShg","Plywood","Plywood","Other",194,"TA","TA","PConc","TA","TA","Other","Rec",119,"Other",344,641,1104,"GasA","Other","Y","SBrkr",1360,0,0,1360,1,0,1,0,3,1,"TA",8,"Typ",1,"TA","Attchd","RFn","Other","TA","TA","Y",160,0,0,0,0,0,"No","No fence","None",0,5,2006,140000,0,2,27
"160","Other",21,1526,"Pave","No alley","Reg","Lvl","AllPub","Inside","Gtl","MeadowV","Norm","Norm","Other","Other",4,5,1970,1970,"Gable","CompShg","CemntBd","CmentBd","None",0,"TA","TA","CBlock","TA","TA","No","Unf",0,"Unf",0,546,546,"GasA","TA","Y","SBrkr",546,546,0,1092,0,0,1,1,3,1,"TA",5,"Typ",0,"No fireplace","Other","Other","Other","Other","Other","Y",0,34,0,0,0,0,"No","Other","None",0,6,2006,79500,34,1.5,36
"160","Other",21,1936,"Pave","No alley","Reg","Lvl","AllPub","Inside","Gtl","MeadowV","Norm","Norm","Other","Other",4,7,1970,1970,"Gable","CompShg","CemntBd","CmentBd","None",0,"TA","TA","CBlock","TA","TA","No","Unf",0,"Unf",0,546,546,"GasA","Other","Y","SBrkr",546,546,0,1092,0,0,1,1,3,1,"TA",5,"Typ",0,"No fireplace","Other","Other","Other","Other","Other","Y",0,0,0,0,0,0,"No","No fence","None",0,6,2006,90500,0,1.5,36
"90","RL",55,12640,"Pave","No alley","Other","Lvl","AllPub","Inside","Gtl","Mitchel","Norm","Norm","Other","1Story",6,5,1976,1976,"Gable","CompShg","Plywood","Plywood","None",0,"TA","TA","CBlock","TA","TA","Other","Rec",936,"Other",396,396,1728,"GasA","TA","Y","SBrkr",1728,0,0,1728,0,0,2,0,4,2,"TA",8,"Typ",0,"No fireplace","Attchd","Unf","2","TA","TA","Y",40,0,0,0,0,0,"No","No fence","None",0,7,2006,150900,0,2,30
"20","RL",80,17400,"Pave","No alley","Reg","Other","AllPub","Inside","Other","Mitchel","Norm","Norm","1Fam","1Story",5,5,1977,1977,"Gable","CompShg","BrkFace","BrkFace","None",0,"TA","TA","CBlock","TA","TA","No","ALQ",936,"Unf",0,190,1126,"GasA","Other","Y","SBrkr",1126,0,0,1126,1,0,2,0,3,1,"TA",5,"Typ",1,"Gd","Attchd","RFn","2","TA","TA","Other",295,41,0,0,0,0,"No","No fence","None",0,5,2006,160000,41,3,29
"80","RL",37,7937,"Pave","No alley","Other","Lvl","AllPub","Other","Gtl","Mitchel","Norm","Norm","1Fam","Other",6,6,1984,1984,"Gable","CompShg","HdBoard","HdBoard","None",0,"TA","TA","CBlock","TA","TA","Other","GLQ",819,"Unf",0,184,1003,"GasA","TA","Y","SBrkr",1003,0,0,1003,1,0,1,0,3,1,"TA",6,"Typ",0,"No fireplace","Other","Unf","2","TA","TA","Y",120,0,0,0,0,0,"No","Other","None",0,3,2006,142500,0,2,22
"20","RL",0,8885,"Pave","No alley","Other","Other","AllPub","Inside","Other","Mitchel","Norm","Norm","1Fam","1Story",5,5,1983,1983,"Gable","CompShg","HdBoard","HdBoard","None",0,"TA","TA","CBlock","Gd","TA","Other","BLQ",301,"Other",324,239,864,"GasA","TA","Y","SBrkr",902,0,0,902,1,0,1,0,2,1,"TA",5,"Typ",0,"No fireplace","Attchd","Unf","2","TA","TA","Y",164,0,0,0,0,0,"No","Other","None",0,6,2006,131000,0,2,23
"85","RL",62,10441,"Pave","No alley","Reg","Lvl","AllPub","Inside","Gtl","Mitchel","Norm","Norm","1Fam","Other",5,5,1992,1992,"Gable","CompShg","HdBoard","Wd Shng","None",0,"TA","TA","PConc","Gd","TA","Other","GLQ",337,"Unf",0,575,912,"GasA","TA","Y","SBrkr",970,0,0,970,0,1,1,0,3,1,"TA",6,"Typ",0,"No fireplace","Other","Other","Other","Other","Other","Y",80,32,0,0,0,0,"No","Other","Other",700,7,2006,132000,32,1.5,14
"20","RL",77,10010,"Pave","No alley","Reg","Lvl","AllPub","Inside","Other","Mitchel","Norm","Norm","1Fam","1Story",5,5,1974,1975,"Gable","CompShg","HdBoard","HdBoard","None",0,"TA","TA","CBlock","Gd","TA","Other","ALQ",1071,"Other",123,195,1389,"GasA","Other","Y","SBrkr",1389,0,0,1389,1,0,1,0,2,1,"TA",6,"Typ",1,"TA","Attchd","RFn","2","TA","TA","Y",240,38,0,0,0,0,"No","No fence","None",0,4,2006,170000,38,2,31
"60","RL",74,9627,"Pave","No alley","Reg","Lvl","AllPub","Inside","Other","Mitchel","Norm","Norm","1Fam","Other",7,5,1993,1994,"Gable","CompShg","HdBoard","HdBoard","Other",94,"TA","TA","PConc","Gd","TA","Other","Other",758,"Unf",0,238,996,"GasA","Ex","Y","SBrkr",996,1004,0,2000,0,0,2,1,3,1,"TA",9,"Typ",1,"TA","Attchd","Fin","Other","TA","TA","Y",190,48,0,0,0,0,"No","No fence","None",0,11,2006,188000,48,2.5,12
